"Date","Price","Open","High","Low","Vol.","Change %"
"Nov 25, 2022","20,680.0","20,700.0","20,700.0","20,420.0","2.24M","0.98%"
"Nov 24, 2022","20,480.0","20,360.0","20,490.0","19,980.0","4.34M","1.39%"
"Nov 23, 2022","20,200.0","20,350.0","20,500.0","20,100.0","2.45M","-0.74%"
"Nov 22, 2022","20,350.0","20,390.0","20,880.0","20,030.0","3.76M","0.10%"
"Nov 21, 2022","20,330.0","20,250.0","21,050.0","20,250.0","3.47M","-3.42%"
"Nov 18, 2022","21,050.0","21,200.0","21,800.0","20,200.0","2.78M","-1.50%"
"Nov 17, 2022","21,370.0","20,700.0","21,400.0","20,200.0","3.58M","5.27%"
"Nov 16, 2022","20,300.0","18,680.0","20,300.0","17,790.0","4.74M","6.28%"
"Nov 15, 2022","19,100.0","20,480.0","20,480.0","19,060.0","3.42M","-6.78%"
"Nov 14, 2022","20,490.0","20,580.0","21,100.0","19,640.0","3.20M","-0.53%"
"Nov 11, 2022","20,600.0","20,280.0","20,780.0","20,280.0","4.12M","3.73%"
"Nov 10, 2022","19,860.0","21,190.0","21,190.0","19,720.0","1.18M","-6.32%"
"Nov 09, 2022","21,200.0","21,250.0","22,000.0","21,000.0","811.70K","-0.24%"
"Nov 08, 2022","21,250.0","20,950.0","21,450.0","20,570.0","1.28M","1.48%"
"Nov 07, 2022","20,940.0","21,950.0","21,950.0","20,650.0","2.62M","-3.94%"
"Nov 04, 2022","21,800.0","21,750.0","22,000.0","21,000.0","1.46M","-1.80%"
"Nov 03, 2022","22,200.0","22,020.0","22,300.0","21,900.0","203.60K","0.68%"
"Nov 02, 2022","22,050.0","22,400.0","22,430.0","22,050.0","302.60K","-1.78%"
"Nov 01, 2022","22,450.0","22,240.0","22,770.0","22,240.0","262.60K","0.90%"
"Oct 31, 2022","22,250.0","22,650.0","22,750.0","21,810.0","564.50K","-1.20%"
"Oct 28, 2022","22,520.0","22,500.0","22,810.0","22,370.0","1.34M","0.67%"
"Oct 27, 2022","22,370.0","21,500.0","22,370.0","21,500.0","1.24M","4.05%"
"Oct 26, 2022","21,500.0","22,000.0","22,000.0","21,350.0","805.90K","0.28%"
"Oct 25, 2022","21,440.0","20,600.0","21,860.0","20,450.0","2.48M","2.78%"
"Oct 24, 2022","20,860.0","21,730.0","22,500.0","20,780.0","943.50K","-3.87%"
"Oct 21, 2022","21,700.0","23,000.0","23,000.0","21,500.0","3.80M","-6.02%"
"Oct 20, 2022","23,090.0","22,960.0","23,160.0","22,500.0","733.70K","0.96%"
"Oct 19, 2022","22,870.0","22,510.0","23,020.0","22,510.0","2.03M","0.31%"
"Oct 18, 2022","22,800.0","22,730.0","23,170.0","22,730.0","1.57M","0.75%"
"Oct 17, 2022","22,630.0","22,500.0","22,630.0","22,260.0","1.09M","-0.31%"
"Oct 14, 2022","22,700.0","22,500.0","22,910.0","22,500.0","1.83M","1.89%"
"Oct 13, 2022","22,280.0","21,960.0","22,290.0","21,930.0","1.63M","1.50%"
"Oct 12, 2022","21,950.0","21,530.0","22,380.0","21,430.0","2.64M","2.81%"
"Oct 11, 2022","21,350.0","22,340.0","22,370.0","21,230.0","2.55M","-6.36%"
"Oct 10, 2022","22,800.0","21,500.0","22,800.0","21,500.0","1.52M","3.64%"
"Oct 07, 2022","22,000.0","22,870.0","22,870.0","21,910.0","2.51M","-4.35%"
"Oct 06, 2022","23,000.0","24,090.0","24,090.0","23,000.0","1.86M","-4.09%"
"Oct 05, 2022","23,980.0","23,900.0","24,000.0","23,580.0","2.19M","1.70%"
"Oct 04, 2022","23,580.0","23,810.0","23,820.0","23,210.0","1.60M","-0.92%"
"Oct 03, 2022","23,800.0","25,000.0","25,000.0","23,720.0","1.18M","-6.67%"
"Sep 30, 2022","25,500.0","24,900.0","25,500.0","23,990.0","1.82M","3.16%"
"Sep 29, 2022","24,720.0","24,960.0","25,050.0","24,710.0","868.10K","-0.20%"
"Sep 28, 2022","24,770.0","25,120.0","25,120.0","24,700.0","1.97M","-1.59%"
"Sep 27, 2022","25,170.0","25,090.0","25,320.0","25,000.0","500.80K","0.04%"
"Sep 26, 2022","25,160.0","25,580.0","25,580.0","24,800.0","1.23M","-2.10%"
"Sep 23, 2022","25,700.0","26,170.0","26,170.0","25,700.0","801.10K","-1.57%"
"Sep 22, 2022","26,110.0","26,090.0","26,220.0","25,800.0","1.15M","-0.08%"
"Sep 21, 2022","26,130.0","26,380.0","26,380.0","25,950.0","904.00K","-0.76%"
"Sep 20, 2022","26,330.0","26,310.0","26,330.0","25,930.0","5.30M","0.50%"
"Sep 19, 2022","26,200.0","26,330.0","26,650.0","26,000.0","559.00K","-1.80%"
"Sep 16, 2022","26,680.0","26,880.0","26,910.0","26,320.0","2.63M","-0.78%"
"Sep 15, 2022","26,890.0","26,800.0","26,990.0","26,660.0","2.92M","0.34%"
"Sep 14, 2022","26,800.0","26,650.0","26,900.0","26,500.0","653.10K","-1.47%"
"Sep 13, 2022","27,200.0","26,980.0","27,200.0","26,880.0","2.55M","0.82%"
"Sep 12, 2022","26,980.0","27,500.0","27,500.0","26,900.0","1.34M","-0.07%"
"Sep 09, 2022","27,000.0","26,760.0","27,000.0","26,600.0","1.27M","0.90%"
"Sep 08, 2022","26,760.0","26,900.0","27,050.0","26,660.0","967.40K","-0.52%"
"Sep 07, 2022","26,900.0","27,500.0","27,500.0","26,900.0","891.10K","-2.50%"
"Sep 06, 2022","27,590.0","27,500.0","27,650.0","27,450.0","1.28M","0.33%"
"Sep 05, 2022","27,500.0","27,800.0","27,800.0","27,420.0","1.44M","-1.08%"
"Aug 31, 2022","27,800.0","27,720.0","27,800.0","27,440.0","1.34M","0.29%"
"Aug 30, 2022","27,720.0","27,700.0","27,850.0","27,510.0","878.70K","0.95%"
"Aug 29, 2022","27,460.0","27,400.0","27,500.0","27,100.0","1.64M","-0.72%"
"Aug 26, 2022","27,660.0","27,610.0","28,020.0","27,610.0","1.18M","0.40%"
"Aug 25, 2022","27,550.0","27,410.0","27,600.0","27,320.0","300.10K","1.21%"
"Aug 24, 2022","27,220.0","27,150.0","27,400.0","27,150.0","528.30K","0.26%"
"Aug 23, 2022","27,150.0","26,900.0","27,150.0","26,840.0","1.22M","0.41%"
"Aug 22, 2022","27,040.0","26,950.0","27,090.0","26,790.0","1.04M","0.52%"
"Aug 19, 2022","26,900.0","27,070.0","27,130.0","26,750.0","341.10K","-0.74%"
"Aug 18, 2022","27,100.0","27,100.0","27,160.0","26,990.0","936.60K","-0.99%"
"Aug 17, 2022","27,370.0","27,100.0","27,370.0","27,100.0","596.40K","1.00%"
"Aug 16, 2022","27,100.0","26,990.0","27,290.0","26,990.0","1.17M","0.41%"
"Aug 15, 2022","26,990.0","26,850.0","27,080.0","24,790.0","2.66M","1.28%"
"Aug 12, 2022","26,650.0","26,660.0","26,690.0","26,470.0","963.60K","0.00%"
"Aug 11, 2022","26,650.0","27,020.0","27,020.0","26,530.0","724.70K","-0.82%"
"Aug 10, 2022","26,870.0","26,880.0","26,920.0","26,700.0","1.26M","0.00%"
"Aug 09, 2022","26,870.0","26,740.0","27,000.0","26,600.0","468.80K","0.45%"
"Aug 08, 2022","26,750.0","26,560.0","26,810.0","26,500.0","1.50M","0.94%"
"Aug 05, 2022","26,500.0","26,510.0","26,670.0","26,360.0","1.08M","-0.08%"
"Aug 04, 2022","26,520.0","26,400.0","26,700.0","26,380.0","1.42M","0.45%"
"Aug 03, 2022","26,400.0","26,000.0","26,400.0","26,000.0","2.61M","-0.08%"
"Aug 02, 2022","26,420.0","26,340.0","26,440.0","26,100.0","1.99M","0.27%"
"Aug 01, 2022","26,350.0","26,350.0","26,350.0","25,920.0","1.31M","-0.19%"
"Jul 29, 2022","26,400.0","26,160.0","26,400.0","25,820.0","495.80K","1.23%"
"Jul 28, 2022","26,080.0","26,090.0","26,270.0","26,010.0","525.90K","0.66%"
"Jul 27, 2022","25,910.0","25,800.0","25,910.0","25,610.0","246.90K","-0.38%"
"Jul 26, 2022","26,010.0","26,010.0","26,070.0","25,720.0","889.40K","-0.34%"
"Jul 25, 2022","26,100.0","26,390.0","26,390.0","25,870.0","1.00M","-1.14%"
"Jul 22, 2022","26,400.0","26,350.0","26,550.0","26,260.0","2.23M","0.61%"
"Jul 21, 2022","26,240.0","26,040.0","26,300.0","26,010.0","1.77M","1.31%"
"Jul 20, 2022","25,900.0","25,750.0","26,140.0","25,610.0","1.36M","1.57%"
"Jul 19, 2022","25,500.0","25,730.0","25,750.0","25,400.0","2.36M","-0.78%"
"Jul 18, 2022","25,700.0","25,530.0","25,850.0","25,530.0","608.90K","0.67%"
"Jul 15, 2022","25,530.0","25,900.0","25,900.0","25,530.0","574.20K","-1.69%"
"Jul 14, 2022","25,970.0","25,640.0","25,970.0","25,480.0","1.06M","1.25%"
"Jul 13, 2022","25,650.0","25,900.0","25,930.0","25,650.0","1.91M","0.27%"
"Jul 12, 2022","25,580.0","25,500.0","25,820.0","25,400.0","2.80M","-0.23%"
"Jul 11, 2022","25,640.0","26,000.0","26,000.0","25,350.0","957.70K","-1.76%"
"Jul 08, 2022","26,100.0","26,390.0","26,410.0","26,000.0","1.10M","-1.51%"
"Jul 07, 2022","26,500.0","25,720.0","26,500.0","25,520.0","1.62M","3.03%"
"Jul 06, 2022","25,720.0","26,300.0","26,300.0","25,720.0","11.66M","-2.21%"
"Jul 05, 2022","26,300.0","26,850.0","27,000.0","26,300.0","2.33M","-2.05%"
"Jul 04, 2022","26,850.0","27,500.0","27,500.0","26,800.0","1.06M","-0.56%"
"Jul 01, 2022","27,000.0","27,500.0","27,500.0","26,660.0","2.41M","-2.14%"
"Jun 30, 2022","27,590.0","27,510.0","27,800.0","27,390.0","905.30K","-0.40%"
"Jun 29, 2022","27,700.0","27,340.0","27,700.0","27,240.0","1.21M","0.18%"
"Jun 28, 2022","27,650.0","27,290.0","27,660.0","27,170.0","1.55M","1.95%"
"Jun 27, 2022","27,120.0","26,800.0","27,320.0","26,800.0","787.80K","1.19%"
"Jun 24, 2022","26,800.0","26,960.0","27,090.0","26,780.0","885.70K","-1.43%"
"Jun 23, 2022","27,190.0","26,300.0","27,330.0","26,090.0","1.52M","0.78%"
"Jun 22, 2022","26,980.0","26,760.0","27,430.0","26,250.0","2.76M","0.30%"
"Jun 21, 2022","26,900.0","26,900.0","27,140.0","26,550.0","2.37M","-0.55%"
"Jun 20, 2022","27,050.0","27,730.0","27,850.0","26,980.0","1.34M","-2.45%"
"Jun 17, 2022","27,730.0","27,500.0","28,000.0","26,950.0","2.10M","-1.74%"
"Jun 16, 2022","28,220.0","27,650.0","28,240.0","27,650.0","2.13M","2.28%"
"Jun 15, 2022","27,590.0","27,140.0","27,600.0","27,140.0","482.30K","0.33%"
"Jun 14, 2022","27,500.0","26,500.0","27,500.0","26,340.0","2.11M","1.29%"
"Jun 13, 2022","27,150.0","28,300.0","28,300.0","26,800.0","11.37M","-5.73%"
"Jun 10, 2022","28,800.0","29,000.0","29,400.0","28,790.0","1.14M","-2.04%"
"Jun 09, 2022","29,400.0","29,480.0","29,490.0","29,110.0","1.39M","-0.27%"
"Jun 08, 2022","29,480.0","29,150.0","29,500.0","29,100.0","2.53M","2.36%"
"Jun 07, 2022","28,800.0","29,190.0","29,190.0","28,100.0","9.99M","0.00%"
"Jun 06, 2022","28,800.0","28,900.0","29,240.0","28,790.0","1.61M","-0.35%"
"Jun 03, 2022","28,900.0","28,410.0","28,900.0","28,350.0","639.30K","1.65%"
"Jun 02, 2022","28,430.0","28,570.0","28,940.0","28,350.0","1.12M","0.28%"
"Jun 01, 2022","28,350.0","28,100.0","28,450.0","28,000.0","260.90K","1.25%"
"May 31, 2022","28,000.0","27,820.0","28,500.0","27,820.0","2.40M","-1.75%"
"May 30, 2022","28,500.0","28,430.0","29,200.0","28,260.0","6.09M","-0.70%"
"May 27, 2022","28,700.0","27,480.0","28,700.0","27,300.0","3.17M","4.36%"
"May 26, 2022","27,500.0","26,800.0","27,500.0","26,700.0","11.21M","1.51%"
"May 25, 2022","27,090.0","26,090.0","27,260.0","26,070.0","1.31M","4.63%"
"May 24, 2022","25,890.0","25,500.0","25,890.0","25,320.0","1.26M","1.93%"
"May 23, 2022","25,400.0","26,100.0","26,130.0","25,340.0","2.03M","-2.79%"
"May 20, 2022","26,130.0","26,200.0","27,200.0","25,760.0","3.14M","-4.98%"
"May 19, 2022","27,500.0","25,630.0","27,500.0","25,280.0","494.80K","5.16%"
"May 18, 2022","26,150.0","26,000.0","26,260.0","25,650.0","1.43M","0.58%"
"May 17, 2022","26,000.0","24,500.0","26,210.0","23,930.0","2.11M","6.12%"
"May 16, 2022","24,500.0","26,190.0","26,200.0","24,410.0","1.23M","-3.88%"
"May 13, 2022","25,490.0","26,000.0","27,000.0","25,100.0","1.95M","-2.34%"
"May 12, 2022","26,100.0","27,400.0","27,400.0","26,050.0","853.30K","-5.61%"
"May 11, 2022","27,650.0","27,000.0","27,650.0","26,550.0","2.12M","3.91%"
"May 10, 2022","26,610.0","26,300.0","26,650.0","25,450.0","2.39M","1.18%"
"May 09, 2022","26,300.0","28,060.0","28,060.0","26,130.0","3.39M","-6.34%"
"May 06, 2022","28,080.0","28,300.0","28,600.0","28,080.0","484.60K","-1.82%"
"May 05, 2022","28,600.0","29,000.0","29,190.0","28,600.0","214.20K","0.00%"
"May 04, 2022","28,600.0","28,940.0","29,150.0","28,600.0","361.80K","-0.87%"
"Apr 29, 2022","28,850.0","28,390.0","29,200.0","28,110.0","718.10K","1.58%"
"Apr 28, 2022","28,400.0","28,400.0","28,650.0","28,060.0","851.60K","0.00%"
"Apr 27, 2022","28,400.0","28,400.0","28,600.0","28,100.0","640.10K","0.07%"
"Apr 26, 2022","28,380.0","27,060.0","28,410.0","26,000.0","2.39M","3.20%"
"Apr 25, 2022","27,500.0","29,200.0","29,360.0","27,230.0","2.30M","-5.82%"
"Apr 22, 2022","29,200.0","29,800.0","30,000.0","28,650.0","2.37M","-2.01%"
"Apr 21, 2022","29,800.0","29,950.0","29,950.0","29,100.0","1.42M","-0.67%"
"Apr 20, 2022","30,000.0","29,800.0","30,300.0","29,340.0","1.80M","0.67%"
"Apr 19, 2022","29,800.0","30,600.0","30,620.0","29,790.0","1.13M","-2.61%"
"Apr 18, 2022","30,600.0","30,880.0","31,000.0","30,230.0","1.31M","-0.94%"
"Apr 15, 2022","30,890.0","30,990.0","31,200.0","30,380.0","334.30K","-0.61%"
"Apr 14, 2022","31,080.0","30,990.0","31,120.0","30,650.0","428.30K","0.91%"
"Apr 13, 2022","30,800.0","30,150.0","30,800.0","29,900.0","490.40K","2.67%"
"Apr 12, 2022","30,000.0","30,690.0","30,700.0","29,800.0","840.70K","-2.25%"
"Apr 08, 2022","30,690.0","31,000.0","31,050.0","30,280.0","757.30K","0.13%"
"Apr 07, 2022","30,650.0","31,800.0","31,800.0","30,650.0","1.28M","-4.07%"
"Apr 06, 2022","31,950.0","31,700.0","31,950.0","30,680.0","886.60K","-0.31%"
"Apr 05, 2022","32,050.0","31,110.0","32,100.0","30,800.0","1.72M","-0.62%"
"Apr 04, 2022","32,250.0","31,460.0","32,250.0","30,740.0","2.40M","4.13%"
"Apr 01, 2022","30,970.0","30,280.0","30,970.0","29,830.0","2.93M","2.96%"
"Mar 31, 2022","30,080.0","29,950.0","30,100.0","29,600.0","779.00K","1.62%"
"Mar 30, 2022","29,600.0","29,520.0","29,990.0","29,520.0","1.18M","0.27%"
"Mar 29, 2022","29,520.0","29,100.0","29,620.0","29,100.0","1.42M","1.44%"
"Mar 28, 2022","29,100.0","28,990.0","29,100.0","28,750.0","831.70K","0.34%"
"Mar 25, 2022","29,000.0","28,650.0","29,050.0","28,650.0","2.77M","1.22%"
"Mar 24, 2022","28,650.0","28,600.0","28,800.0","28,470.0","830.90K","3.43%"
"Mar 23, 2022","27,700.0","28,720.0","29,000.0","27,700.0","8.27M","-3.65%"
"Mar 22, 2022","28,750.0","28,500.0","28,820.0","28,500.0","590.60K","0.88%"
"Mar 21, 2022","28,500.0","28,060.0","28,500.0","28,060.0","333.10K","0.96%"
"Mar 18, 2022","28,230.0","28,180.0","28,270.0","28,070.0","157.10K","0.18%"
"Mar 17, 2022","28,180.0","27,800.0","29,500.0","27,800.0","1.13M","1.37%"
"Mar 16, 2022","27,800.0","27,650.0","27,950.0","27,650.0","1.25M","0.72%"
"Mar 15, 2022","27,600.0","27,400.0","27,650.0","27,350.0","3.24M","0.55%"
"Mar 14, 2022","27,450.0","28,000.0","28,000.0","27,450.0","1.62M","-1.96%"
"Mar 11, 2022","28,000.0","28,400.0","28,400.0","27,880.0","580.60K","-1.58%"
"Mar 10, 2022","28,450.0","28,500.0","28,510.0","28,210.0","335.10K","0.18%"
"Mar 09, 2022","28,400.0","28,450.0","28,450.0","28,110.0","825.00K","0.89%"
"Mar 08, 2022","28,150.0","28,490.0","28,490.0","28,150.0","2.96M","-1.23%"
"Mar 07, 2022","28,500.0","28,650.0","28,650.0","28,060.0","12.43M","-0.35%"
"Mar 04, 2022","28,600.0","29,000.0","29,000.0","28,500.0","1.29M","-0.66%"
"Mar 03, 2022","28,790.0","28,300.0","28,790.0","28,100.0","448.40K","2.46%"
"Mar 02, 2022","28,100.0","28,810.0","28,810.0","28,100.0","3.73M","-2.43%"
"Mar 01, 2022","28,800.0","28,800.0","28,920.0","28,690.0","764.60K","-2.37%"
"Feb 28, 2022","29,500.0","29,500.0","29,500.0","28,680.0","520.50K","0.00%"
"Feb 25, 2022","29,500.0","29,000.0","29,500.0","28,880.0","1.48M","2.43%"
"Feb 24, 2022","28,800.0","28,760.0","29,700.0","28,490.0","1.73M","-3.13%"
"Feb 23, 2022","29,730.0","28,800.0","30,020.0","28,650.0","961.40K","3.77%"
"Feb 22, 2022","28,650.0","28,370.0","28,790.0","28,220.0","560.50K","0.53%"
"Feb 21, 2022","28,500.0","28,570.0","28,600.0","28,320.0","6.12M","0.00%"
"Feb 18, 2022","28,500.0","28,500.0","28,580.0","28,370.0","968.20K","0.00%"
"Feb 17, 2022","28,500.0","28,600.0","28,600.0","28,330.0","528.00K","0.00%"
"Feb 16, 2022","28,500.0","28,500.0","28,500.0","28,200.0","700.50K","0.00%"
"Feb 15, 2022","28,500.0","28,330.0","28,500.0","27,970.0","861.30K","0.18%"
"Feb 14, 2022","28,450.0","28,680.0","28,680.0","28,220.0","372.60K","-0.80%"
"Feb 11, 2022","28,680.0","28,550.0","28,680.0","28,420.0","604.10K","0.99%"
"Feb 10, 2022","28,400.0","28,800.0","28,800.0","28,300.0","8.29M","-0.98%"
"Feb 09, 2022","28,680.0","28,760.0","28,860.0","28,630.0","8.80M","-0.62%"
"Feb 08, 2022","28,860.0","28,450.0","28,860.0","28,300.0","1.24M","1.69%"
"Feb 07, 2022","28,380.0","28,500.0","28,510.0","28,300.0","682.50K","1.72%"
"Jan 28, 2022","27,900.0","27,600.0","28,040.0","27,600.0","872.00K","1.09%"
"Jan 27, 2022","27,600.0","27,980.0","27,980.0","26,310.0","847.60K","-1.08%"
"Jan 26, 2022","27,900.0","27,420.0","27,900.0","27,420.0","1.23M","1.82%"
"Jan 25, 2022","27,400.0","27,090.0","27,500.0","26,820.0","565.90K","1.14%"
"Jan 24, 2022","27,090.0","27,330.0","27,370.0","26,840.0","1.31M","-0.15%"
"Jan 21, 2022","27,130.0","27,300.0","27,450.0","27,100.0","815.10K","0.11%"
"Jan 20, 2022","27,100.0","27,150.0","27,230.0","26,800.0","1.12M","0.00%"
"Jan 19, 2022","27,100.0","26,700.0","27,200.0","26,700.0","991.10K","1.54%"
"Jan 18, 2022","26,690.0","26,700.0","26,990.0","26,560.0","1.52M","-0.04%"
"Jan 17, 2022","26,700.0","27,760.0","27,760.0","26,700.0","922.30K","-3.40%"
"Jan 14, 2022","27,640.0","27,500.0","27,900.0","27,450.0","753.70K","-0.32%"
"Jan 13, 2022","27,730.0","28,080.0","28,080.0","27,640.0","1.12M","-0.25%"
"Jan 12, 2022","27,800.0","27,300.0","27,800.0","26,870.0","1.20M","1.46%"
"Jan 11, 2022","27,400.0","27,400.0","27,600.0","27,150.0","959.70K","-0.54%"
"Jan 10, 2022","27,550.0","28,100.0","28,100.0","27,500.0","831.40K","-2.75%"
"Jan 07, 2022","28,330.0","28,040.0","28,330.0","27,870.0","1.89M","1.72%"
"Jan 06, 2022","27,850.0","28,040.0","28,280.0","27,850.0","1.36M","-0.64%"
"Jan 05, 2022","28,030.0","28,590.0","28,590.0","28,030.0","1.07M","-1.99%"
"Jan 04, 2022","28,600.0","28,470.0","28,600.0","28,200.0","1.28M","1.96%"
"Dec 31, 2021","28,050.0","27,710.0","28,100.0","27,710.0","1.77M","0.90%"
"Dec 30, 2021","27,800.0","27,620.0","27,930.0","27,620.0","267.50K","0.36%"
"Dec 29, 2021","27,700.0","27,650.0","28,000.0","27,650.0","163.40K","0.54%"
"Dec 28, 2021","27,550.0","27,770.0","27,900.0","27,550.0","253.20K","-0.58%"
"Dec 27, 2021","27,710.0","27,600.0","27,710.0","27,420.0","723.20K","0.69%"
"Dec 24, 2021","27,520.0","27,290.0","27,540.0","27,050.0","765.80K","0.55%"
"Dec 23, 2021","27,370.0","27,580.0","27,590.0","25,620.0","1.12M","-0.62%"
"Dec 22, 2021","27,540.0","27,370.0","27,660.0","27,340.0","698.20K","0.66%"
"Dec 21, 2021","27,360.0","27,590.0","27,590.0","27,310.0","222.90K","-0.87%"
"Dec 20, 2021","27,600.0","27,700.0","27,700.0","27,330.0","545.20K","0.04%"
"Dec 17, 2021","27,590.0","27,500.0","27,610.0","27,460.0","959.80K","0.33%"
"Dec 16, 2021","27,500.0","27,690.0","27,740.0","27,200.0","2.44M","-0.72%"
"Dec 15, 2021","27,700.0","27,650.0","27,720.0","27,500.0","1.07M","0.54%"
"Dec 14, 2021","27,550.0","27,600.0","27,750.0","27,450.0","172.90K","0.36%"
"Dec 13, 2021","27,450.0","27,380.0","27,710.0","27,380.0","688.40K","-0.54%"
"Dec 10, 2021","27,600.0","27,650.0","27,700.0","27,500.0","368.80K","-0.18%"
"Dec 09, 2021","27,650.0","27,120.0","27,660.0","27,120.0","870.30K","0.91%"
"Dec 08, 2021","27,400.0","27,030.0","27,400.0","27,030.0","1.39M","1.37%"
"Dec 07, 2021","27,030.0","26,950.0","27,030.0","26,640.0","1.36M","0.19%"
"Dec 06, 2021","26,980.0","27,610.0","27,660.0","26,280.0","1.48M","-2.18%"
"Dec 03, 2021","27,580.0","27,810.0","28,000.0","27,500.0","531.90K","-0.65%"
"Dec 02, 2021","27,760.0","28,200.0","28,200.0","27,760.0","1.56M","-1.56%"
"Dec 01, 2021","28,200.0","28,000.0","28,200.0","27,700.0","921.90K","0.71%"
"Nov 30, 2021","28,000.0","28,780.0","28,780.0","26,800.0","1.64M","-1.06%"
"Nov 29, 2021","28,300.0","28,700.0","28,700.0","27,960.0","2.96M","-1.46%"
"Nov 26, 2021","28,720.0","28,660.0","29,000.0","28,660.0","348.10K","0.60%"
"Nov 25, 2021","28,550.0","28,600.0","29,200.0","28,550.0","2.28M","-0.87%"
"Nov 24, 2021","28,800.0","28,000.0","28,800.0","27,850.0","1.40M","3.19%"
"Nov 23, 2021","27,910.0","27,820.0","28,000.0","27,750.0","1.55M","0.32%"
"Nov 22, 2021","27,820.0","27,780.0","28,050.0","27,610.0","1.10M","0.25%"
"Nov 19, 2021","27,750.0","27,950.0","28,060.0","27,550.0","1.66M","-0.54%"
"Nov 18, 2021","27,900.0","28,190.0","28,190.0","27,890.0","1.03M","-1.06%"
"Nov 17, 2021","28,200.0","28,110.0","28,200.0","27,920.0","718.70K","-0.11%"
"Nov 16, 2021","28,230.0","28,300.0","28,300.0","27,700.0","1.52M","0.21%"
"Nov 15, 2021","28,170.0","28,140.0","28,390.0","26,190.0","905.90K","0.11%"
"Nov 12, 2021","28,140.0","27,700.0","28,180.0","27,540.0","623.60K","1.26%"
"Nov 11, 2021","27,790.0","27,830.0","27,980.0","27,450.0","1.05M","0.14%"
"Nov 10, 2021","27,750.0","27,970.0","27,970.0","27,600.0","490.20K","-0.82%"
"Nov 09, 2021","27,980.0","28,050.0","28,050.0","27,500.0","544.30K","-0.07%"
"Nov 08, 2021","28,000.0","28,100.0","28,100.0","27,770.0","1.35M","0.00%"
"Nov 05, 2021","28,000.0","27,520.0","28,000.0","27,520.0","450.70K","0.79%"
"Nov 04, 2021","27,780.0","27,630.0","27,800.0","27,590.0","2.40M","-0.07%"
"Nov 03, 2021","27,800.0","27,500.0","27,830.0","27,350.0","534.30K","1.09%"
"Nov 02, 2021","27,500.0","27,500.0","27,540.0","27,390.0","1.25M","0.00%"
"Nov 01, 2021","27,500.0","27,840.0","27,840.0","27,380.0","3.50M","-0.79%"
"Oct 29, 2021","27,720.0","27,700.0","27,760.0","27,500.0","268.20K","0.07%"
"Oct 28, 2021","27,700.0","27,480.0","27,720.0","27,410.0","586.80K","1.39%"
"Oct 27, 2021","27,320.0","27,200.0","27,500.0","27,000.0","574.80K","0.11%"
"Oct 26, 2021","27,290.0","27,330.0","27,350.0","26,620.0","884.80K","1.04%"
"Oct 25, 2021","27,010.0","27,170.0","27,200.0","26,860.0","826.50K","-0.59%"
"Oct 22, 2021","27,170.0","27,290.0","27,290.0","26,890.0","140.60K","-0.44%"
"Oct 21, 2021","27,290.0","27,210.0","27,290.0","27,070.0","535.80K","-0.76%"
"Oct 20, 2021","27,500.0","27,280.0","27,500.0","26,900.0","1.24M","0.81%"
"Oct 19, 2021","27,280.0","27,300.0","27,300.0","27,080.0","808.30K","-0.07%"
"Oct 18, 2021","27,300.0","27,200.0","27,340.0","27,160.0","598.70K","0.37%"
"Oct 15, 2021","27,200.0","27,380.0","27,380.0","27,060.0","588.20K","0.18%"
"Oct 14, 2021","27,150.0","27,200.0","27,250.0","27,050.0","366.60K","-0.18%"
"Oct 13, 2021","27,200.0","27,000.0","27,270.0","27,000.0","648.40K","1.49%"
"Oct 12, 2021","26,800.0","27,000.0","27,080.0","26,800.0","1.75M","-0.59%"
"Oct 11, 2021","26,960.0","26,990.0","26,990.0","26,500.0","1.52M","1.39%"
"Oct 08, 2021","26,590.0","26,000.0","26,600.0","26,000.0","1.30M","2.27%"
"Oct 07, 2021","26,000.0","25,920.0","26,200.0","25,650.0","1.24M","0.39%"
"Oct 06, 2021","25,900.0","26,000.0","26,030.0","25,900.0","661.00K","-0.38%"
"Oct 05, 2021","26,000.0","25,850.0","26,000.0","25,750.0","884.40K","0.08%"
"Oct 04, 2021","25,980.0","25,600.0","25,980.0","25,500.0","393.40K","1.48%"
"Oct 01, 2021","25,600.0","26,190.0","26,250.0","25,600.0","1.23M","-2.48%"
"Sep 30, 2021","26,250.0","25,870.0","26,250.0","25,660.0","396.50K","1.47%"
"Sep 29, 2021","25,870.0","26,150.0","26,150.0","25,610.0","1.27M","-0.50%"
"Sep 28, 2021","26,000.0","25,760.0","26,220.0","25,390.0","353.60K","0.78%"
"Sep 27, 2021","25,800.0","26,250.0","26,250.0","25,750.0","334.70K","-1.71%"
"Sep 24, 2021","26,250.0","26,100.0","26,260.0","26,100.0","246.40K","0.50%"
"Sep 23, 2021","26,120.0","26,100.0","26,350.0","26,010.0","788.10K","1.99%"
"Sep 22, 2021","25,610.0","25,850.0","25,910.0","25,600.0","624.80K","0.43%"
"Sep 21, 2021","25,500.0","25,800.0","25,900.0","25,500.0","6.41M","-2.60%"
"Sep 20, 2021","26,180.0","26,110.0","26,280.0","26,100.0","310.40K","0.31%"
"Sep 17, 2021","26,100.0","25,700.0","26,100.0","25,600.0","10.45M","3.98%"
"Sep 16, 2021","25,100.0","25,890.0","25,890.0","25,100.0","1.82M","-2.52%"
"Sep 15, 2021","25,750.0","25,650.0","25,750.0","25,390.0","2.61M","0.39%"
"Sep 14, 2021","25,650.0","25,860.0","25,860.0","25,500.0","831.70K","-0.74%"
"Sep 13, 2021","25,840.0","25,580.0","25,880.0","25,580.0","883.50K","0.35%"
"Sep 10, 2021","25,750.0","25,500.0","25,800.0","25,500.0","1.97M","1.78%"
"Sep 09, 2021","25,300.0","25,280.0","25,550.0","25,050.0","3.67M","0.72%"
"Sep 08, 2021","25,120.0","25,600.0","25,600.0","25,100.0","754.60K","-2.26%"
"Sep 07, 2021","25,700.0","25,190.0","25,700.0","25,190.0","2.02M","2.02%"
"Sep 06, 2021","25,190.0","25,000.0","25,230.0","25,000.0","2.19M","1.41%"
"Sep 01, 2021","24,840.0","25,000.0","25,030.0","24,790.0","8.95M","-0.72%"
"Aug 31, 2021","25,020.0","25,360.0","25,360.0","24,840.0","806.20K","0.28%"
"Aug 30, 2021","24,950.0","25,100.0","25,410.0","24,900.0","5.24M","0.28%"
"Aug 27, 2021","24,880.0","24,500.0","24,880.0","24,420.0","908.20K","0.00%"
"Aug 26, 2021","24,880.0","24,880.0","24,900.0","24,500.0","958.00K","0.00%"
"Aug 25, 2021","24,880.0","25,000.0","25,000.0","24,650.0","980.70K","-0.88%"
"Aug 24, 2021","25,100.0","24,700.0","25,100.0","24,600.0","834.90K","0.40%"
"Aug 23, 2021","25,000.0","25,000.0","25,160.0","24,440.0","11.26M","-0.83%"
"Aug 20, 2021","25,210.0","26,000.0","26,000.0","24,910.0","1.61M","-3.04%"
"Aug 19, 2021","26,000.0","25,900.0","26,000.0","25,830.0","326.90K","0.42%"
"Aug 18, 2021","25,890.0","26,000.0","26,050.0","25,820.0","12.45M","-0.54%"
"Aug 17, 2021","26,030.0","26,200.0","26,200.0","25,890.0","1.32M","-0.65%"
"Aug 16, 2021","26,200.0","25,900.0","26,200.0","25,820.0","1.50M","1.71%"
"Aug 13, 2021","25,760.0","25,780.0","25,790.0","25,530.0","593.60K","-0.54%"
"Aug 12, 2021","25,900.0","25,810.0","25,960.0","25,680.0","1.18M","0.00%"
"Aug 11, 2021","25,900.0","26,070.0","26,250.0","25,900.0","10.53M","-0.65%"
"Aug 10, 2021","26,070.0","26,280.0","26,280.0","25,860.0","828.70K","0.00%"
"Aug 09, 2021","26,070.0","25,800.0","26,110.0","25,540.0","1.06M","1.05%"
"Aug 06, 2021","25,800.0","25,800.0","26,040.0","25,700.0","1.04M","0.00%"
"Aug 05, 2021","25,800.0","25,510.0","25,900.0","25,480.0","1.78M","-0.77%"
"Aug 04, 2021","26,000.0","26,000.0","26,000.0","25,480.0","1.87M","0.00%"
"Aug 03, 2021","26,000.0","25,800.0","26,000.0","25,300.0","1.55M","1.17%"
"Aug 02, 2021","25,700.0","25,500.0","25,720.0","25,300.0","1.17M","0.78%"
"Jul 30, 2021","25,500.0","24,830.0","25,500.0","24,490.0","3.05M","2.82%"
"Jul 29, 2021","24,800.0","24,540.0","24,800.0","24,370.0","2.79M","1.64%"
"Jul 28, 2021","24,400.0","24,540.0","24,540.0","24,130.0","1.38M","-0.57%"
"Jul 27, 2021","24,540.0","24,400.0","24,570.0","24,270.0","1.11M","0.57%"
"Jul 26, 2021","24,400.0","24,200.0","24,400.0","23,910.0","1.31M","0.41%"
"Jul 23, 2021","24,300.0","24,750.0","24,750.0","24,300.0","1.45M","-1.82%"
"Jul 22, 2021","24,750.0","24,840.0","24,840.0","24,110.0","943.70K","1.10%"
"Jul 21, 2021","24,480.0","24,010.0","24,500.0","24,010.0","2.30M","2.77%"
"Jul 20, 2021","23,820.0","23,610.0","24,500.0","23,330.0","1.63M","0.89%"
"Jul 19, 2021","23,610.0","24,180.0","24,700.0","23,610.0","2.46M","-4.41%"
"Jul 16, 2021","24,700.0","24,890.0","24,890.0","24,620.0","1.36M","-0.80%"
"Jul 15, 2021","24,900.0","24,600.0","25,000.0","24,180.0","1.26M","-0.32%"
"Jul 14, 2021","24,980.0","25,000.0","25,300.0","24,200.0","1.29M","-0.95%"
"Jul 13, 2021","25,220.0","25,820.0","25,820.0","24,790.0","1.79M","-2.44%"
"Jul 12, 2021","25,850.0","26,150.0","26,150.0","24,500.0","1.99M","-1.15%"
"Jul 09, 2021","26,150.0","25,620.0","26,620.0","25,620.0","1.77M","0.58%"
"Jul 08, 2021","26,000.0","26,200.0","26,490.0","26,000.0","773.60K","-0.76%"
"Jul 07, 2021","26,200.0","25,990.0","26,200.0","25,000.0","1.69M","0.38%"
"Jul 06, 2021","26,100.0","26,100.0","26,880.0","26,100.0","1.26M","-1.44%"
"Jul 05, 2021","26,480.0","26,200.0","26,480.0","26,100.0","1.21M","1.46%"
"Jul 02, 2021","26,100.0","25,720.0","26,170.0","25,700.0","1.21M","1.36%"
"Jul 01, 2021","25,750.0","25,500.0","25,930.0","25,500.0","470.80K","0.19%"
"Jun 30, 2021","25,700.0","25,990.0","26,500.0","25,570.0","1.92M","-0.16%"
"Jun 29, 2021","25,740.0","25,450.0","25,750.0","25,430.0","1.11M","1.42%"
"Jun 28, 2021","25,380.0","25,300.0","25,420.0","25,180.0","992.00K","1.24%"
"Jun 25, 2021","25,070.0","25,200.0","25,200.0","24,890.0","500.50K","-0.52%"
"Jun 24, 2021","25,200.0","25,000.0","25,200.0","24,950.0","1.10M","0.80%"
"Jun 23, 2021","25,000.0","25,100.0","25,250.0","24,950.0","362.00K","-0.12%"
"Jun 22, 2021","25,030.0","25,200.0","25,200.0","24,800.0","484.10K","0.16%"
"Jun 21, 2021","24,990.0","24,700.0","25,200.0","24,600.0","1.08M","0.89%"
"Jun 18, 2021","24,770.0","24,600.0","24,820.0","24,600.0","757.30K","1.31%"
"Jun 17, 2021","24,450.0","24,450.0","24,580.0","23,990.0","1.04M","-0.89%"
"Jun 16, 2021","24,670.0","24,900.0","25,000.0","24,290.0","1.27M","-2.10%"
"Jun 15, 2021","25,200.0","24,600.0","25,200.0","24,520.0","1.18M","1.20%"
"Jun 14, 2021","24,900.0","25,190.0","25,200.0","24,680.0","1.49M","-0.28%"
"Jun 11, 2021","24,970.0","24,490.0","24,970.0","24,240.0","1.70M","2.50%"
"Jun 10, 2021","24,360.0","25,100.0","25,100.0","24,190.0","1.42M","-2.56%"
"Jun 09, 2021","25,000.0","24,800.0","25,000.0","24,000.0","1.29M","0.40%"
"Jun 08, 2021","24,900.0","25,390.0","25,390.0","24,640.0","682.40K","-1.93%"
"Jun 07, 2021","25,390.0","25,500.0","25,600.0","25,250.0","1.11M","-0.39%"
"Jun 04, 2021","25,490.0","25,600.0","25,600.0","25,400.0","1.34M","-0.23%"
"Jun 03, 2021","25,550.0","25,080.0","25,550.0","25,080.0","315.00K","1.87%"
"Jun 02, 2021","25,080.0","25,000.0","26,000.0","24,690.0","1.42M","0.32%"
"Jun 01, 2021","25,000.0","24,520.0","25,020.0","24,520.0","361.20K","2.17%"
"May 31, 2021","24,470.0","24,370.0","24,470.0","24,000.0","462.70K","0.41%"
"May 28, 2021","24,370.0","24,890.0","24,890.0","23,950.0","1.58M","0.37%"
"May 27, 2021","24,280.0","24,230.0","24,500.0","24,050.0","646.70K","0.21%"
"May 26, 2021","24,230.0","24,190.0","24,230.0","24,030.0","403.90K","0.66%"
"May 25, 2021","24,070.0","24,000.0","24,090.0","23,830.0","553.90K","0.92%"
"May 24, 2021","23,850.0","23,750.0","23,890.0","23,650.0","589.50K","0.63%"
"May 21, 2021","23,700.0","23,550.0","24,000.0","23,500.0","641.00K","1.72%"
"May 20, 2021","23,300.0","23,150.0","23,440.0","23,000.0","1.43M","0.65%"
"May 19, 2021","23,150.0","22,750.0","23,150.0","22,690.0","774.70K","1.94%"
"May 18, 2021","22,710.0","22,600.0","22,790.0","22,590.0","983.90K","-0.18%"
"May 17, 2021","22,750.0","22,830.0","22,970.0","22,600.0","1.01M","-0.35%"
"May 14, 2021","22,830.0","22,600.0","22,830.0","22,600.0","1.38M","1.02%"
"May 13, 2021","22,600.0","22,500.0","22,750.0","22,400.0","865.20K","0.00%"
"May 12, 2021","22,600.0","22,800.0","22,800.0","22,210.0","834.30K","0.80%"
"May 11, 2021","22,420.0","22,750.0","22,750.0","22,400.0","1.72M","-1.45%"
"May 10, 2021","22,750.0","23,000.0","23,300.0","22,150.0","1.85M","-1.09%"
"May 07, 2021","23,000.0","23,700.0","25,020.0","22,270.0","2.16M","-2.95%"
"May 06, 2021","23,700.0","22,800.0","24,100.0","22,750.0","844.00K","4.64%"
"May 05, 2021","22,650.0","22,150.0","22,730.0","22,100.0","878.40K","2.26%"
"May 04, 2021","22,150.0","21,900.0","22,150.0","21,590.0","873.70K","1.14%"
"Apr 29, 2021","21,900.0","21,890.0","21,900.0","21,450.0","380.30K","2.10%"
"Apr 28, 2021","21,450.0","21,900.0","21,900.0","21,400.0","579.60K","-0.23%"
"Apr 27, 2021","21,500.0","21,400.0","22,130.0","20,960.0","848.10K","2.14%"
"Apr 26, 2021","21,050.0","21,180.0","21,280.0","21,000.0","1.19M","-0.61%"
"Apr 23, 2021","21,180.0","20,730.0","21,200.0","20,500.0","1.14M","2.17%"
"Apr 22, 2021","20,730.0","21,000.0","21,220.0","20,730.0","609.40K","-1.29%"
"Apr 20, 2021","21,000.0","21,000.0","21,300.0","20,900.0","567.50K","0.00%"
"Apr 19, 2021","21,000.0","20,980.0","21,000.0","20,440.0","1.07M","0.10%"
"Apr 16, 2021","20,980.0","21,000.0","21,000.0","20,450.0","1.41M","-0.57%"
"Apr 15, 2021","21,100.0","21,000.0","21,200.0","20,760.0","1.22M","0.48%"
"Apr 14, 2021","21,000.0","21,000.0","21,000.0","20,710.0","494.30K","0.00%"
"Apr 13, 2021","21,000.0","21,110.0","21,200.0","20,910.0","549.30K","-0.52%"
"Apr 12, 2021","21,110.0","20,900.0","21,150.0","20,900.0","800.40K","1.64%"
"Apr 09, 2021","20,770.0","21,000.0","21,000.0","20,600.0","901.10K","0.58%"
"Apr 08, 2021","20,650.0","20,800.0","20,800.0","20,600.0","404.40K","0.19%"
"Apr 07, 2021","20,610.0","20,560.0","20,690.0","20,560.0","379.10K","0.24%"
"Apr 06, 2021","20,560.0","20,500.0","20,720.0","20,400.0","487.90K","0.29%"
"Apr 05, 2021","20,500.0","20,900.0","20,900.0","20,430.0","862.90K","-0.58%"
"Apr 02, 2021","20,620.0","20,410.0","20,700.0","20,400.0","812.20K","2.08%"
"Apr 01, 2021","20,200.0","19,900.0","20,210.0","19,870.0","851.10K","1.56%"
"Mar 31, 2021","19,890.0","19,990.0","19,990.0","19,780.0","552.40K","0.40%"
"Mar 30, 2021","19,810.0","20,000.0","20,000.0","19,750.0","573.30K","-0.45%"
"Mar 29, 2021","19,900.0","19,700.0","19,900.0","19,500.0","513.20K","1.58%"
"Mar 26, 2021","19,590.0","19,620.0","19,620.0","19,050.0","743.30K","-0.15%"
"Mar 25, 2021","19,620.0","19,800.0","20,170.0","19,580.0","1.41M","-0.91%"
"Mar 24, 2021","19,800.0","20,290.0","20,290.0","19,640.0","926.00K","-1.59%"
"Mar 23, 2021","20,120.0","20,350.0","20,350.0","20,030.0","1.46M","-0.98%"
"Mar 22, 2021","20,320.0","20,420.0","20,440.0","20,220.0","656.20K","-0.49%"
"Mar 19, 2021","20,420.0","20,600.0","20,600.0","20,300.0","841.30K","0.10%"
"Mar 18, 2021","20,400.0","20,800.0","20,800.0","20,140.0","972.70K","1.14%"
"Mar 17, 2021","20,170.0","20,090.0","20,200.0","20,010.0","717.20K","0.85%"
"Mar 16, 2021","20,000.0","19,990.0","20,010.0","19,790.0","908.90K","0.15%"
"Mar 15, 2021","19,970.0","19,850.0","20,000.0","19,820.0","968.80K","0.60%"
"Mar 12, 2021","19,850.0","19,870.0","19,940.0","19,820.0","1.25M","-0.10%"
"Mar 11, 2021","19,870.0","19,690.0","19,920.0","19,690.0","896.80K","1.95%"
"Mar 10, 2021","19,490.0","19,400.0","19,600.0","19,260.0","1.22M","0.15%"
"Mar 09, 2021","19,460.0","19,600.0","19,630.0","19,150.0","1.20M","-0.21%"
"Mar 08, 2021","19,500.0","19,950.0","19,950.0","19,400.0","1.23M","-0.51%"
"Mar 05, 2021","19,600.0","20,020.0","20,020.0","19,340.0","988.80K","-2.10%"
"Mar 04, 2021","20,020.0","20,100.0","20,100.0","19,430.0","1.31M","0.00%"
"Mar 03, 2021","20,020.0","20,000.0","20,100.0","19,930.0","815.60K","0.15%"
"Mar 02, 2021","19,990.0","20,290.0","20,290.0","19,850.0","1.01M","0.20%"
"Mar 01, 2021","19,950.0","19,600.0","20,000.0","19,600.0","718.50K","1.79%"
"Feb 26, 2021","19,600.0","19,300.0","19,720.0","19,300.0","608.90K","0.46%"
"Feb 25, 2021","19,510.0","19,700.0","19,900.0","19,330.0","929.60K","0.05%"
"Feb 24, 2021","19,500.0","19,800.0","19,890.0","19,500.0","1.44M","-0.51%"
"Feb 23, 2021","19,600.0","19,500.0","19,860.0","19,500.0","1.56M","-1.01%"
"Feb 22, 2021","19,800.0","19,850.0","20,150.0","19,600.0","1.34M","0.05%"
"Feb 19, 2021","19,790.0","19,950.0","19,980.0","19,680.0","800.70K","-0.80%"
"Feb 18, 2021","19,950.0","20,000.0","20,000.0","19,450.0","795.00K","1.27%"
"Feb 17, 2021","19,700.0","19,000.0","19,700.0","19,000.0","1.12M","4.79%"
"Feb 09, 2021","18,800.0","18,050.0","18,800.0","17,990.0","541.00K","4.16%"
"Feb 08, 2021","18,050.0","18,800.0","18,910.0","18,000.0","1.78M","-3.99%"
"Feb 05, 2021","18,800.0","18,600.0","18,800.0","18,380.0","1.25M","2.17%"
"Feb 04, 2021","18,400.0","18,500.0","18,500.0","18,050.0","2.04M","0.00%"
"Feb 03, 2021","18,400.0","18,190.0","18,400.0","17,740.0","1.31M","2.11%"
"Feb 02, 2021","18,020.0","18,000.0","18,200.0","17,080.0","1.75M","-0.99%"
"Feb 01, 2021","18,200.0","18,100.0","18,200.0","16,840.0","2.38M","1.90%"
"Jan 29, 2021","17,860.0","17,000.0","17,910.0","16,900.0","595.50K","6.69%"
"Jan 28, 2021","16,740.0","19,000.0","19,000.0","16,740.0","1.77M","-7.00%"
"Jan 27, 2021","18,000.0","18,290.0","18,500.0","17,790.0","1.60M","-1.59%"
"Jan 26, 2021","18,290.0","19,000.0","19,000.0","18,220.0","1.19M","-2.97%"
"Jan 25, 2021","18,850.0","18,990.0","18,990.0","18,490.0","932.80K","1.34%"
"Jan 22, 2021","18,600.0","19,000.0","19,000.0","18,460.0","766.50K","0.00%"
"Jan 21, 2021","18,600.0","18,500.0","18,600.0","17,900.0","816.30K","3.33%"
"Jan 20, 2021","18,000.0","18,000.0","19,260.0","17,550.0","901.00K","0.00%"
"Jan 19, 2021","18,000.0","19,100.0","19,100.0","17,660.0","872.20K","-4.86%"
"Jan 18, 2021","18,920.0","19,250.0","19,250.0","18,800.0","883.60K","-1.71%"
"Jan 15, 2021","19,250.0","19,140.0","19,250.0","18,900.0","863.60K","1.10%"
"Jan 14, 2021","19,040.0","18,580.0","19,100.0","18,460.0","944.30K","2.48%"
"Jan 13, 2021","18,580.0","18,800.0","18,850.0","18,560.0","1.81M","-0.54%"
"Jan 12, 2021","18,680.0","18,600.0","18,680.0","18,320.0","771.10K","0.59%"
"Jan 11, 2021","18,570.0","18,600.0","18,600.0","18,260.0","958.70K","1.75%"
"Jan 08, 2021","18,250.0","18,500.0","18,500.0","18,190.0","1.34M","0.83%"
"Jan 07, 2021","18,100.0","17,900.0","18,100.0","17,790.0","804.30K","1.12%"
"Jan 06, 2021","17,900.0","17,890.0","17,980.0","17,700.0","1.54M","1.42%"
"Jan 05, 2021","17,650.0","17,500.0","17,690.0","17,400.0","476.90K","1.26%"
"Jan 04, 2021","17,430.0","17,500.0","17,650.0","17,150.0","337.80K","1.34%"
"Dec 31, 2020","17,200.0","17,000.0","17,200.0","16,720.0","545.35K","2.32%"
"Dec 30, 2020","16,810.0","16,800.0","16,900.0","16,730.0","774.73K","0.66%"
"Dec 29, 2020","16,700.0","16,790.0","16,790.0","16,500.0","336.07K","-0.54%"
"Dec 28, 2020","16,790.0","16,800.0","16,830.0","16,570.0","629.82K","1.14%"
"Dec 25, 2020","16,600.0","16,400.0","16,660.0","16,190.0","912.84K","1.22%"
"Dec 24, 2020","16,400.0","16,740.0","16,850.0","16,200.0","633.46K","-2.03%"
"Dec 23, 2020","16,740.0","17,050.0","17,050.0","16,620.0","965.93K","-0.59%"
"Dec 22, 2020","16,840.0","17,000.0","17,000.0","16,550.0","413.79K","0.84%"
"Dec 21, 2020","16,700.0","16,500.0","16,900.0","16,500.0","263.04K","1.89%"
"Dec 18, 2020","16,390.0","15,970.0","16,390.0","15,970.0","555.79K","2.63%"
"Dec 17, 2020","15,970.0","16,020.0","16,290.0","15,970.0","954.43K","-1.05%"
"Dec 16, 2020","16,140.0","16,000.0","16,500.0","15,920.0","326.94K","0.88%"
"Dec 15, 2020","16,000.0","16,190.0","16,190.0","15,860.0","860.90K","0.44%"
"Dec 14, 2020","15,930.0","15,800.0","16,000.0","15,800.0","771.56K","0.82%"
"Dec 11, 2020","15,800.0","15,690.0","15,800.0","15,570.0","203.17K","0.77%"
"Dec 10, 2020","15,680.0","15,770.0","15,860.0","15,670.0","408.93K","-0.19%"
"Dec 09, 2020","15,710.0","15,800.0","15,800.0","15,600.0","338.01K","-0.57%"
"Dec 08, 2020","15,800.0","15,550.0","15,800.0","15,490.0","913.25K","1.61%"
"Dec 07, 2020","15,550.0","15,800.0","15,800.0","15,450.0","544.27K","0.32%"
"Dec 04, 2020","15,500.0","15,600.0","15,600.0","15,410.0","1.27M","-0.64%"
"Dec 03, 2020","15,600.0","15,520.0","15,600.0","15,400.0","272.11K","0.65%"
"Dec 02, 2020","15,500.0","15,530.0","15,530.0","15,400.0","502.79K","-0.13%"
"Dec 01, 2020","15,520.0","15,520.0","15,520.0","15,130.0","680.06K","0.00%"
"Nov 30, 2020","15,520.0","15,200.0","15,520.0","15,200.0","473.39K","2.24%"
"Nov 27, 2020","15,180.0","15,100.0","15,180.0","15,040.0","238.98K","0.53%"
"Nov 26, 2020","15,100.0","14,970.0","15,100.0","14,820.0","507.58K","0.87%"
"Nov 25, 2020","14,970.0","15,000.0","15,000.0","14,900.0","465.40K","0.47%"
"Nov 24, 2020","14,900.0","15,110.0","15,110.0","14,740.0","749.31K","-1.32%"
"Nov 23, 2020","15,100.0","14,710.0","15,100.0","14,610.0","1.11M","2.72%"
"Nov 20, 2020","14,700.0","14,700.0","14,740.0","14,600.0","509.91K","0.00%"
"Nov 19, 2020","14,700.0","14,800.0","14,800.0","14,570.0","68.33K","0.62%"
"Nov 18, 2020","14,610.0","15,000.0","15,000.0","14,550.0","88.60K","-0.61%"
"Nov 17, 2020","14,700.0","14,450.0","14,700.0","14,360.0","114.40K","2.51%"
"Nov 16, 2020","14,340.0","14,700.0","14,700.0","14,340.0","230.66K","-2.12%"
"Nov 13, 2020","14,650.0","14,300.0","14,650.0","14,300.0","629.06K","2.81%"
"Nov 12, 2020","14,250.0","14,200.0","14,250.0","14,150.0","130.53K","0.21%"
"Nov 11, 2020","14,220.0","14,220.0","14,220.0","14,000.0","234.51K","0.00%"
"Nov 10, 2020","14,220.0","14,400.0","14,400.0","14,080.0","1.05M","1.07%"
"Nov 09, 2020","14,070.0","13,880.0","14,070.0","13,880.0","1.25M","1.37%"
"Nov 06, 2020","13,880.0","13,950.0","13,950.0","13,800.0","527.91K","-0.43%"
"Nov 05, 2020","13,940.0","14,200.0","14,200.0","13,940.0","219.45K","-1.83%"
"Nov 04, 2020","14,200.0","14,100.0","14,200.0","13,890.0","109.16K","0.71%"
"Nov 03, 2020","14,100.0","14,100.0","14,110.0","14,030.0","146.92K","0.00%"
"Nov 02, 2020","14,100.0","13,920.0","14,110.0","13,910.0","12.20K","1.29%"
"Oct 30, 2020","13,920.0","13,900.0","13,920.0","13,600.0","196.71K","0.36%"
"Oct 29, 2020","13,870.0","13,500.0","13,870.0","13,460.0","168.16K","1.24%"
"Oct 28, 2020","13,700.0","14,150.0","14,150.0","13,680.0","353.62K","-3.18%"
"Oct 27, 2020","14,150.0","14,200.0","14,210.0","14,050.0","634.43K","-1.74%"
"Oct 26, 2020","14,400.0","14,420.0","14,530.0","14,350.0","966.90K","0.00%"
"Oct 23, 2020","14,400.0","14,400.0","14,400.0","14,280.0","342.53K","1.41%"
"Oct 22, 2020","14,200.0","14,150.0","14,200.0","14,040.0","86.23K","0.35%"
"Oct 21, 2020","14,150.0","14,250.0","14,350.0","14,150.0","150.14K","-0.70%"
"Oct 20, 2020","14,250.0","14,070.0","15,050.0","14,020.0","483.97K","1.28%"
"Oct 19, 2020","14,070.0","14,610.0","14,610.0","14,030.0","705.87K","0.50%"
"Oct 16, 2020","14,000.0","13,850.0","14,000.0","13,460.0","787.12K","1.08%"
"Oct 15, 2020","13,850.0","13,750.0","13,850.0","13,730.0","194.82K","0.73%"
"Oct 14, 2020","13,750.0","13,540.0","13,750.0","13,540.0","318.54K","1.63%"
"Oct 13, 2020","13,530.0","13,520.0","13,550.0","13,450.0","276.20K","0.22%"
"Oct 12, 2020","13,500.0","13,600.0","13,700.0","13,500.0","465.34K","-0.37%"
"Oct 09, 2020","13,550.0","13,630.0","13,630.0","13,550.0","260.57K","0.15%"
"Oct 08, 2020","13,530.0","13,600.0","13,600.0","13,490.0","415.22K","-0.51%"
"Oct 07, 2020","13,600.0","13,600.0","13,610.0","13,550.0","364.38K","0.00%"
"Oct 06, 2020","13,600.0","13,550.0","14,000.0","13,550.0","184.58K","0.37%"
"Oct 05, 2020","13,550.0","13,400.0","13,550.0","13,400.0","171.55K","1.12%"
"Oct 02, 2020","13,400.0","13,500.0","13,580.0","13,250.0","188.65K","-0.59%"
"Oct 01, 2020","13,480.0","13,370.0","13,480.0","13,370.0","603.07K","0.82%"
"Sep 30, 2020","13,370.0","13,370.0","13,370.0","13,250.0","280.70K","0.00%"
"Sep 29, 2020","13,370.0","13,430.0","13,560.0","13,370.0","321.73K","-0.45%"
"Sep 28, 2020","13,430.0","13,320.0","13,440.0","13,320.0","197.62K","1.36%"
"Sep 25, 2020","13,250.0","13,330.0","14,230.0","13,190.0","375.78K","-0.38%"
"Sep 24, 2020","13,300.0","13,400.0","13,900.0","13,260.0","132.51K","-0.75%"
"Sep 23, 2020","13,400.0","13,200.0","13,400.0","13,200.0","434.04K","1.52%"
"Sep 22, 2020","13,200.0","13,170.0","13,230.0","13,100.0","123.62K","0.23%"
"Sep 21, 2020","13,170.0","13,140.0","13,240.0","13,140.0","336.88K","1.23%"
"Sep 18, 2020","13,010.0","12,910.0","13,060.0","12,900.0","622.76K","0.85%"
"Sep 17, 2020","12,900.0","12,850.0","12,920.0","12,830.0","528.82K","0.39%"
"Sep 16, 2020","12,850.0","12,820.0","12,870.0","12,820.0","76.44K","0.39%"
"Sep 15, 2020","12,800.0","12,800.0","12,850.0","12,800.0","27.51K","0.00%"
"Sep 14, 2020","12,800.0","12,800.0","12,820.0","12,790.0","114.09K","0.31%"
"Sep 11, 2020","12,760.0","12,900.0","12,900.0","12,660.0","128.99K","-1.09%"
"Sep 10, 2020","12,900.0","12,610.0","12,900.0","12,610.0","206.48K","0.08%"
"Sep 09, 2020","12,890.0","12,400.0","12,930.0","12,400.0","396.49K","-0.62%"
"Sep 08, 2020","12,970.0","12,900.0","12,990.0","12,500.0","210.84K","-0.15%"
"Sep 07, 2020","12,990.0","13,000.0","13,000.0","12,560.0","87.36K","-0.08%"
"Sep 04, 2020","13,000.0","13,000.0","13,000.0","12,800.0","279.03K","0.00%"
"Sep 03, 2020","13,000.0","12,600.0","13,200.0","12,600.0","1.46M","1.17%"
"Sep 01, 2020","12,850.0","12,750.0","12,850.0","12,700.0","272.72K","0.78%"
"Aug 31, 2020","12,750.0","12,850.0","12,880.0","12,700.0","202.29K","-0.55%"
"Aug 28, 2020","12,820.0","12,780.0","12,870.0","12,730.0","343.21K","0.94%"
"Aug 27, 2020","12,700.0","12,490.0","12,700.0","12,490.0","158.19K","1.68%"
"Aug 26, 2020","12,490.0","12,600.0","12,620.0","12,490.0","306.02K","-0.87%"
"Aug 25, 2020","12,600.0","12,400.0","12,600.0","12,400.0","429.87K","2.02%"
"Aug 24, 2020","12,350.0","12,150.0","12,350.0","12,150.0","246.26K","2.32%"
"Aug 21, 2020","12,070.0","11,930.0","12,070.0","11,920.0","613.34K","1.86%"
"Aug 20, 2020","11,850.0","11,900.0","11,910.0","11,830.0","268.28K","-0.42%"
"Aug 19, 2020","11,900.0","11,880.0","11,900.0","11,850.0","10.68K","0.17%"
"Aug 18, 2020","11,880.0","12,100.0","12,100.0","11,800.0","11.51K","-0.50%"
"Aug 17, 2020","11,940.0","11,900.0","11,940.0","11,720.0","45.84K","-0.08%"
"Aug 14, 2020","11,950.0","11,900.0","11,980.0","11,800.0","219.01K","0.42%"
"Aug 13, 2020","11,900.0","11,800.0","11,900.0","11,790.0","18.56K","0.85%"
"Aug 12, 2020","11,800.0","11,800.0","11,800.0","11,670.0","59.22K","0.00%"
"Aug 11, 2020","11,800.0","11,610.0","11,800.0","11,600.0","75.36K","0.60%"
"Aug 10, 2020","11,730.0","11,700.0","11,730.0","11,670.0","624.07K","1.56%"
"Aug 07, 2020","11,550.0","11,600.0","11,620.0","11,540.0","518.40K","-1.28%"
"Aug 06, 2020","11,700.0","11,900.0","11,900.0","11,530.0","577.85K","-0.85%"
"Aug 05, 2020","11,800.0","11,600.0","11,800.0","11,300.0","656.92K","3.51%"
"Aug 04, 2020","11,400.0","11,400.0","11,400.0","11,370.0","82.52K","0.44%"
"Aug 03, 2020","11,350.0","11,100.0","11,400.0","11,100.0","22.07K","2.25%"
"Jul 31, 2020","11,100.0","11,580.0","11,580.0","10,900.0","121.26K","-5.13%"
"Jul 30, 2020","11,700.0","11,490.0","11,700.0","11,000.0","141.57K","6.36%"
"Jul 29, 2020","11,000.0","11,500.0","11,500.0","10,700.0","242.83K","-4.35%"
"Jul 28, 2020","11,500.0","10,950.0","11,500.0","10,950.0","93.88K","5.02%"
"Jul 27, 2020","10,950.0","11,000.0","11,300.0","10,820.0","534.11K","-5.52%"
"Jul 24, 2020","11,590.0","11,900.0","11,900.0","11,340.0","536.53K","-2.77%"
"Jul 23, 2020","11,920.0","11,950.0","11,950.0","11,870.0","122.07K","-0.17%"
"Jul 22, 2020","11,940.0","12,060.0","12,060.0","11,940.0","100.15K","-0.50%"
"Jul 21, 2020","12,000.0","12,300.0","12,300.0","11,970.0","85.18K","-0.08%"
"Jul 20, 2020","12,010.0","12,150.0","12,150.0","12,010.0","176.38K","-1.15%"
"Jul 17, 2020","12,150.0","12,180.0","12,190.0","12,130.0","79.54K","0.83%"
"Jul 16, 2020","12,050.0","12,150.0","12,180.0","12,050.0","59.39K","-0.74%"
"Jul 15, 2020","12,140.0","12,140.0","12,190.0","12,110.0","26.26K","0.75%"
"Jul 14, 2020","12,050.0","12,000.0","12,050.0","11,980.0","171.53K","0.17%"
"Jul 13, 2020","12,030.0","12,100.0","12,110.0","12,020.0","137.29K","-0.99%"
"Jul 10, 2020","12,150.0","12,200.0","12,200.0","12,040.0","87.90K","-1.22%"
"Jul 09, 2020","12,300.0","12,000.0","12,300.0","12,000.0","16.34K","3.10%"
"Jul 08, 2020","11,930.0","11,900.0","12,000.0","11,890.0","35.04K","-0.17%"
"Jul 07, 2020","11,950.0","11,890.0","12,020.0","11,890.0","17.79K","0.50%"
"Jul 06, 2020","11,890.0","11,780.0","11,940.0","11,740.0","196.16K","1.54%"
"Jul 03, 2020","11,710.0","11,670.0","11,720.0","11,650.0","47.79K","0.52%"
"Jul 02, 2020","11,650.0","11,830.0","11,830.0","11,600.0","302.82K","-2.51%"
"Jul 01, 2020","11,950.0","11,520.0","11,950.0","11,420.0","50.39K","2.75%"
"Jun 30, 2020","11,630.0","11,600.0","11,630.0","11,370.0","362.77K","0.26%"
"Jun 29, 2020","11,600.0","11,830.0","11,830.0","11,550.0","849.79K","-2.27%"
"Jun 26, 2020","11,870.0","11,980.0","11,980.0","11,830.0","144.00K","-1.90%"
"Jun 25, 2020","12,100.0","11,800.0","12,100.0","11,800.0","199.78K","1.00%"
"Jun 24, 2020","11,980.0","12,450.0","12,450.0","11,980.0","244.39K","-2.60%"
"Jun 23, 2020","12,300.0","12,400.0","12,400.0","12,060.0","335.86K","0.82%"
"Jun 22, 2020","12,200.0","12,200.0","12,200.0","12,070.0","211.16K","1.33%"
"Jun 19, 2020","12,040.0","11,900.0","12,040.0","11,900.0","132.81K","1.18%"
"Jun 18, 2020","11,900.0","12,000.0","12,000.0","11,800.0","37.40K","0.00%"
"Jun 17, 2020","11,900.0","11,950.0","11,950.0","11,860.0","106.37K","-0.42%"
"Jun 16, 2020","11,950.0","11,750.0","12,000.0","11,750.0","166.81K","1.36%"
"Jun 15, 2020","11,790.0","12,200.0","12,200.0","11,790.0","216.69K","-1.83%"
"Jun 12, 2020","12,010.0","11,800.0","12,080.0","11,710.0","662.98K","-4.61%"
"Jun 11, 2020","12,590.0","12,600.0","12,660.0","12,350.0","726.83K","0.00%"
"Jun 10, 2020","12,590.0","12,580.0","13,370.0","12,400.0","316.78K","0.72%"
"Jun 09, 2020","12,500.0","12,600.0","12,700.0","12,500.0","155.64K","-2.11%"
"Jun 08, 2020","12,770.0","12,470.0","12,770.0","12,470.0","310.82K","3.48%"
"Jun 05, 2020","12,340.0","12,340.0","12,350.0","12,300.0","16.66K","-0.64%"
"Jun 04, 2020","12,420.0","12,040.0","12,460.0","12,040.0","147.28K","1.31%"
"Jun 03, 2020","12,260.0","12,200.0","12,260.0","12,200.0","46.02K","0.49%"
"Jun 02, 2020","12,200.0","12,120.0","12,340.0","12,120.0","167.93K","-0.81%"
"Jun 01, 2020","12,300.0","12,000.0","12,300.0","12,000.0","439.36K","0.41%"
"May 29, 2020","12,250.0","12,110.0","12,300.0","12,020.0","207.83K","1.16%"
"May 28, 2020","12,110.0","12,150.0","12,200.0","12,100.0","53.32K","-0.33%"
"May 27, 2020","12,150.0","12,100.0","12,350.0","12,100.0","113.45K","-1.22%"
"May 26, 2020","12,300.0","12,300.0","12,300.0","12,180.0","240.64K","0.00%"
"May 25, 2020","12,300.0","12,390.0","12,390.0","12,010.0","482.70K","-0.16%"
"May 22, 2020","12,320.0","12,500.0","12,500.0","12,150.0","545.56K","0.98%"
"May 21, 2020","12,200.0","12,350.0","12,500.0","12,160.0","261.28K","-1.21%"
"May 20, 2020","12,350.0","12,300.0","12,550.0","12,210.0","597.50K","-1.20%"
"May 19, 2020","12,500.0","12,500.0","12,800.0","12,500.0","737.60K","1.63%"
"May 18, 2020","12,300.0","12,500.0","12,500.0","11,900.0","189.47K","0.00%"
"May 15, 2020","12,300.0","12,810.0","12,810.0","12,000.0","873.86K","2.67%"
"May 14, 2020","11,980.0","11,980.0","11,980.0","11,980.0","0.01K","6.96%"
"May 13, 2020","11,200.0","11,200.0","11,200.0","11,200.0","0.01K","6.67%"