symbol,date,price
VFMVF1,2017-01-13,28817.91
VFMVF1,2017-01-16,28525.5
VFMVF1,2017-01-17,28604.33
VFMVF1,2017-01-18,28556.329999999998
VFMVF1,2017-01-19,28531.82
VFMVF1,2017-01-20,28531.82
VFMVF1,2017-01-23,28658.38
VFMVF1,2017-01-24,28705.190000000002
VFMVF1,2017-01-25,28705.190000000002
VFMVF1,2017-02-02,29168.21
VFMVF1,2017-02-03,29168.21
VFMVF1,2017-02-06,29058.77
VFMVF1,2017-02-07,29133.62
VFMVF1,2017-02-08,29121.57
VFMVF1,2017-02-09,29163.28
VFMVF1,2017-02-10,29163.28
VFMVF1,2017-02-13,29376.6
VFMVF1,2017-02-14,29414
VFMVF1,2017-02-15,29456.579999999998
VFMVF1,2017-02-16,29468.55
VFMVF1,2017-02-17,29468.55
VFMVF1,2017-02-20,29311.85
VFMVF1,2017-02-21,29498.89
VFMVF1,2017-02-22,29449.11
VFMVF1,2017-02-23,29491.7
VFMVF1,2017-02-24,29491.7
VFMVF1,2017-02-27,29621.94
VFMVF1,2017-02-28,29437.25
VFMVF1,2017-03-01,29486.640000000003
VFMVF1,2017-03-02,29520.9
VFMVF1,2017-03-03,29520.9
VFMVF1,2017-03-06,29602.879999999997
VFMVF1,2017-03-07,29646.010000000002
VFMVF1,2017-03-08,29811.96
VFMVF1,2017-03-09,29888.43
VFMVF1,2017-03-10,29888.43
VFMVF1,2017-03-13,29732.829999999998
VFMVF1,2017-03-14,29951.03
VFMVF1,2017-03-15,29884.620000000003
VFMVF1,2017-03-16,29938.48
VFMVF1,2017-03-17,29938.48
VFMVF1,2017-03-20,30079.47
VFMVF1,2017-03-21,30280.13
VFMVF1,2017-03-22,30117.4
VFMVF1,2017-03-23,30295.62
VFMVF1,2017-03-24,30295.62
VFMVF1,2017-03-27,30442.63
VFMVF1,2017-03-28,30389.75
VFMVF1,2017-03-29,30380.15
VFMVF1,2017-03-30,30414.17
VFMVF1,2017-03-31,30414.17
VFMVF1,2017-04-03,30442.09
VFMVF1,2017-04-04,30480.84
VFMVF1,2017-04-05,30480.84
VFMVF1,2017-04-07,30480.84
VFMVF1,2017-04-10,30501.670000000002
VFMVF1,2017-04-11,30583.53
VFMVF1,2017-04-12,30402.56
VFMVF1,2017-04-13,30302.08
VFMVF1,2017-04-14,30302.08
VFMVF1,2017-04-17,29788.530000000002
VFMVF1,2017-04-18,29878.789999999997
VFMVF1,2017-04-19,30121.76
VFMVF1,2017-04-20,30023.33
VFMVF1,2017-04-21,30023.33
VFMVF1,2017-04-24,30038.51
VFMVF1,2017-04-25,29892.52
VFMVF1,2017-04-26,30016.89
VFMVF1,2017-04-27,30198.55
VFMVF1,2017-04-28,30198.55
VFMVF1,2017-05-03,30320.350000000002
VFMVF1,2017-05-04,30555.93
VFMVF1,2017-05-05,30555.93
VFMVF1,2017-05-08,30474.87
VFMVF1,2017-05-09,30655.36
VFMVF1,2017-05-10,30603.55
VFMVF1,2017-05-11,30581.46
VFMVF1,2017-05-12,30581.46
VFMVF1,2017-05-15,30738.03
VFMVF1,2017-05-16,30567.21
VFMVF1,2017-05-17,30752.5
VFMVF1,2017-05-18,30632.03
VFMVF1,2017-05-19,30632.03
VFMVF1,2017-05-22,30999.27
VFMVF1,2017-05-23,30997.06
VFMVF1,2017-05-24,31283.78
VFMVF1,2017-05-25,31193.010000000002
VFMVF1,2017-05-26,31193.010000000002
VFMVF1,2017-05-29,31389.67
VFMVF1,2017-05-30,31155.52
VFMVF1,2017-05-31,31194.35
VFMVF1,2017-06-01,31399.760000000002
VFMVF1,2017-06-02,31399.760000000002
VFMVF1,2017-06-05,31486.39
VFMVF1,2017-06-06,31710.18
VFMVF1,2017-06-07,31822.829999999998
VFMVF1,2017-06-08,31964.510000000002
VFMVF1,2017-06-09,31964.510000000002
VFMVF1,2017-06-12,31811.43
VFMVF1,2017-06-13,31985.96
VFMVF1,2017-06-14,32111.3
VFMVF1,2017-06-15,32130.62
VFMVF1,2017-06-16,32130.62
VFMVF1,2017-06-19,32251.260000000002
VFMVF1,2017-06-20,32308.059999999998
VFMVF1,2017-06-21,32262.94
VFMVF1,2017-06-22,32361.980000000003
VFMVF1,2017-06-23,32361.980000000003
VFMVF1,2017-06-26,32577
VFMVF1,2017-06-27,32336.530000000002
VFMVF1,2017-06-28,32466.19
VFMVF1,2017-06-29,32585.91
VFMVF1,2017-06-30,32585.91
VFMVF1,2017-07-03,32756.489999999998
VFMVF1,2017-07-04,32703.159999999996
VFMVF1,2017-07-05,32741.83
VFMVF1,2017-07-06,32844.299999999996
VFMVF1,2017-07-07,32844.299999999996
VFMVF1,2017-07-10,32440.08
VFMVF1,2017-07-11,32444.229999999996
VFMVF1,2017-07-12,32654.000000000004
VFMVF1,2017-07-13,32733.559999999998
VFMVF1,2017-07-14,32733.559999999998
VFMVF1,2017-07-17,32173.879999999997
VFMVF1,2017-07-18,32194.920000000002
VFMVF1,2017-07-19,32162.489999999998
VFMVF1,2017-07-20,32058.770000000004
VFMVF1,2017-07-21,32058.770000000004
VFMVF1,2017-07-24,31766.5
VFMVF1,2017-07-25,32058.67
VFMVF1,2017-07-26,32335.65
VFMVF1,2017-07-27,32263.52
VFMVF1,2017-07-28,32263.52
VFMVF1,2017-07-31,32521.18
VFMVF1,2017-08-01,32598.69
VFMVF1,2017-08-02,32485.399999999998
VFMVF1,2017-08-03,32608.5
VFMVF1,2017-08-04,32608.5
VFMVF1,2017-08-07,32989.3
VFMVF1,2017-08-08,32766.79
VFMVF1,2017-08-09,32336.120000000003
VFMVF1,2017-08-10,32678.14
VFMVF1,2017-08-11,32678.14
VFMVF1,2017-08-14,32953.51
VFMVF1,2017-08-15,32882.219999999994
VFMVF1,2017-08-16,32985.55
VFMVF1,2017-08-17,32740.250000000004
VFMVF1,2017-08-18,32740.250000000004
VFMVF1,2017-08-21,32635.14
VFMVF1,2017-08-22,32441.39
VFMVF1,2017-08-23,32474.12
VFMVF1,2017-08-24,32631.07
VFMVF1,2017-08-25,32631.07
VFMVF1,2017-08-28,32815.85
VFMVF1,2017-08-29,32790.49
VFMVF1,2017-08-30,32930.22
VFMVF1,2017-08-31,32994.92
VFMVF1,2017-09-01,32994.92
VFMVF1,2017-09-05,33138.49
VFMVF1,2017-09-06,33177.12
VFMVF1,2017-09-07,33214.759999999995
VFMVF1,2017-09-08,33214.759999999995
VFMVF1,2017-09-11,33021.69
VFMVF1,2017-09-12,33192.909999999996
VFMVF1,2017-09-13,33566.32
VFMVF1,2017-09-14,33534.73
VFMVF1,2017-09-15,33534.73
VFMVF1,2017-09-18,33649.009999999995
VFMVF1,2017-09-19,33683.06
VFMVF1,2017-09-20,33787.85
VFMVF1,2017-09-21,33827.54
VFMVF1,2017-09-22,33827.54
VFMVF1,2017-09-25,34129.03
VFMVF1,2017-09-26,34201.07
VFMVF1,2017-09-27,33969.64
VFMVF1,2017-09-28,34075.98
VFMVF1,2017-09-29,34075.98
VFMVF1,2017-10-02,34165.18
VFMVF1,2017-10-03,34042.299999999996
VFMVF1,2017-10-04,34507.350000000006
VFMVF1,2017-10-05,34344.5
VFMVF1,2017-10-06,34344.5
VFMVF1,2017-10-09,34662.32
VFMVF1,2017-10-10,34961.96
VFMVF1,2017-10-11,35024.02
VFMVF1,2017-10-12,35104.950000000004
VFMVF1,2017-10-13,35104.950000000004
VFMVF1,2017-10-16,35391.42
VFMVF1,2017-10-17,35633.380000000005
VFMVF1,2017-10-18,35490.560000000005
VFMVF1,2017-10-19,35533.9
VFMVF1,2017-10-20,35533.9
VFMVF1,2017-10-23,34792.369999999995
VFMVF1,2017-10-24,34994.41
VFMVF1,2017-10-25,35248.07
VFMVF1,2017-10-26,35107.89
VFMVF1,2017-10-27,35107.89
VFMVF1,2017-10-30,35197.61
VFMVF1,2017-10-31,35069.14
VFMVF1,2017-11-01,35039.82
VFMVF1,2017-11-02,34382.72
VFMVF1,2017-11-03,34382.72
VFMVF1,2017-11-06,35137.69
VFMVF1,2017-11-07,35120.59
VFMVF1,2017-11-08,35626.1
VFMVF1,2017-11-09,35804.96
VFMVF1,2017-11-10,35804.96
VFMVF1,2017-11-13,36563.920000000006
VFMVF1,2017-11-14,36851.94
VFMVF1,2017-11-15,37018.68
VFMVF1,2017-11-16,37395.53999999999
VFMVF1,2017-11-17,37395.53999999999
VFMVF1,2017-11-20,37600.08
VFMVF1,2017-11-21,37709.899999999994
VFMVF1,2017-11-22,38151.59
VFMVF1,2017-11-23,38292.65
VFMVF1,2017-11-24,38292.65
VFMVF1,2017-11-27,38372.81
VFMVF1,2017-11-28,38478.07
VFMVF1,2017-11-29,38983.74
VFMVF1,2017-11-30,39133.5
VFMVF1,2017-12-01,39133.5
VFMVF1,2017-12-04,39753.69
VFMVF1,2017-12-05,39028.64
VFMVF1,2017-12-06,38847.32000000001
VFMVF1,2017-12-07,39041.049999999996
VFMVF1,2017-12-08,39041.049999999996
VFMVF1,2017-12-11,38301.560000000005
VFMVF1,2017-12-12,38387.2
VFMVF1,2017-12-13,38229.54
VFMVF1,2017-12-14,38766.28
VFMVF1,2017-12-15,38766.28
VFMVF1,2017-12-18,39612.9
VFMVF1,2017-12-19,39485.729999999996
VFMVF1,2017-12-20,39425.579999999994
VFMVF1,2017-12-21,39269.09
VFMVF1,2017-12-22,39269.09
VFMVF1,2017-12-25,39663.93
VFMVF1,2017-12-26,39833.3
VFMVF1,2017-12-27,39936.23
VFMVF1,2017-12-28,40334.81
VFMVF1,2017-12-29,40334.81
VFMVF1,2018-01-02,41429.32
VFMVF1,2018-01-03,41533.549999999996
VFMVF1,2018-01-04,41962.73
VFMVF1,2018-01-05,41962.73
VFMVF1,2018-01-08,42495.63
VFMVF1,2018-01-09,42833.37
VFMVF1,2018-01-10,42913.7
VFMVF1,2018-01-11,42926.380000000005
VFMVF1,2018-01-12,42926.380000000005
VFMVF1,2018-01-15,43181.96
VFMVF1,2018-01-16,43220.19
VFMVF1,2018-01-17,42408.05
VFMVF1,2018-01-18,42841.74
VFMVF1,2018-01-19,42841.74
VFMVF1,2018-01-22,44123.17
VFMVF1,2018-01-25,44840.82
VFMVF1,2018-01-26,44840.82
VFMVF1,2018-01-29,44680.67
VFMVF1,2018-01-30,44947.73
VFMVF1,2018-01-31,44872.67
VFMVF1,2018-02-01,44599.11
VFMVF1,2018-02-02,44599.11
VFMVF1,2018-02-05,43024.23
VFMVF1,2018-02-06,41722.22
VFMVF1,2018-02-07,42936
VFMVF1,2018-02-08,42485.689999999995
VFMVF1,2018-02-09,42485.689999999995
VFMVF1,2018-02-12,43382.85
VFMVF1,2018-02-13,43382.85
VFMVF1,2018-02-21,44881.729999999996
VFMVF1,2018-02-22,44391.29
VFMVF1,2018-02-23,44391.29
VFMVF1,2018-02-26,45146.83
VFMVF1,2018-02-27,45495.28999999999
VFMVF1,2018-02-28,45717.840000000004
VFMVF1,2018-03-01,45728.96
VFMVF1,2018-03-02,45728.96
VFMVF1,2018-03-05,45171.94
VFMVF1,2018-03-06,46186.47
VFMVF1,2018-03-07,45751
VFMVF1,2018-03-08,46231.94
VFMVF1,2018-03-09,46231.94
VFMVF1,2018-03-12,46391.1
VFMVF1,2018-03-13,46556.399999999994
VFMVF1,2018-03-14,46627.920000000006
VFMVF1,2018-03-15,46527.58
VFMVF1,2018-03-16,46527.58
VFMVF1,2018-03-19,47377.65
VFMVF1,2018-03-20,47600.29
VFMVF1,2018-03-21,47675.55
VFMVF1,2018-03-22,47664.94
VFMVF1,2018-03-23,47664.94
VFMVF1,2018-03-26,47619.65
VFMVF1,2018-03-27,47833.01
VFMVF1,2018-03-28,47917.009999999995
VFMVF1,2018-03-29,47868.68
VFMVF1,2018-03-30,47868.68
VFMVF1,2018-04-02,48984.85
VFMVF1,2018-04-03,48678.67
VFMVF1,2018-04-04,48825.42
VFMVF1,2018-04-05,48962.75
VFMVF1,2018-04-06,48962.75
VFMVF1,2018-04-09,49328.490000000005
VFMVF1,2018-04-10,49190.14
VFMVF1,2018-04-11,48183.100000000006
VFMVF1,2018-04-12,48446.54
VFMVF1,2018-04-13,48446.54
VFMVF1,2018-04-16,47647.52
VFMVF1,2018-04-17,47802.79
VFMVF1,2018-04-18,47332.24
VFMVF1,2018-04-19,45944.719999999994
VFMVF1,2018-04-20,45944.719999999994
VFMVF1,2018-04-23,45119.729999999996
VFMVF1,2018-04-24,45119.729999999996
VFMVF1,2018-04-26,43658.659999999996
VFMVF1,2018-04-27,43658.659999999996
VFMVF1,2018-05-02,43649.619999999995
VFMVF1,2018-05-03,43733.780000000006
VFMVF1,2018-05-04,43733.780000000006
VFMVF1,2018-05-07,45062.579999999994
VFMVF1,2018-05-08,44756.15
VFMVF1,2018-05-09,44423.94
VFMVF1,2018-05-10,43449.770000000004
VFMVF1,2018-05-11,43449.770000000004
VFMVF1,2018-05-14,44427.64
VFMVF1,2018-05-15,44507.02
VFMVF1,2018-05-16,43818.7
VFMVF1,2018-05-17,43240.46
VFMVF1,2018-05-18,43240.46
VFMVF1,2018-05-21,42912.22
VFMVF1,2018-05-22,41867.17
VFMVF1,2018-05-23,42056.03
VFMVF1,2018-05-24,41811.92
VFMVF1,2018-05-25,41811.92
VFMVF1,2018-05-28,39406.08
VFMVF1,2018-05-29,40385.73
VFMVF1,2018-05-30,40331.490000000005
VFMVF1,2018-05-31,41256.12
VFMVF1,2018-06-01,41256.12
VFMVF1,2018-06-04,42507.28
VFMVF1,2018-06-05,42695.9
VFMVF1,2018-06-06,43220.170000000006
VFMVF1,2018-06-07,43392.380000000005
VFMVF1,2018-06-08,43392.380000000005
VFMVF1,2018-06-11,43874.51
VFMVF1,2018-06-12,43129.62
VFMVF1,2018-06-13,43296.05
VFMVF1,2018-06-14,42806.420000000006
VFMVF1,2018-06-15,42806.420000000006
VFMVF1,2018-06-18,41573.67
VFMVF1,2018-06-19,40413.3
VFMVF1,2018-06-20,41186.79
VFMVF1,2018-06-21,40789.24
VFMVF1,2018-06-22,40789.24
VFMVF1,2018-06-25,41579.54
VFMVF1,2018-06-26,41256.74
VFMVF1,2018-06-27,40583.39
VFMVF1,2018-06-28,39819.95
VFMVF1,2018-06-29,39819.95
VFMVF1,2018-07-02,38784.509999999995
VFMVF1,2018-07-03,37339.3
VFMVF1,2018-07-04,37842.75
VFMVF1,2018-07-05,37328.07
VFMVF1,2018-07-06,37328.07
VFMVF1,2018-07-09,38038.58
VFMVF1,2018-07-10,38128.96
VFMVF1,2018-07-11,37179.020000000004
VFMVF1,2018-07-12,37370.5
VFMVF1,2018-07-13,37370.5
VFMVF1,2018-07-16,38166.39
VFMVF1,2018-07-17,38742.17
VFMVF1,2018-07-18,39365.83
VFMVF1,2018-07-19,39329.94
VFMVF1,2018-07-20,39329.94
VFMVF1,2018-07-23,38965.03
VFMVF1,2018-07-24,38651.200000000004
VFMVF1,2018-07-25,38374.83
VFMVF1,2018-07-26,38432.64
VFMVF1,2018-07-27,38432.64
VFMVF1,2018-07-30,39306.14
VFMVF1,2018-07-31,39470.73
VFMVF1,2018-08-01,39243.59
VFMVF1,2018-08-02,39320.43
VFMVF1,2018-08-03,39320.43
VFMVF1,2018-08-06,39146.13
VFMVF1,2018-08-07,39068.45
VFMVF1,2018-08-08,39393.009999999995
VFMVF1,2018-08-09,39509.86
VFMVF1,2018-08-10,39509.86
VFMVF1,2018-08-13,40001.92
VFMVF1,2018-08-14,40119.96
VFMVF1,2018-08-15,39517.84
VFMVF1,2018-08-16,39633.119999999995
VFMVF1,2018-08-17,39633.119999999995
VFMVF1,2018-08-20,39552.07
VFMVF1,2018-08-21,40027.659999999996
VFMVF1,2018-08-22,40083.41
VFMVF1,2018-08-23,40118.87
VFMVF1,2018-08-24,40118.87
VFMVF1,2018-08-27,40314.89
VFMVF1,2018-08-28,40439.42
VFMVF1,2018-08-29,40358.99
VFMVF1,2018-08-30,40678.26
VFMVF1,2018-08-31,40678.26
VFMVF1,2018-09-04,39814.89
VFMVF1,2018-09-05,39511.34
VFMVF1,2018-09-06,39216.1
VFMVF1,2018-09-07,39216.1
VFMVF1,2018-09-10,39556.3
VFMVF1,2018-09-11,39970.799999999996
VFMVF1,2018-09-12,39922.3
VFMVF1,2018-09-13,40059.01
VFMVF1,2018-09-14,40059.01
VFMVF1,2018-09-17,40035.19
VFMVF1,2018-09-18,40250.28
VFMVF1,2018-09-19,40440.99
VFMVF1,2018-09-20,40832.729999999996
VFMVF1,2018-09-21,40832.729999999996
VFMVF1,2018-09-24,41297.97
VFMVF1,2018-09-25,41224.52
VFMVF1,2018-09-26,41186.25
VFMVF1,2018-09-27,41449.71000000001
VFMVF1,2018-09-28,41449.71000000001
VFMVF1,2018-10-01,41347.880000000005
VFMVF1,2018-10-02,41312.26
VFMVF1,2018-10-03,41490
VFMVF1,2018-10-04,41758.8
VFMVF1,2018-10-05,41758.8
VFMVF1,2018-10-08,41131.86
VFMVF1,2018-10-09,41173.340000000004
VFMVF1,2018-10-10,41171.75
VFMVF1,2018-10-11,39222.87
VFMVF1,2018-10-12,39222.87
VFMVF1,2018-10-15,39387.25
VFMVF1,2018-10-16,39713.369999999995
VFMVF1,2018-10-17,39980.54
VFMVF1,2018-10-18,39687.52
VFMVF1,2018-10-19,39687.52
VFMVF1,2018-10-22,39221.159999999996
VFMVF1,2018-10-23,38441.6
VFMVF1,2018-10-24,37751
VFMVF1,2018-10-25,37252.450000000004
VFMVF1,2018-10-26,37252.450000000004
VFMVF1,2018-10-29,36212.829999999994
VFMVF1,2018-10-30,36354.02
VFMVF1,2018-10-31,37522.71
VFMVF1,2018-11-01,37136.130000000005
VFMVF1,2018-11-02,37136.130000000005
VFMVF1,2018-11-05,37806.15
VFMVF1,2018-11-06,37544.490000000005
VFMVF1,2018-11-07,37489.10999999999
VFMVF1,2018-11-08,37515.39
VFMVF1,2018-11-09,37515.39
VFMVF1,2018-11-12,37085.7
VFMVF1,2018-11-13,36606.54
VFMVF1,2018-11-14,36365.73
VFMVF1,2018-11-15,36197.06
VFMVF1,2018-11-16,36197.06
VFMVF1,2018-11-19,37083.18
VFMVF1,2018-11-20,37140.41
VFMVF1,2018-11-21,37260.52
VFMVF1,2018-11-22,37367.18
VFMVF1,2018-11-23,37367.18
VFMVF1,2018-11-26,37072.16
VFMVF1,2018-11-27,37007.06
VFMVF1,2018-11-28,37247.55
VFMVF1,2018-11-29,37042.88
VFMVF1,2018-11-30,37042.88
VFMVF1,2018-12-03,38093.41
VFMVF1,2018-12-04,38214.95
VFMVF1,2018-12-05,38247.12
VFMVF1,2018-12-06,38155.41
VFMVF1,2018-12-07,38155.41
VFMVF1,2018-12-10,38086.62
VFMVF1,2018-12-11,38059.27
VFMVF1,2018-12-12,38428.34
VFMVF1,2018-12-13,38390.69
VFMVF1,2018-12-14,38390.69
VFMVF1,2018-12-17,37393.63
VFMVF1,2018-12-18,37465.48
VFMVF1,2018-12-19,37293.35
VFMVF1,2018-12-20,37257.11
VFMVF1,2018-12-21,37257.11
VFMVF1,2018-12-24,36932.82
VFMVF1,2018-12-25,36529.98
VFMVF1,2018-12-26,36423.11
VFMVF1,2018-12-27,36847.31
VFMVF1,2018-12-28,36847.31
VFMVF1,2019-01-02,36481.409999999996
VFMVF1,2019-01-03,35866.3
VFMVF1,2019-01-04,35866.3
VFMVF1,2019-01-07,36233.57
VFMVF1,2019-01-08,36102.060000000005
VFMVF1,2019-01-09,36464.590000000004
VFMVF1,2019-01-10,36472.72
VFMVF1,2019-01-11,36472.72
VFMVF1,2019-01-14,36406.02
VFMVF1,2019-01-15,36682.59
VFMVF1,2019-01-16,36945.079999999994
VFMVF1,2019-01-17,36762.22
VFMVF1,2019-01-18,36762.22
VFMVF1,2019-01-21,36929.5
VFMVF1,2019-01-22,36731.380000000005
VFMVF1,2019-01-23,36720.42
VFMVF1,2019-01-24,36765.84
VFMVF1,2019-01-25,36765.84
VFMVF1,2019-01-28,36830.07
VFMVF1,2019-01-29,37016.91
VFMVF1,2019-01-30,36958.62
VFMVF1,2019-01-31,36859.69
VFMVF1,2019-02-01,36859.69
VFMVF1,2019-02-11,37419.66
VFMVF1,2019-02-12,37600.13
VFMVF1,2019-02-13,37876.99
VFMVF1,2019-02-14,37901.020000000004
VFMVF1,2019-02-15,37901.020000000004
VFMVF1,2019-02-18,38186.39
VFMVF1,2019-02-19,38241.36
VFMVF1,2019-02-20,38446.32
VFMVF1,2019-02-21,38827.15
VFMVF1,2019-02-22,38827.15
VFMVF1,2019-02-25,39197.409999999996
VFMVF1,2019-02-26,38930.74
VFMVF1,2019-02-27,38903.52
VFMVF1,2019-02-28,38209.93
VFMVF1,2019-03-01,38209.93
VFMVF1,2019-03-04,39135.509999999995
VFMVF1,2019-03-05,38995.91
VFMVF1,2019-03-06,39036.76
VFMVF1,2019-03-07,39020.29
VFMVF1,2019-03-08,39020.29
VFMVF1,2019-03-11,38731.58
VFMVF1,2019-03-12,39279.55
VFMVF1,2019-03-13,39492.310000000005
VFMVF1,2019-03-14,39571.3
VFMVF1,2019-03-15,39571.3
VFMVF1,2019-03-18,39610.909999999996
VFMVF1,2019-03-19,39400.66
VFMVF1,2019-03-20,39240.89
VFMVF1,2019-03-21,38692.630000000005
VFMVF1,2019-03-22,38692.630000000005
VFMVF1,2019-03-25,38156.31
VFMVF1,2019-03-26,38207.270000000004
VFMVF1,2019-03-27,38437.67
VFMVF1,2019-03-28,38615
VFMVF1,2019-03-29,38615
VFMVF1,2019-04-01,38723.12
VFMVF1,2019-04-02,38651.899999999994
VFMVF1,2019-04-03,38621.049999999996
VFMVF1,2019-04-04,38739.56
VFMVF1,2019-04-05,38739.56
VFMVF1,2019-04-08,39017.06
VFMVF1,2019-04-09,38798.16
VFMVF1,2019-04-10,38489.240000000005
VFMVF1,2019-04-11,38543.86
VFMVF1,2019-04-12,38543.86
VFMVF1,2019-04-16,38276.8
VFMVF1,2019-04-17,38226.27
VFMVF1,2019-04-18,37976.700000000004
VFMVF1,2019-04-19,37976.700000000004
VFMVF1,2019-04-22,38026.14
VFMVF1,2019-04-23,38058.149999999994
VFMVF1,2019-04-24,38410.19
VFMVF1,2019-04-25,38347.560000000005
VFMVF1,2019-04-26,38347.560000000005
VFMVF1,2019-05-02,38652.74
VFMVF1,2019-05-03,38652.74
VFMVF1,2019-05-06,37938.89
VFMVF1,2019-05-07,38057.25
VFMVF1,2019-05-08,37798.76
VFMVF1,2019-05-09,37620.09
VFMVF1,2019-05-10,37620.09
VFMVF1,2019-05-13,37895.899999999994
VFMVF1,2019-05-14,38012.979999999996
VFMVF1,2019-05-15,38380.44
VFMVF1,2019-05-16,38276.69
VFMVF1,2019-05-17,38276.69
VFMVF1,2019-05-20,38728.32
VFMVF1,2019-05-21,38738.11
VFMVF1,2019-05-22,38713.33
VFMVF1,2019-05-23,38823.700000000004
VFMVF1,2019-05-24,38823.700000000004
VFMVF1,2019-05-27,38468.84
VFMVF1,2019-05-28,38469.090000000004
VFMVF1,2019-05-29,38359.68
VFMVF1,2019-05-30,38290.07
VFMVF1,2019-05-31,38290.07
VFMVF1,2019-06-03,37423.270000000004
VFMVF1,2019-06-04,37584.27
VFMVF1,2019-06-05,37628.82
VFMVF1,2019-06-06,37538.9
VFMVF1,2019-06-07,37538.9
VFMVF1,2019-06-10,38040.689999999995
VFMVF1,2019-06-11,38105.08
VFMVF1,2019-06-12,37907.27
VFMVF1,2019-06-13,37702
VFMVF1,2019-06-14,37702
VFMVF1,2019-06-17,37518.340000000004
VFMVF1,2019-06-18,37513.38
VFMVF1,2019-06-19,37727.7
VFMVF1,2019-06-20,38147.37
VFMVF1,2019-06-21,38147.37
VFMVF1,2019-06-24,38195.74
VFMVF1,2019-06-25,38125.36
VFMVF1,2019-06-26,38087.29
VFMVF1,2019-06-27,37633.450000000004
VFMVF1,2019-06-28,37633.450000000004
VFMVF1,2019-07-01,38422.020000000004
VFMVF1,2019-07-02,38354.509999999995
VFMVF1,2019-07-03,38246.57
VFMVF1,2019-07-04,38596.87
VFMVF1,2019-07-05,38596.87
VFMVF1,2019-07-08,38275.329999999994
VFMVF1,2019-07-09,38464.03999999999
VFMVF1,2019-07-10,38580.869999999995
VFMVF1,2019-07-11,38741.2
VFMVF1,2019-07-12,38741.2
VFMVF1,2019-07-15,38816.630000000005
VFMVF1,2019-07-16,39111.36
VFMVF1,2019-07-17,39136.8
VFMVF1,2019-07-18,39099.56
VFMVF1,2019-07-19,39099.56
VFMVF1,2019-07-22,39606.969999999994
VFMVF1,2019-07-23,39890.68
VFMVF1,2019-07-24,39698.94
VFMVF1,2019-07-25,39885.03
VFMVF1,2019-07-26,39885.03
VFMVF1,2019-07-29,39905.69
VFMVF1,2019-07-30,39411.69
VFMVF1,2019-07-31,39771.450000000004
VFMVF1,2019-08-01,40065.49
VFMVF1,2019-08-02,40065.49
VFMVF1,2019-08-05,39729.93
VFMVF1,2019-08-06,39589.05
VFMVF1,2019-08-07,39785.1
VFMVF1,2019-08-08,39953.88
VFMVF1,2019-08-09,39953.88
VFMVF1,2019-08-12,40259.1
VFMVF1,2019-08-13,40123.240000000005
VFMVF1,2019-08-14,40167.520000000004
VFMVF1,2019-08-15,40509.05
VFMVF1,2019-08-16,40509.05
VFMVF1,2019-08-19,40507.79
VFMVF1,2019-08-20,40811.96
VFMVF1,2019-08-21,41041.200000000004
VFMVF1,2019-08-22,40926.72
VFMVF1,2019-08-23,40926.72
VFMVF1,2019-08-26,40654.58
VFMVF1,2019-08-27,40386.119999999995
VFMVF1,2019-08-28,40277.82
VFMVF1,2019-08-29,40419.229999999996
VFMVF1,2019-08-30,40419.229999999996
VFMVF1,2019-09-03,40332.15
VFMVF1,2019-09-04,40336.43
VFMVF1,2019-09-05,40175.310000000005
VFMVF1,2019-09-06,40175.310000000005
VFMVF1,2019-09-09,40003.619999999995
VFMVF1,2019-09-10,39731.68
VFMVF1,2019-09-11,39870.88
VFMVF1,2019-09-12,40286.62
VFMVF1,2019-09-13,40286.62
VFMVF1,2019-09-16,41095.67
VFMVF1,2019-09-17,41309.64
VFMVF1,2019-09-18,41216.85
VFMVF1,2019-09-19,41450.22
VFMVF1,2019-09-20,41450.22
VFMVF1,2019-09-23,41015.009999999995
VFMVF1,2019-09-24,40994.2
VFMVF1,2019-09-25,41171.17
VFMVF1,2019-09-26,41321.759999999995
VFMVF1,2019-09-27,41321.759999999995
VFMVF1,2019-09-30,41447.91
VFMVF1,2019-10-01,41675.79
VFMVF1,2019-10-02,41391
VFMVF1,2019-10-03,41450.97
VFMVF1,2019-10-04,41450.97
VFMVF1,2019-10-07,40813.61
VFMVF1,2019-10-08,41106.14000000001
VFMVF1,2019-10-09,41156.04
VFMVF1,2019-10-10,41190.88
VFMVF1,2019-10-11,41190.88
VFMVF1,2019-10-14,41445.39000000001
VFMVF1,2019-10-15,41466.18
VFMVF1,2019-10-16,41520.899999999994
VFMVF1,2019-10-17,41348.350000000006
VFMVF1,2019-10-18,41348.350000000006
VFMVF1,2019-10-21,41096.18
VFMVF1,2019-10-22,41253
VFMVF1,2019-10-23,41284.19
VFMVF1,2019-10-24,41736.73
VFMVF1,2019-10-25,41736.73
VFMVF1,2019-10-28,41822.899999999994
VFMVF1,2019-10-29,41693.83
VFMVF1,2019-10-30,41696.79
VFMVF1,2019-10-31,41652.06
VFMVF1,2019-11-01,41652.06
VFMVF1,2019-11-04,42457.29
VFMVF1,2019-11-05,42482.5
VFMVF1,2019-11-06,42482.78
VFMVF1,2019-11-07,42537.25
VFMVF1,2019-11-08,42537.25
VFMVF1,2019-11-11,42280.6
VFMVF1,2019-11-12,42361.57
VFMVF1,2019-11-13,42133.43
VFMVF1,2019-11-14,41834.88
VFMVF1,2019-11-15,41834.88
VFMVF1,2019-11-18,41510.34
VFMVF1,2019-11-19,41820.02
VFMVF1,2019-11-20,41524.38
VFMVF1,2019-11-21,41048.53
VFMVF1,2019-11-22,41048.53
VFMVF1,2019-11-25,40606.14000000001
VFMVF1,2019-11-26,40756.71
VFMVF1,2019-11-27,40760.02
VFMVF1,2019-11-28,40279.89
VFMVF1,2019-11-29,40279.89
VFMVF1,2019-12-02,39782.44
VFMVF1,2019-12-03,39660.26
VFMVF1,2019-12-04,40266.689999999995
VFMVF1,2019-12-05,40057.68
VFMVF1,2019-12-06,40057.68
VFMVF1,2019-12-09,40112.659999999996
VFMVF1,2019-12-10,40006.630000000005
VFMVF1,2019-12-11,40237.39
VFMVF1,2019-12-12,40475.31
VFMVF1,2019-12-13,40475.31
VFMVF1,2019-12-16,40466.69
VFMVF1,2019-12-17,40109.75
VFMVF1,2019-12-18,39930.29
VFMVF1,2019-12-19,40001.51
VFMVF1,2019-12-20,40001.51
VFMVF1,2019-12-23,40383.69
VFMVF1,2019-12-24,40386.479999999996
VFMVF1,2019-12-25,40623.840000000004
VFMVF1,2019-12-26,40532.94
VFMVF1,2019-12-27,40532.94
VFMVF1,2019-12-30,40895.76
VFMVF1,2019-12-31,40895.76
VFMVF1,2020-01-02,41030.86
VFMVF1,2020-01-03,41030.86
VFMVF1,2020-01-06,40467.56
VFMVF1,2020-01-07,40692.84
VFMVF1,2020-01-08,40209.64
VFMVF1,2020-01-09,40703.68
VFMVF1,2020-01-10,40703.68
VFMVF1,2020-01-13,40848.37
VFMVF1,2020-01-14,40948.61
VFMVF1,2020-01-15,40956.77
VFMVF1,2020-01-16,41298.5
VFMVF1,2020-01-17,41298.5
VFMVF1,2020-01-20,41738.340000000004
VFMVF1,2020-01-21,41888.9
VFMVF1,2020-01-22,41888.9
VFMVF1,2020-01-30,40901.7
VFMVF1,2020-01-31,40901.7
VFMVF1,2020-02-03,39676.46
VFMVF1,2020-02-04,39793.12
VFMVF1,2020-02-05,39779.92
VFMVF1,2020-02-06,40407.53
VFMVF1,2020-02-07,40407.53
VFMVF1,2020-02-10,39804.46
VFMVF1,2020-02-11,40028.66
VFMVF1,2020-02-12,40425.4
VFMVF1,2020-02-13,40426.990000000005
VFMVF1,2020-02-14,40426.990000000005
VFMVF1,2020-02-17,40454.49
VFMVF1,2020-02-18,40607.53
VFMVF1,2020-02-19,40741.259999999995
VFMVF1,2020-02-20,40952.86
VFMVF1,2020-02-21,40952.86
VFMVF1,2020-02-24,39292.75
VFMVF1,2020-02-25,39817.189999999995
VFMVF1,2020-02-26,39511.28
VFMVF1,2020-02-27,39829.38
VFMVF1,2020-02-28,39829.38
VFMVF1,2020-03-02,39342.68
VFMVF1,2020-03-03,39618.200000000004
VFMVF1,2020-03-04,39515.79
VFMVF1,2020-03-05,39522.26
VFMVF1,2020-03-06,39522.26
VFMVF1,2020-03-09,37063.91
VFMVF1,2020-03-10,37168.840000000004
VFMVF1,2020-03-11,35956.560000000005
VFMVF1,2020-03-12,34154.75
VFMVF1,2020-03-13,34154.75
VFMVF1,2020-03-16,32986.939999999995
VFMVF1,2020-03-17,33193.31
VFMVF1,2020-03-18,33299.35
VFMVF1,2020-03-19,32555.570000000003
VFMVF1,2020-03-20,32555.570000000003
VFMVF1,2020-03-23,30578.52
VFMVF1,2020-03-24,30381.69
VFMVF1,2020-03-25,31416.3
VFMVF1,2020-03-26,31139.19
VFMVF1,2020-03-27,31139.19
VFMVF1,2020-03-30,29779.52
VFMVF1,2020-03-31,29764.94
VFMVF1,2020-04-01,29764.94
VFMVF1,2020-04-03,29764.94
VFMVF1,2020-04-06,32622.839999999997
VFMVF1,2020-04-07,33052.65
VFMVF1,2020-04-08,33046.54
VFMVF1,2020-04-09,33305.29
VFMVF1,2020-04-10,33305.29
VFMVF1,2020-04-13,33435.83
VFMVF1,2020-04-14,33641.759999999995
VFMVF1,2020-04-15,34103.520000000004
VFMVF1,2020-04-16,34185.6
VFMVF1,2020-04-17,34185.6
VFMVF1,2020-04-20,34927.11
VFMVF1,2020-04-21,33786.57
VFMVF1,2020-04-22,34224.95
VFMVF1,2020-04-23,34342.14
VFMVF1,2020-04-24,34342.14
VFMVF1,2020-04-27,34349
VFMVF1,2020-04-28,34241.509999999995
VFMVF1,2020-04-29,34241.509999999995
VFMVF1,2020-05-04,34029.55
VFMVF1,2020-05-05,34154.47
VFMVF1,2020-05-06,34756.97
VFMVF1,2020-05-07,35274.909999999996
VFMVF1,2020-05-08,35274.909999999996
VFMVF1,2020-05-11,36291.34
VFMVF1,2020-05-12,36551.909999999996
VFMVF1,2020-05-13,36774.76
VFMVF1,2020-05-14,36501.17
VFMVF1,2020-05-15,36501.17
VFMVF1,2020-05-18,36825.409999999996
VFMVF1,2020-05-19,37286.6
VFMVF1,2020-05-20,37428.780000000006
VFMVF1,2020-05-21,37682.07
VFMVF1,2020-05-22,37682.07
VFMVF1,2020-05-25,37770.659999999996
VFMVF1,2020-05-26,38275.799999999996
VFMVF1,2020-05-27,37552.509999999995
VFMVF1,2020-05-28,37754.579999999994
VFMVF1,2020-05-29,37754.579999999994
VFMVF1,2020-06-01,38680.07
VFMVF1,2020-06-02,38329.14
VFMVF1,2020-06-03,38782.59
VFMVF1,2020-06-04,38826.46
VFMVF1,2020-06-05,38826.46
VFMVF1,2020-06-08,39638.399999999994
VFMVF1,2020-06-09,39424.39
VFMVF1,2020-06-10,39519.350000000006
VFMVF1,2020-06-11,37920.83
VFMVF1,2020-06-12,37920.83
VFMVF1,2020-06-15,36687.44
VFMVF1,2020-06-16,37566
VFMVF1,2020-06-17,37501.8
VFMVF1,2020-06-18,37643.46
VFMVF1,2020-06-19,37643.46
VFMVF1,2020-06-22,38210.69
VFMVF1,2020-06-23,38084.7
VFMVF1,2020-06-24,37750.18
VFMVF1,2020-06-25,37565.21
VFMVF1,2020-06-26,37565.21
VFMVF1,2020-06-29,36617.64
VFMVF1,2020-06-30,36401.899999999994
VFMVF1,2020-07-01,37145.43
VFMVF1,2020-07-02,37167.51
VFMVF1,2020-07-03,37167.51
VFMVF1,2020-07-06,37631.18
VFMVF1,2020-07-07,37803.79
VFMVF1,2020-07-08,37866.39
VFMVF1,2020-07-09,38353.77
VFMVF1,2020-07-10,38353.77
VFMVF1,2020-07-13,38046.41
VFMVF1,2020-07-14,38115.31
VFMVF1,2020-07-15,38286.14000000001
VFMVF1,2020-07-16,38462.82
VFMVF1,2020-07-17,38462.82
VFMVF1,2020-07-20,38120.649999999994
VFMVF1,2020-07-21,38229.39
VFMVF1,2020-07-22,37972.200000000004
VFMVF1,2020-07-23,38101.979999999996
VFMVF1,2020-07-24,38101.979999999996
VFMVF1,2020-07-27,35084.76
VFMVF1,2020-07-28,36363.439999999995
VFMVF1,2020-07-29,35569.99
VFMVF1,2020-07-30,35961.48
VFMVF1,2020-07-31,35961.48
VFMVF1,2020-08-03,36515.14
VFMVF1,2020-08-04,37037.24
VFMVF1,2020-08-05,37614.27
VFMVF1,2020-08-06,37639.24
VFMVF1,2020-08-07,37639.24
VFMVF1,2020-08-10,37821.159999999996
VFMVF1,2020-08-11,37886.21
VFMVF1,2020-08-12,38017.63
VFMVF1,2020-08-13,38434.95
VFMVF1,2020-08-14,38434.95
VFMVF1,2020-08-17,38332.42
VFMVF1,2020-08-18,38180.23
VFMVF1,2020-08-19,38420.05
VFMVF1,2020-08-20,38401.63
VFMVF1,2020-08-21,38401.63
VFMVF1,2020-08-24,39249.47
VFMVF1,2020-08-25,39472.13
VFMVF1,2020-08-26,39384.93
VFMVF1,2020-08-27,39602.780000000006
VFMVF1,2020-08-28,39602.780000000006
VFMVF1,2020-08-31,39654.14
VFMVF1,2020-09-01,39654.14
VFMVF1,2020-09-03,40289.87
VFMVF1,2020-09-04,40289.87
VFMVF1,2020-09-07,39533.22
VFMVF1,2020-09-08,39764.91
VFMVF1,2020-09-09,39799.329999999994
VFMVF1,2020-09-10,39847.54
VFMVF1,2020-09-11,39847.54
VFMVF1,2020-09-14,40001.34
VFMVF1,2020-09-15,40096.45
VFMVF1,2020-09-16,40183.05
VFMVF1,2020-09-17,40103.78999999999
VFMVF1,2020-09-18,40103.78999999999
VFMVF1,2020-09-21,40658.04
VFMVF1,2020-09-22,40682.15
VFMVF1,2020-09-23,41033.729999999996
VFMVF1,2020-09-24,40867.79
VFMVF1,2020-09-25,40867.79
VFMVF1,2020-09-28,41111.159999999996
VFMVF1,2020-09-29,40794.46
VFMVF1,2020-09-30,40900.530000000006
VFMVF1,2020-10-01,41243.6
VFMVF1,2020-10-02,41243.6
VFMVF1,2020-10-05,41353.83
VFMVF1,2020-10-06,41567.979999999996
VFMVF1,2020-10-07,41559.060000000005
VFMVF1,2020-10-08,41566.049999999996
VFMVF1,2020-10-09,41566.049999999996
VFMVF1,2020-10-12,41527.41
VFMVF1,2020-10-13,41561
VFMVF1,2020-10-14,42026.92
VFMVF1,2020-10-15,42133.78
VFMVF1,2020-10-16,42133.78
VFMVF1,2020-10-19,42431.03
VFMVF1,2020-10-20,42602.840000000004
VFMVF1,2020-10-21,42370.28
VFMVF1,2020-10-22,42825.51
VFMVF1,2020-10-23,42825.51
VFMVF1,2020-10-26,42892.6
VFMVF1,2020-10-27,42717.71
VFMVF1,2020-10-28,41632.81
VFMVF1,2020-10-29,41509.84
VFMVF1,2020-10-30,41509.84
VFMVF1,2020-11-02,42207.23
VFMVF1,2020-11-03,42422.26
VFMVF1,2020-11-04,42806.45
VFMVF1,2020-11-05,42557.89
VFMVF1,2020-11-06,42557.89
VFMVF1,2020-11-09,43284.23
VFMVF1,2020-11-10,43255.07000000001
VFMVF1,2020-11-11,43374.630000000005
VFMVF1,2020-11-12,43815.31
VFMVF1,2020-11-13,43815.31
VFMVF1,2020-11-16,43979.4
VFMVF1,2020-11-17,44802.48
VFMVF1,2020-11-18,45102.37
VFMVF1,2020-11-19,45670.87
VFMVF1,2020-11-20,45670.87
VFMVF1,2020-11-23,46424.68
VFMVF1,2020-11-24,46303.44
VFMVF1,2020-11-25,46218.1
VFMVF1,2020-11-26,46286.340000000004
VFMVF1,2020-11-27,46286.340000000004
VFMVF1,2020-11-30,46539.94
VFMVF1,2020-12-01,46753.86
VFMVF1,2020-12-02,47080.63
VFMVF1,2020-12-03,47636.920000000006
VFMVF1,2020-12-04,47636.920000000006
VFMVF1,2020-12-07,47883.07
VFMVF1,2020-12-08,47889.22
VFMVF1,2020-12-09,48279.98
VFMVF1,2020-12-10,47645.08
VFMVF1,2020-12-11,47645.08
VFMVF1,2020-12-14,48906.840000000004
VFMVF1,2020-12-15,48833.41
VFMVF1,2020-12-16,49674.01
VFMVF1,2020-12-17,49205.44
VFMVF1,2020-12-18,49205.44
VFMVF1,2020-12-21,50247.84
VFMVF1,2020-12-22,50641.88
VFMVF1,2020-12-23,50200.57
VFMVF1,2020-12-24,49569.28
VFMVF1,2020-12-25,49569.28
VFMVF1,2020-12-28,50480.11
VFMVF1,2020-12-29,50636.229999999996
VFMVF1,2020-12-30,50539.17
VFMVF1,2020-12-31,50539.17
VFMVF1,2021-01-04,51858.310000000005
VFMVF1,2021-01-05,52429.64
VFMVF1,2021-01-06,52856.94
VFMVF1,2021-01-07,53401.91
VFMVF1,2021-01-08,53401.91
VFMVF1,2021-01-11,54590.58
VFMVF1,2021-01-12,54973.39
VFMVF1,2021-01-13,54736.45
VFMVF1,2021-01-14,54854.06
VFMVF1,2021-01-15,54854.06
VFMVF1,2021-01-18,55045.93
VFMVF1,2021-01-19,52399.14
VFMVF1,2021-01-20,52675.759999999995
VFMVF1,2021-01-21,54390.630000000005
VFMVF1,2021-01-22,54390.630000000005
VFMVF1,2021-01-25,54968.63
VFMVF1,2021-01-26,53980.240000000005
VFMVF1,2021-01-27,52161.270000000004
VFMVF1,2021-01-28,48674.83
VFMVF1,2021-01-29,48674.83
VFMVF1,2021-02-01,49302.93
VFMVF1,2021-02-02,50877.899999999994
VFMVF1,2021-02-03,52399.17
VFMVF1,2021-02-04,52686.57
VFMVF1,2021-02-05,52686.57
VFMVF1,2021-02-08,51781.63
VFMVF1,2021-02-09,51781.63
VFMVF1,2021-02-17,54811.590000000004
VFMVF1,2021-02-18,55441.560000000005
VFMVF1,2021-02-19,55441.560000000005
VFMVF1,2021-02-22,55154.69
VFMVF1,2021-02-23,55174.06
VFMVF1,2021-02-24,54660.33
VFMVF1,2021-02-25,54949.67
VFMVF1,2021-02-26,54949.67
VFMVF1,2021-03-01,55978.08
VFMVF1,2021-03-02,56079.72
VFMVF1,2021-03-03,56311.19
VFMVF1,2021-03-04,55407.1
VFMVF1,2021-03-05,55407.1
