date,price,price_na,price_li
2015-09-09,10000,10000,10000
2015-09-10,10030,10030,10030
2015-09-11,10000,10000,10000
2015-09-12,10000,10000,10000
2015-09-13,10000,10000,10000
2015-09-14,10000,10000,10000
2015-09-15,10000,10000,10000
2015-09-16,9994,9994,9994
2015-09-17,9994,9994,9994
2015-09-18,9994,9994,9994
2015-09-19,9994,9994,9994
2015-09-20,9994,9994,9994
2015-09-21,9994,9994,9994
2015-09-22,9994,9994,9994
2015-09-23,9989,9989,9989
2015-09-24,9989,9989,9989
2015-09-25,9989,9989,9989
2015-09-26,9989,9989,9989
2015-09-27,9989,9989,9989
2015-09-28,9989,9989,9989
2015-09-29,9989,9989,9989
2015-09-30,10064,10064,10064
2015-10-01,10086,10086,10086
2015-10-02,10086,10086,10086
2015-10-03,10086,10086,10086
2015-10-04,10086,10086,10086
2015-10-05,10086,10086,10086
2015-10-06,10086,10086,10086
2015-10-07,10080,10080,10080
2015-10-08,10080,10080,10080
2015-10-09,10080,10080,10080
2015-10-10,10080,10080,10080
2015-10-11,10080,10080,10080
2015-10-12,10080,10080,10080
2015-10-13,10080,10080,10080
2015-10-14,10152,10152,10152
2015-10-15,10152,10152,10152
2015-10-16,10152,10152,10152
2015-10-17,10152,10152,10152
2015-10-18,10152,10152,10152
2015-10-19,10152,10152,10152
2015-10-20,10152,10152,10152
2015-10-21,10064,10064,10064
2015-10-22,10064,10064,10064
2015-10-23,10064,10064,10064
2015-10-24,10064,10064,10064
2015-10-25,10064,10064,10064
2015-10-26,10064,10064,10064
2015-10-27,10064,10064,10064
2015-10-28,10011,10011,10011
2015-10-29,10011,10011,10011
2015-10-30,10011,10011,10011
2015-10-31,10011,10011,10011
2015-11-01,10037,10037,10037
2015-11-02,10037,10037,10037
2015-11-03,10037,10037,10037
2015-11-04,10023,10023,10023
2015-11-05,10023,10023,10023
2015-11-06,10023,10023,10023
2015-11-07,10023,10023,10023
2015-11-08,10023,10023,10023
2015-11-09,10023,10023,10023
2015-11-10,10023,10023,10023
2015-11-11,10056,10056,10056
2015-11-12,10056,10056,10056
2015-11-13,10056,10056,10056
2015-11-14,10056,10056,10056
2015-11-15,10056,10056,10056
2015-11-16,10056,10056,10056
2015-11-17,10056,10056,10056
2015-11-18,10090,10090,10090
2015-11-19,10090,10090,10090
2015-11-20,10090,10090,10090
2015-11-21,10090,10090,10090
2015-11-22,10090,10090,10090
2015-11-23,10090,10090,10090
2015-11-24,10090,10090,10090
2015-11-25,9997,9997,9997
2015-11-26,9997,9997,9997
2015-11-27,9997,9997,9997
2015-11-28,9997,9997,9997
2015-11-29,9997,9997,9997
2015-11-30,9997,9997,9997
2015-12-01,10038,10038,10038
2015-12-02,10038,10038,10038
2015-12-03,10038,10038,10038
2015-12-04,10038,10038,10038
2015-12-05,10038,10038,10038
2015-12-06,10038,10038,10038
2015-12-07,10038,10038,10038
2015-12-08,10038,10038,10038
2015-12-09,10046,10046,10046
2015-12-10,10046,10046,10046
2015-12-11,10046,10046,10046
2015-12-12,10046,10046,10046
2015-12-13,10046,10046,10046
2015-12-14,10046,10046,10046
2015-12-15,10046,10046,10046
2015-12-16,10053,10053,10053
2015-12-17,10053,10053,10053
2015-12-18,10053,10053,10053
2015-12-19,10053,10053,10053
2015-12-20,10053,10053,10053
2015-12-21,10053,10053,10053
2015-12-22,10053,10053,10053
2015-12-23,10077,10077,10077
2015-12-24,10077,10077,10077
2015-12-25,10077,10077,10077
2015-12-26,10077,10077,10077
2015-12-27,10077,10077,10077
2015-12-28,10077,10077,10077
2015-12-29,10077,10077,10077
2015-12-30,10117,10117,10117
2015-12-31,10117,10117,10117
2016-01-01,10118,10118,10118
2016-01-02,10118,10118,10118
2016-01-03,10118,10118,10118
2016-01-04,10118,10118,10118
2016-01-05,10118,10118,10118
2016-01-06,10203,10203,10203
2016-01-07,10203,10203,10203
2016-01-08,10203,10203,10203
2016-01-09,10203,10203,10203
2016-01-10,10203,10203,10203
2016-01-11,10203,10203,10203
2016-01-12,10203,10203,10203
2016-01-13,10180,10180,10180
2016-01-14,10180,10180,10180
2016-01-15,10180,10180,10180
2016-01-16,10180,10180,10180
2016-01-17,10180,10180,10180
2016-01-18,10180,10180,10180
2016-01-19,10180,10180,10180
2016-01-20,10181,10181,10181
2016-01-21,10181,10181,10181
2016-01-22,10181,10181,10181
2016-01-23,10181,10181,10181
2016-01-24,10181,10181,10181
2016-01-25,10181,10181,10181
2016-01-26,10181,10181,10181
2016-01-27,10183,10183,10183
2016-01-28,10183,10183,10183
2016-01-29,10183,10183,10183
2016-01-30,10183,10183,10183
2016-01-31,10183,10183,10183
2016-02-01,10177,10177,10177
2016-02-02,10177,10177,10177
2016-02-03,10187,10187,10187
2016-02-04,10187,10187,10187
2016-02-05,10187,10187,10187
2016-02-06,10187,10187,10187
2016-02-07,10187,10187,10187
2016-02-08,10187,10187,10187
2016-02-09,10187,10187,10187
2016-02-10,10187,10187,10187
2016-02-11,10187,10187,10187
2016-02-12,10187,10187,10187
2016-02-13,10187,10187,10187
2016-02-14,10187,10187,10187
2016-02-15,10187,10187,10187
2016-02-16,10187,10187,10187
2016-02-17,10193,10193,10193
2016-02-18,10193,10193,10193
2016-02-19,10193,10193,10193
2016-02-20,10193,10193,10193
2016-02-21,10193,10193,10193
2016-02-22,10193,10193,10193
2016-02-23,10193,10193,10193
2016-02-24,10194,10194,10194
2016-02-25,10194,10194,10194
2016-02-26,10194,10194,10194
2016-02-27,10194,10194,10194
2016-02-28,10194,10194,10194
2016-02-29,10194,10194,10194
2016-03-01,10194,10194,10194
2016-03-02,10199,10199,10199
2016-03-03,10199,10199,10199
2016-03-04,10199,10199,10199
2016-03-05,10199,10199,10199
2016-03-06,10199,10199,10199
2016-03-07,10199,10199,10199
2016-03-08,10199,10199,10199
2016-03-09,10167,10167,10167
2016-03-10,10167,10167,10167
2016-03-11,10167,10167,10167
2016-03-12,10167,10167,10167
2016-03-13,10167,10167,10167
2016-03-14,10167,10167,10167
2016-03-15,10167,10167,10167
2016-03-16,10202,10202,10202
2016-03-17,10202,10202,10202
2016-03-18,10202,10202,10202
2016-03-19,10202,10202,10202
2016-03-20,10202,10202,10202
2016-03-21,10202,10202,10202
2016-03-22,10232,10232,10232
2016-03-23,10207,10207,10207
2016-03-24,10207,10207,10207
2016-03-25,10207,10207,10207
2016-03-26,10207,10207,10207
2016-03-27,10207,10207,10207
2016-03-28,10207,10207,10207
2016-03-29,10207,10207,10207
2016-03-30,10198,10198,10198
2016-03-31,10198,10198,10198
2016-04-01,10200,10200,10200
2016-04-02,10200,10200,10200
2016-04-03,10200,10200,10200
2016-04-04,10200,10200,10200
2016-04-05,10200,10200,10200
2016-04-06,10218,10218,10218
2016-04-07,10218,10218,10218
2016-04-08,10218,10218,10218
2016-04-09,10218,10218,10218
2016-04-10,10218,10218,10218
2016-04-11,10218,10218,10218
2016-04-12,10218,10218,10218
2016-04-13,10265,10265,10265
2016-04-14,10265,10265,10265
2016-04-15,10265,10265,10265
2016-04-16,10265,10265,10265
2016-04-17,10265,10265,10265
2016-04-18,10265,10265,10265
2016-04-19,10265,10265,10265
2016-04-20,10273,10273,10273
2016-04-21,10273,10273,10273
2016-04-22,10273,10273,10273
2016-04-23,10273,10273,10273
2016-04-24,10273,10273,10273
2016-04-25,10273,10273,10273
2016-04-26,10273,10273,10273
2016-04-27,10237,10237,10237
2016-04-28,10237,10237,10237
2016-04-29,10237,10237,10237
2016-04-30,10237,10237,10237
2016-05-01,10260,10260,10260
2016-05-02,10260,10260,10260
2016-05-03,10260,10260,10260
2016-05-04,10260,10260,10260
2016-05-05,10263,10263,10263
2016-05-06,10263,10263,10263
2016-05-07,10263,10263,10263
2016-05-08,10263,10263,10263
2016-05-09,10263,10263,10263
2016-05-10,10277,10277,10277
2016-05-11,10277,10277,10277
2016-05-12,10277,10277,10277
2016-05-13,10277,10277,10277
2016-05-14,10277,10277,10277
2016-05-15,10277,10277,10277
2016-05-16,10277,10277,10277
2016-05-17,10334,10334,10334
2016-05-18,10334,10334,10334
2016-05-19,10334,10334,10334
2016-05-20,10334,10334,10334
2016-05-21,10334,10334,10334
2016-05-22,10334,10334,10334
2016-05-23,10334,10334,10334
2016-05-24,10265,10265,10265
2016-05-25,10265,10265,10265
2016-05-26,10265,10265,10265
2016-05-27,10265,10265,10265
2016-05-28,10265,10265,10265
2016-05-29,10265,10265,10265
2016-05-31,10367,10367,10367
2016-06-01,10366,10366,10366
2016-06-02,10366,10366,10366
2016-06-03,10366,10366,10366
2016-06-04,10366,10366,10366
2016-06-05,10366,10366,10366
2016-06-06,10366,10366,10366
2016-06-07,10384,10384,10384
2016-06-08,10384,10384,10384
2016-06-09,10384,10384,10384
2016-06-10,10384,10384,10384
2016-06-11,10384,10384,10384
2016-06-12,10384,10384,10384
2016-06-13,10384,10384,10384
2016-06-14,10387,10387,10387
2016-06-15,10387,10387,10387
2016-06-16,10387,10387,10387
2016-06-17,10387,10387,10387
2016-06-18,10387,10387,10387
2016-06-19,10387,10387,10387
2016-06-20,10387,10387,10387
2016-06-21,10424,10424,10424
2016-06-22,10424,10424,10424
2016-06-23,10424,10424,10424
2016-06-24,10424,10424,10424
2016-06-25,10424,10424,10424
2016-06-26,10424,10424,10424
2016-06-27,10424,10424,10424
2016-06-28,10441,10441,10441
2016-06-29,10441,10441,10441
2016-06-30,10441,10441,10441
2016-07-01,10442,10442,10442
2016-07-02,10442,10442,10442
2016-07-03,10442,10442,10442
2016-07-04,10442,10442,10442
2016-07-05,10431,10431,10431
2016-07-06,10431,10431,10431
2016-07-07,10431,10431,10431
2016-07-08,10431,10431,10431
2016-07-09,10431,10431,10431
2016-07-10,10431,10431,10431
2016-07-11,10431,10431,10431
2016-07-12,10457,10457,10457
2016-07-13,10457,10457,10457
2016-07-14,10457,10457,10457
2016-07-15,10457,10457,10457
2016-07-16,10457,10457,10457
2016-07-17,10457,10457,10457
2016-07-18,10457,10457,10457
2016-07-19,10445,10445,10445
2016-07-20,10445,10445,10445
2016-07-21,10445,10445,10445
2016-07-22,10445,10445,10445
2016-07-23,10445,10445,10445
2016-07-24,10445,10445,10445
2016-07-25,10445,10445,10445
2016-07-26,10411,10411,10411
2016-07-27,10411,10411,10411
2016-07-28,10411,10411,10411
2016-07-29,10411,10411,10411
2016-07-30,10411,10411,10411
2016-07-31,10411,10411,10411
2016-08-01,10458,10458,10458
2016-08-02,10463,10463,10463
2016-08-03,10463,10463,10463
2016-08-04,10463,10463,10463
2016-08-05,10463,10463,10463
2016-08-06,10463,10463,10463
2016-08-07,10463,10463,10463
2016-08-08,10463,10463,10463
2016-08-09,10570,10570,10570
2016-08-10,10570,10570,10570
2016-08-11,10570,10570,10570
2016-08-12,10570,10570,10570
2016-08-13,10570,10570,10570
2016-08-14,10570,10570,10570
2016-08-15,10570,10570,10570
2016-08-16,10579,10579,10579
2016-08-17,10579,10579,10579
2016-08-18,10579,10579,10579
2016-08-19,10579,10579,10579
2016-08-20,10579,10579,10579
2016-08-21,10579,10579,10579
2016-08-22,10579,10579,10579
2016-08-23,10578,10578,10578
2016-08-24,10578,10578,10578
2016-08-25,10578,10578,10578
2016-08-26,10578,10578,10578
2016-08-27,10578,10578,10578
2016-08-28,10578,10578,10578
2016-08-29,10578,10578,10578
2016-08-30,10631,10631,10631
2016-08-31,10631,10631,10631
2016-09-01,10617,10617,10617
2016-09-02,10617,10617,10617
2016-09-03,10617,10617,10617
2016-09-04,10617,10617,10617
2016-09-05,10617,10617,10617
2016-09-06,10648,10648,10648
2016-09-07,10648,10648,10648
2016-09-08,10648,10648,10648
2016-09-09,10648,10648,10648
2016-09-10,10648,10648,10648
2016-09-11,10648,10648,10648
2016-09-12,10648,10648,10648
2016-09-13,10666,10666,10666
2016-09-14,10666,10666,10666
2016-09-15,10666,10666,10666
2016-09-16,10666,10666,10666
2016-09-17,10666,10666,10666
2016-09-18,10666,10666,10666
2016-09-19,10666,10666,10666
2016-09-20,10673,10673,10673
2016-09-21,10673,10673,10673
2016-09-22,10673,10673,10673
2016-09-23,10673,10673,10673
2016-09-24,10673,10673,10673
2016-09-25,10673,10673,10673
2016-09-26,10673,10673,10673
2016-09-27,10671,10671,10671
2016-09-28,10671,10671,10671
2016-09-29,10671,10671,10671
2016-09-30,10671,10671,10671
2016-10-01,10691,10691,10691
2016-10-02,10691,10691,10691
2016-10-03,10691,10691,10691
2016-10-04,10685,10685,10685
2016-10-05,10685,10685,10685
2016-10-06,10685,10685,10685
2016-10-07,10685,10685,10685
2016-10-08,10685,10685,10685
2016-10-09,10685,10685,10685
2016-10-10,10685,10685,10685
2016-10-11,10721,10721,10721
2016-10-12,10721,10721,10721
2016-10-13,10721,10721,10721
2016-10-14,10721,10721,10721
2016-10-15,10721,10721,10721
2016-10-16,10721,10721,10721
2016-10-17,10721,10721,10721
2016-10-18,10728,10728,10728
2016-10-19,10728,10728,10728
2016-10-20,10728,10728,10728
2016-10-21,10728,10728,10728
2016-10-22,10728,10728,10728
2016-10-23,10728,10728,10728
2016-10-24,10728,10728,10728
2016-10-25,10744,10744,10744
2016-10-26,10744,10744,10744
2016-10-27,10744,10744,10744
2016-10-28,10744,10744,10744
2016-10-29,10744,10744,10744
2016-10-30,10744,10744,10744
2016-10-31,10744,10744,10744
2016-11-01,10753,10753,10753
2016-11-02,10753,10753,10753
2016-11-03,10753,10753,10753
2016-11-04,10753,10753,10753
2016-11-05,10753,10753,10753
2016-11-06,10753,10753,10753
2016-11-07,10753,10753,10753
2016-11-08,10777,10777,10777
2016-11-09,10777,10777,10777
2016-11-10,10777,10777,10777
2016-11-11,10777,10777,10777
2016-11-12,10777,10777,10777
2016-11-13,10777,10777,10777
2016-11-14,10777,10777,10777
2016-11-15,10780,10780,10780
2016-11-16,10780,10780,10780
2016-11-17,10780,10780,10780
2016-11-18,10780,10780,10780
2016-11-19,10780,10780,10780
2016-11-20,10780,10780,10780
2016-11-21,10780,10780,10780
2016-11-22,10837,10837,10837
2016-11-23,10837,10837,10837
2016-11-24,10837,10837,10837
2016-11-25,10837,10837,10837
2016-11-26,10837,10837,10837
2016-11-27,10837,10837,10837
2016-11-28,10837,10837,10837
2016-11-29,10810,10810,10810
2016-11-30,10810,10810,10810
2016-12-01,10810,10810,10810
2016-12-02,10810,10810,10810
2016-12-03,10810,10810,10810
2016-12-04,10810,10810,10810
2016-12-05,10810,10810,10810
2016-12-06,10833,10833,10833
2016-12-07,10833,10833,10833
2016-12-08,10833,10833,10833
2016-12-09,10833,10833,10833
2016-12-10,10833,10833,10833
2016-12-11,10833,10833,10833
2016-12-12,10833,10833,10833
2016-12-13,10844,10844,10844
2016-12-14,10844,10844,10844
2016-12-15,10844,10844,10844
2016-12-16,10844,10844,10844
2016-12-17,10844,10844,10844
2016-12-18,10844,10844,10844
2016-12-19,10844,10844,10844
2016-12-20,10867,10867,10867
2016-12-21,10867,10867,10867
2016-12-22,10867,10867,10867
2016-12-23,10867,10867,10867
2016-12-24,10867,10867,10867
2016-12-25,10867,10867,10867
2016-12-26,10867,10867,10867
2016-12-27,10860,10860,10860
2016-12-28,10860,10860,10860
2016-12-29,10860,10860,10860
2016-12-30,10860,10860,10860
2016-12-31,10860,10860,10860
2017-01-01,10860,10860,10860
2017-01-02,10860,10860,10860
2017-01-03,10887,10887,10887
2017-01-04,10887,10887,10887
2017-01-05,10887,10887,10887
2017-01-06,10887,10887,10887
2017-01-07,10887,10887,10887
2017-01-08,10887,10887,10887
2017-01-09,10887,10887,10887
2017-01-10,10932,10932,10932
2017-01-11,10932,10932,10932
2017-01-12,10932,10932,10932
2017-01-13,10932,10932,10932
2017-01-14,10932,10932,10932
2017-01-15,10932,10932,10932
2017-01-16,10932,10932,10932
2017-01-17,10932,10932,10932
2017-01-18,10932,10932,10932
2017-01-19,10932,10932,10932
2017-01-20,10932,10932,10932
2017-01-21,10932,10932,10932
2017-01-22,10932,10932,10932
2017-01-23,10932,10932,10932
2017-01-24,10932,10932,10932
2017-01-25,10932,10932,10932
2017-01-26,10932,10932,10932
2017-01-27,10932,10932,10932
2017-01-28,10932,10932,10932
2017-01-29,10932,10932,10932
2017-01-30,10932,10932,10932
2017-01-31,10936,10936,10936
2017-02-01,10936,10936,10936
2017-02-02,10936,10936,10936
2017-02-03,10936,10936,10936
2017-02-04,10936,10936,10936
2017-02-05,10936,10936,10936
2017-02-06,10936,10936,10936
2017-02-07,10974,10974,10974
2017-02-08,10974,10974,10974
2017-02-09,10974,10974,10974
2017-02-10,10974,10974,10974
2017-02-11,10974,10974,10974
2017-02-12,10974,10974,10974
2017-02-13,10974,10974,10974
2017-02-14,10977,10977,10977
2017-02-15,10977,10977,10977
2017-02-16,10977,10977,10977
2017-02-17,10977,10977,10977
2017-02-18,10977,10977,10977
2017-02-19,10977,10977,10977
2017-02-20,10977,10977,10977
2017-02-21,11004,11004,11004
2017-02-22,11034,11034,11034
2017-02-23,11034,11034,11034
2017-02-24,11034,11034,11034
2017-02-25,11034,11034,11034
2017-02-26,11034,11034,11034
2017-02-27,11004,11004,11004
2017-02-28,11020,11020,11020
2017-03-01,11020,11020,11020
2017-03-02,11020,11020,11020
2017-03-03,11020,11020,11020
2017-03-04,11020,11020,11020
2017-03-05,11020,11020,11020
2017-03-06,11020,11020,11020
2017-03-07,11031,11031,11031
2017-03-08,11031,11031,11031
2017-03-09,11031,11031,11031
2017-03-10,11031,11031,11031
2017-03-11,11031,11031,11031
2017-03-12,11031,11031,11031
2017-03-13,11031,11031,11031
2017-03-14,11021,11021,11021
2017-03-15,11021,11021,11021
2017-03-16,11021,11021,11021
2017-03-17,11021,11021,11021
2017-03-18,11021,11021,11021
2017-03-19,11021,11021,11021
2017-03-20,11021,11021,11021
2017-03-21,11056,11056,11056
2017-03-22,11056,11056,11056
2017-03-23,11047,11047,11047
2017-03-24,11047,11047,11047
2017-03-25,11047,11047,11047
2017-03-26,11047,11047,11047
2017-03-27,11047,11047,11047
2017-03-28,11059,11059,11059
2017-03-29,11059,11059,11059
2017-03-30,11057,11057,11057
2017-03-31,11057,11057,11057
2017-04-01,11057,11057,11057
2017-04-02,11057,11057,11057
2017-04-03,11057,11057,11057
2017-04-04,11077,11077,11077
2017-04-05,11077,11077,11077
2017-04-06,11077,11077,11077
2017-04-07,11077,11077,11077
2017-04-08,11077,11077,11077
2017-04-09,11077,11077,11077
2017-04-10,11077,11077,11077
2017-04-11,11085,11085,11085
2017-04-12,11085,11085,11085
2017-04-13,11088,11088,11088
2017-04-14,11088,11088,11088
2017-04-15,11088,11088,11088
2017-04-16,11088,11088,11088
2017-04-17,11088,11088,11088
2017-04-18,11103,11103,11103
2017-04-19,11103,11103,11103
2017-04-20,11108,11108,11108
2017-04-21,11108,11108,11108
2017-04-22,11108,11108,11108
2017-04-23,11108,11108,11108
2017-04-24,11108,11108,11108
2017-04-25,11101,11101,11101
2017-04-26,11101,11101,11101
2017-04-27,11119,11119,11119
2017-04-28,11119,11119,11119
2017-04-29,11119,11119,11119
2017-04-30,11119,11119,11119
2017-05-01,11119,11119,11119
2017-05-02,11119,11119,11119
2017-05-03,11119,11119,11119
2017-05-04,11129,11129,11129
2017-05-05,11129,11129,11129
2017-05-06,11129,11129,11129
2017-05-07,11129,11129,11129
2017-05-08,11129,11129,11129
2017-05-09,11136,11136,11136
2017-05-10,11136,11136,11136
2017-05-11,11172,11172,11172
2017-05-12,11172,11172,11172
2017-05-13,11172,11172,11172
2017-05-14,11172,11172,11172
2017-05-15,11172,11172,11172
2017-05-16,11137,11137,11137
2017-05-17,11137,11137,11137
2017-05-18,11153,11153,11153
2017-05-19,11153,11153,11153
2017-05-20,11153,11153,11153
2017-05-21,11153,11153,11153
2017-05-22,11153,11153,11153
2017-05-23,11167,11167,11167
2017-05-24,11167,11167,11167
2017-05-25,11205,11205,11205
2017-05-26,11205,11205,11205
2017-05-27,11205,11205,11205
2017-05-29,11205,11205,11205
2017-05-30,11217,11217,11217
2017-05-31,11217,11217,11217
2017-06-01,11220,11220,11220
2017-06-02,11220,11220,11220
2017-06-03,11220,11220,11220
2017-06-04,11220,11220,11220
2017-06-05,11220,11220,11220
2017-06-06,11187,11187,11187
2017-06-07,11187,11187,11187
2017-06-08,11236,11236,11236
2017-06-09,11236,11236,11236
2017-06-10,11236,11236,11236
2017-06-11,11236,11236,11236
2017-06-12,11236,11236,11236
2017-06-13,11224,11224,11224
2017-06-14,11224,11224,11224
2017-06-15,11255,11255,11255
2017-06-16,11255,11255,11255
2017-06-17,11255,11255,11255
2017-06-18,11255,11255,11255
2017-06-19,11255,11255,11255
2017-06-20,11265,11265,11265
2017-06-21,11265,11265,11265
2017-06-22,11283,11283,11283
2017-06-24,11283,11283,11283
2017-06-25,11283,11283,11283
2017-06-26,11283,11283,11283
2017-06-27,11311,11311,11311
2017-06-28,11311,11311,11311
2017-06-29,11283,11283,11283
2017-06-30,11283,11283,11283
2017-07-01,11283,11283,11283
2017-07-02,11283,11283,11283
2017-07-03,11283,11283,11283
2017-07-04,11277,11277,11277
2017-07-05,11277,11277,11277
2017-07-06,11307,11307,11307
2017-07-07,11307,11307,11307
2017-07-08,11307,11307,11307
2017-07-09,11307,11307,11307
2017-07-10,11307,11307,11307
2017-07-11,11322,11322,11322
2017-07-12,11322,11322,11322
2017-07-13,11333,11333,11333
2017-07-14,11333,11333,11333
2017-07-15,11333,11333,11333
2017-07-16,11333,11333,11333
2017-07-17,11333,11333,11333
2017-07-18,11355,11355,11355
2017-07-19,11355,11355,11355
2017-07-20,11343,11343,11343
2017-07-21,11343,11343,11343
2017-07-22,11343,11343,11343
2017-07-23,11343,11343,11343
2017-07-24,11343,11343,11343
2017-07-25,11363,11363,11363
2017-07-26,11363,11363,11363
2017-07-27,11362,11362,11362
2017-07-28,11362,11362,11362
2017-07-29,11362,11362,11362
2017-07-30,11362,11362,11362
2017-07-31,11362,11362,11362
2017-08-01,11387,11387,11387
2017-08-02,11387,11387,11387
2017-08-03,11374,11374,11374
2017-08-04,11374,11374,11374
2017-08-05,11374,11374,11374
2017-08-06,11374,11374,11374
2017-08-07,11374,11374,11374
2017-08-08,11399,11399,11399
2017-08-09,11399,11399,11399
2017-08-10,11390,11390,11390
2017-08-11,11390,11390,11390
2017-08-12,11390,11390,11390
2017-08-13,11390,11390,11390
2017-08-14,11390,11390,11390
2017-08-15,11438,11438,11438
2017-08-16,11438,11438,11438
2017-08-17,11459,11459,11459
2017-08-18,11459,11459,11459
2017-08-19,11459,11459,11459
2017-08-20,11459,11459,11459
2017-08-21,11459,11459,11459
2017-08-22,11429,11429,11429
2017-08-23,11429,11429,11429
2017-08-24,11420,11420,11420
2017-08-25,11420,11420,11420
2017-08-26,11420,11420,11420
2017-08-27,11420,11420,11420
2017-08-28,11420,11420,11420
2017-08-29,11439,11439,11439
2017-08-30,11439,11439,11439
2017-08-31,11447,11447,11447
2017-09-01,11447,11447,11447
2017-09-02,11447,11447,11447
2017-09-03,11447,11447,11447
2017-09-04,11447,11447,11447
2017-09-05,11463,11463,11463
2017-09-06,11463,11463,11463
2017-09-07,11473,11473,11473
2017-09-08,11473,11473,11473
2017-09-09,11473,11473,11473
2017-09-10,11473,11473,11473
2017-09-11,11473,11473,11473
2017-09-12,11470,11470,11470
2017-09-13,11470,11470,11470
2017-09-14,11474,11474,11474
2017-09-15,11474,11474,11474
2017-09-16,11474,11474,11474
2017-09-17,11474,11474,11474
2017-09-18,11474,11474,11474
2017-09-19,11496,11496,11496
2017-09-20,11496,11496,11496
2017-09-21,11502,11502,11502
2017-09-22,11502,11502,11502
2017-09-23,11502,11502,11502
2017-09-24,11502,11502,11502
2017-09-25,11502,11502,11502
2017-09-26,11510,11510,11510
2017-09-27,11510,11510,11510
2017-09-28,11513,11513,11513
2017-09-29,11513,11513,11513
2017-09-30,11513,11513,11513
2017-10-01,11513,11513,11513
2017-10-02,11513,11513,11513
2017-10-03,11508,11508,11508
2017-10-04,11508,11508,11508
2017-10-05,11505,11505,11505
2017-10-06,11505,11505,11505
2017-10-07,11505,11505,11505
2017-10-08,11505,11505,11505
2017-10-09,11505,11505,11505
2017-10-10,11521,11521,11521
2017-10-11,11521,11521,11521
2017-10-12,11530,11530,11530
2017-10-13,11530,11530,11530
2017-10-14,11530,11530,11530
2017-10-15,11530,11530,11530
2017-10-16,11530,11530,11530
2017-10-17,11547,11547,11547
2017-10-18,11547,11547,11547
2017-10-19,11539,11539,11539
2017-10-20,11539,11539,11539
2017-10-21,11539,11539,11539
2017-10-22,11539,11539,11539
2017-10-23,11539,11539,11539
2017-10-24,11561,11561,11561
2017-10-25,11561,11561,11561
2017-10-26,11562,11562,11562
2017-10-27,11562,11562,11562
2017-10-28,11562,11562,11562
2017-10-29,11562,11562,11562
2017-10-30,11562,11562,11562
2017-10-31,11573,11573,11573
2017-11-01,11573,11573,11573
2017-11-02,11564,11564,11564
2017-11-03,11564,11564,11564
2017-11-04,11564,11564,11564
2017-11-05,11564,11564,11564
2017-11-06,11564,11564,11564
2017-11-07,11590,11590,11590
2017-11-08,11590,11590,11590
2017-11-09,11583,11583,11583
2017-11-10,11583,11583,11583
2017-11-11,11583,11583,11583
2017-11-12,11583,11583,11583
2017-11-13,11583,11583,11583
2017-11-14,11634,11634,11634
2017-11-15,11634,11634,11634
2017-11-16,11613,11613,11613
2017-11-18,11613,11613,11613
2017-11-19,11613,11613,11613
2017-11-20,11613,11613,11613
2017-11-21,11620,11620,11620
2017-11-22,11620,11620,11620
2017-11-23,11632,11632,11632
2017-11-24,11632,11632,11632
2017-11-25,11632,11632,11632
2017-11-26,11632,11632,11632
2017-11-27,11632,11632,11632
2017-11-28,11639,11639,11639
2017-11-29,11639,11639,11639
2017-11-30,11650,11650,11650
2017-12-01,11650,11650,11650
2017-12-02,11650,11650,11650
2017-12-03,11650,11650,11650
2017-12-04,11650,11650,11650
2017-12-05,11669,11669,11669
2017-12-06,11669,11669,11669
2017-12-07,11684,11684,11684
2017-12-08,11684,11684,11684
2017-12-09,11684,11684,11684
2017-12-10,11684,11684,11684
2017-12-11,11684,11684,11684
2017-12-12,11707,11707,11707
2017-12-13,11707,11707,11707
2017-12-14,11711,11711,11711
2017-12-15,11711,11711,11711
2017-12-16,11711,11711,11711
2017-12-17,11711,11711,11711
2017-12-18,11711,11711,11711
2017-12-19,11718,11718,11718
2017-12-20,11718,11718,11718
2017-12-21,11733,11733,11733
2017-12-22,11733,11733,11733
2017-12-23,11733,11733,11733
2017-12-24,11733,11733,11733
2017-12-25,11733,11733,11733
2017-12-26,11728,11728,11728
2017-12-27,11728,11728,11728
2017-12-28,11765,11765,11765
2017-12-29,11765,11765,11765
2017-12-30,11765,11765,11765
2017-12-31,11765,11765,11765
2018-01-01,11765,11765,11765
2018-01-02,11781,11781,11781
2018-01-03,11781,11781,11781
2018-01-04,11833,11833,11833
2018-01-05,11833,11833,11833
2018-01-06,11833,11833,11833
2018-01-07,11833,11833,11833
2018-01-08,11833,11833,11833
2018-01-09,11810,11810,11810
2018-01-10,11810,11810,11810
2018-01-11,11797,11797,11797
2018-01-12,11797,11797,11797
2018-01-13,11797,11797,11797
2018-01-14,11797,11797,11797
2018-01-15,11797,11797,11797
2018-01-16,11837,11837,11837
2018-01-17,11837,11837,11837
2018-01-18,11815,11815,11815
2018-01-19,11815,11815,11815
2018-01-20,11815,11815,11815
2018-01-21,11815,11815,11815
2018-01-22,11815,11815,11815
2018-01-23,11812,11812,11812
2018-01-24,11812,11812,11812
2018-01-25,11817,11817,11817
2018-01-26,11817,11817,11817
2018-01-27,11817,11817,11817
2018-01-28,11817,11817,11817
2018-01-29,11817,11817,11817
2018-01-30,11835,11835,11835
2018-01-31,11835,11835,11835
2018-02-01,11810,11810,11810
2018-02-02,11810,11810,11810
2018-02-03,11810,11810,11810
2018-02-04,11810,11810,11810
2018-02-05,11810,11810,11810
2018-02-06,11856,11856,11856
2018-02-07,11856,11856,11856
2018-02-08,11856,11856,11856
2018-02-09,11856,11856,11856
2018-02-10,11856,11856,11856
2018-02-11,11856,11856,11856
2018-02-12,11856,11856,11856
2018-02-13,11866,11866,11866
2018-02-14,11866,11866,11866
2018-02-15,11866,11866,11866
2018-02-16,11866,11866,11866
2018-02-17,11866,11866,11866
2018-02-18,11866,11866,11866
2018-02-19,11866,11866,11866
2018-02-20,11866,11866,11866
2018-02-21,11866,11866,11866
2018-02-22,11894,11894,11894
2018-02-23,11894,11894,11894
2018-02-24,11894,11894,11894
2018-02-25,11894,11894,11894
2018-02-26,11894,11894,11894
2018-02-27,11892,11892,11892
2018-02-28,11892,11892,11892
2018-03-01,11907,11907,11907
2018-03-02,11907,11907,11907
2018-03-03,11907,11907,11907
2018-03-04,11907,11907,11907
2018-03-05,11907,11907,11907
2018-03-06,11906,11906,11906
2018-03-07,11906,11906,11906
2018-03-08,11911,11911,11911
2018-03-09,11911,11911,11911
2018-03-10,11911,11911,11911
2018-03-11,11911,11911,11911
2018-03-12,11911,11911,11911
2018-03-13,11932,11932,11932
2018-03-14,11932,11932,11932
2018-03-15,11940,11940,11940
2018-03-16,11940,11940,11940
2018-03-17,11940,11940,11940
2018-03-18,11940,11940,11940
2018-03-19,11940,11940,11940
2018-03-20,11957,11957,11957
2018-03-21,11957,11957,11957
2018-03-22,11938,11938,11938
2018-03-23,11938,11938,11938
2018-03-24,11938,11938,11938
2018-03-25,11938,11938,11938
2018-03-26,11938,11938,11938
2018-03-27,11985,11985,11985
2018-03-28,11985,11985,11985
2018-03-29,11980,11980,11980
2018-03-30,11980,11980,11980
2018-03-31,11980,11980,11980
2018-04-01,11980,11980,11980
2018-04-02,11980,11980,11980
2018-04-03,11985,11985,11985
2018-04-04,11985,11985,11985
2018-04-05,11994,11994,11994
2018-04-06,11994,11994,11994
2018-04-07,11994,11994,11994
2018-04-08,11994,11994,11994
2018-04-09,11994,11994,11994
2018-04-10,11985,11985,11985
2018-04-11,11985,11985,11985
2018-04-12,12016,12016,12016
2018-04-13,12016,12016,12016
2018-04-14,12016,12016,12016
2018-04-15,12016,12016,12016
2018-04-16,12016,12016,12016
2018-04-17,12046,12046,12046
2018-04-18,12046,12046,12046
2018-04-19,12044,12044,12044
2018-04-20,12044,12044,12044
2018-04-21,12044,12044,12044
2018-04-22,12044,12044,12044
2018-04-23,12044,12044,12044
2018-04-24,12050,12050,12050
2018-04-25,12050,12050,12050
2018-04-26,12048,12048,12048
2018-04-27,12048,12048,12048
2018-04-28,12048,12048,12048
2018-04-29,12048,12048,12048
2018-04-30,12048,12048,12048
2018-05-01,12048,12048,12048
2018-05-02,12048,12048,12048
2018-05-03,12074,12074,12074
2018-05-04,12074,12074,12074
2018-05-05,12074,12074,12074
2018-05-06,12074,12074,12074
2018-05-07,12074,12074,12074
2018-05-08,12070,12070,12070
2018-05-09,12070,12070,12070
2018-05-10,12075,12075,12075
2018-05-11,12075,12075,12075
2018-05-12,12075,12075,12075
2018-05-13,12075,12075,12075
2018-05-14,12075,12075,12075
2018-05-15,12083,12083,12083
2018-05-16,12083,12083,12083
2018-05-17,12084,12084,12084
2018-05-18,12084,12084,12084
2018-05-19,12084,12084,12084
2018-05-20,12084,12084,12084
2018-05-21,12084,12084,12084
2018-05-22,12136,12136,12136
2018-05-23,12136,12136,12136
2018-05-24,12114,12114,12114
2018-05-25,12114,12114,12114
2018-05-26,12114,12114,12114
2018-05-27,12114,12114,12114
2018-05-28,12114,12114,12114
2018-05-29,12111,12111,12111
2018-05-31,12124,12124,12124
2018-06-01,12124,12124,12124
2018-06-02,12124,12124,12124
2018-06-03,12124,12124,12124
2018-06-04,12124,12124,12124
2018-06-05,12125,12125,12125
2018-06-06,12125,12125,12125
2018-06-07,12127,12127,12127
2018-06-08,12127,12127,12127
2018-06-09,12127,12127,12127
2018-06-10,12127,12127,12127
2018-06-11,12127,12127,12127
2018-06-12,12159,12159,12159
2018-06-13,12159,12159,12159
2018-06-14,12151,12151,12151
2018-06-15,12151,12151,12151
2018-06-16,12151,12151,12151
2018-06-17,12151,12151,12151
2018-06-18,12151,12151,12151
2018-06-19,12171,12171,12171
2018-06-20,12171,12171,12171
2018-06-21,12170,12170,12170
2018-06-22,12170,12170,12170
2018-06-23,12170,12170,12170
2018-06-24,12170,12170,12170
2018-06-25,12170,12170,12170
2018-06-26,12198,12198,12198
2018-06-27,12198,12198,12198
2018-06-28,12198,12198,12198
2018-06-29,12198,12198,12198
2018-06-30,12198,12198,12198
2018-07-01,12198,12198,12198
2018-07-02,12198,12198,12198
2018-07-03,12235,12235,12235
2018-07-04,12228,12228,12228
2018-07-05,12230,12230,12230
2018-07-06,12226,12226,12226
2018-07-07,12226,12226,12226
2018-07-08,12226,12226,12226
2018-07-09,12238,12238,12238
2018-07-10,12231,12231,12231
2018-07-11,12240,12240,12240
2018-07-12,12243,12243,12243
2018-07-13,12238,12238,12238
2018-07-14,12238,12238,12238
2018-07-15,12238,12238,12238
2018-07-16,12238,12238,12238
2018-07-17,12245,12245,12245
2018-07-18,12251,12251,12251
2018-07-19,12248,12248,12248
2018-07-20,12291,12291,12291
2018-07-21,12291,12291,12291
2018-07-22,12291,12291,12291
2018-07-23,12272,12272,12272
2018-07-24,12338,12338,12338
2018-07-25,12294,12294,12294
2018-07-26,12286,12286,12286
2018-07-27,12336,12336,12336
2018-07-28,12336,12336,12336
2018-07-29,12336,12336,12336
2018-07-30,12316,12316,12316
2018-07-31,12319,12319,12319
2018-08-01,12311,12311,12311
2018-08-02,12332,12332,12332
2018-08-03,12312,12312,12312
2018-08-04,12312,12312,12312
2018-08-05,12312,12312,12312
2018-08-06,12334,12334,12334
2018-08-07,12323,12323,12323
2018-08-08,12355,12355,12355
2018-08-09,12339,12339,12339
2018-08-10,12335,12335,12335
2018-08-11,12335,12335,12335
2018-08-12,12335,12335,12335
2018-08-13,12329,12329,12329
2018-08-14,12333,12333,12333
2018-08-15,12347,12347,12347
2018-08-16,12348,12348,12348
2018-08-17,12374,12374,12374
2018-08-18,12374,12374,12374
2018-08-19,12374,12374,12374
2018-08-20,12341,12341,12341
2018-08-21,12354,12354,12354
2018-08-22,12345,12345,12345
2018-08-23,12356,12356,12356
2018-08-24,12374,12374,12374
2018-08-25,12374,12374,12374
2018-08-26,12374,12374,12374
2018-08-27,12378,12378,12378
2018-08-28,12361,12361,12361
2018-08-29,12365,12365,12365
2018-08-31,12394,12394,12394
2018-09-01,12394,12394,12394
2018-09-02,12394,12394,12394
2018-09-03,12394,12394,12394
2018-09-04,12376,12376,12376
2018-09-05,12393,12393,12393
2018-09-06,12386,12386,12386
2018-09-07,12407,12407,12407
2018-09-08,12407,12407,12407
2018-09-09,12407,12407,12407
2018-09-10,12405,12405,12405
2018-09-11,12393,12393,12393
2018-09-12,12421,12421,12421
2018-09-13,12421,12421,12421
2018-09-14,12414,12414,12414
2018-09-15,12414,12414,12414
2018-09-16,12414,12414,12414
2018-09-17,12395,12395,12395
2018-09-18,12436,12436,12436
2018-09-19,12452,12452,12452
2018-09-20,12439,12439,12439
2018-09-21,12444,12444,12444
2018-09-22,12444,12444,12444
2018-09-23,12444,12444,12444
2018-09-24,12412,12412,12412
2018-09-25,12453,12453,12453
2018-09-26,12434,12434,12434
2018-09-27,12434,12434,12434
2018-09-28,12473,12473,12473
2018-09-29,12473,12473,12473
2018-09-30,12473,12473,12473
2018-10-01,12474,12474,12474
2018-10-02,12467,12467,12467
2018-10-03,12487,12487,12487
2018-10-04,12477,12477,12477
2018-10-05,12489,12489,12489
2018-10-06,12489,12489,12489
2018-10-07,12489,12489,12489
2018-10-08,12497,12497,12497
2018-10-09,12459,12459,12459
2018-10-10,12489,12489,12489
2018-10-11,12460,12460,12460
2018-10-12,12473,12473,12473
2018-10-13,12473,12473,12473
2018-10-14,12473,12473,12473
2018-10-15,12496,12496,12496
2018-10-16,12509,12509,12509
2018-10-17,12512,12512,12512
2018-10-18,12534,12534,12534
2018-10-19,12534,12534,12534
2018-10-20,12534,12534,12534
2018-10-21,12534,12534,12534
2018-10-22,12511,12511,12511
2018-10-23,12524,12524,12524
2018-10-24,12515,12515,12515
2018-10-25,12522,12522,12522
2018-10-26,12527,12527,12527
2018-10-27,12527,12527,12527
2018-10-28,12527,12527,12527
2018-10-29,12519,12519,12519
2018-10-30,12530,12530,12530
2018-10-31,12528,12528,12528
2018-11-01,12527,12527,12527
2018-11-02,12531,12531,12531
2018-11-03,12531,12531,12531
2018-11-04,12531,12531,12531
2018-11-05,12536,12536,12536
2018-11-06,12534,12534,12534
2018-11-07,12540,12540,12540
2018-11-08,12538,12538,12538
2018-11-09,12537,12537,12537
2018-11-10,12537,12537,12537
2018-11-11,12537,12537,12537
2018-11-12,12550,12550,12550
2018-11-13,12550,12550,12550
2018-11-14,12551,12551,12551
2018-11-15,12566,12566,12566
2018-11-16,12561,12561,12561
2018-11-17,12561,12561,12561
2018-11-18,12561,12561,12561
2018-11-19,12569,12569,12569
2018-11-20,12581,12581,12581
2018-11-21,12585,12585,12585
2018-11-22,12586,12586,12586
2018-11-23,12588,12588,12588
2018-11-24,12588,12588,12588
2018-11-25,12588,12588,12588
2018-11-26,12587,12587,12587
2018-11-27,12590,12590,12590
2018-11-28,12591,12591,12591
2018-11-29,12603,12603,12603
2018-11-30,12606,12606,12606
2018-12-01,12606,12606,12606
2018-12-02,12606,12606,12606
2018-12-03,12607,12607,12607
2018-12-04,12608,12608,12608
2018-12-05,12626,12626,12626
2018-12-06,12617,12617,12617
2018-12-07,12632,12632,12632
2018-12-08,12632,12632,12632
2018-12-09,12632,12632,12632
2018-12-10,12624,12624,12624
2018-12-11,12622,12622,12622
2018-12-12,12634,12634,12634
2018-12-13,12625,12625,12625
2018-12-14,12666,12666,12666
2018-12-15,12666,12666,12666
2018-12-16,12666,12666,12666
2018-12-17,12655,12655,12655
2018-12-18,12680,12680,12680
2018-12-19,12677,12677,12677
2018-12-20,12681,12681,12681
2018-12-21,12690,12690,12690
2018-12-22,12690,12690,12690
2018-12-23,12690,12690,12690
2018-12-24,12698,12698,12698
2018-12-25,12690,12690,12690
2018-12-26,12699,12699,12699
2018-12-27,12693,12693,12693
2018-12-28,12725,12725,12725
2018-12-29,12725,12725,12725
2018-12-30,12725,12725,12725
2018-12-31,12725,12725,12725
2019-01-01,12725,12725,12725
2019-01-02,12741,12741,12741
2019-01-03,12735,12735,12735
2019-01-04,12743,12743,12743
2019-01-05,12743,12743,12743
2019-01-06,12743,12743,12743
2019-01-07,12751,12751,12751
2019-01-08,12747,12747,12747
2019-01-09,12746,12746,12746
2019-01-10,12757,12757,12757
2019-01-11,12761,12761,12761
2019-01-12,12761,12761,12761
2019-01-13,12761,12761,12761
2019-01-14,12761,12761,12761
2019-01-15,12765,12765,12765
2019-01-16,12772,12772,12772
2019-01-17,12760,12760,12760
2019-01-18,12773,12773,12773
2019-01-19,12773,12773,12773
2019-01-20,12773,12773,12773
2019-01-21,12775,12775,12775
2019-01-22,12788,12788,12788
2019-01-23,12791,12791,12791
2019-01-24,12792,12792,12792
2019-01-25,12795,12795,12795
2019-01-26,12795,12795,12795
2019-01-27,12795,12795,12795
2019-01-28,12782,12782,12782
2019-01-29,12774,12774,12774
2019-01-30,12784,12784,12784
2019-01-31,12793,12793,12793
2019-02-01,12817,12817,12817
2019-02-02,12817,12817,12817
2019-02-03,12817,12817,12817
2019-02-04,12817,12817,12817
2019-02-05,12817,12817,12817
2019-02-06,12817,12817,12817
2019-02-07,12817,12817,12817
2019-02-08,12817,12817,12817
2019-02-09,12817,12817,12817
2019-02-10,12817,12817,12817
2019-02-11,12796,12796,12796
2019-02-12,12806,12806,12806
2019-02-13,12805,12805,12805
2019-02-14,12812,12812,12812
2019-02-15,12841,12841,12841
2019-02-16,12841,12841,12841
2019-02-17,12841,12841,12841
2019-02-18,12841,12841,12841
2019-02-19,12861,12861,12861
2019-02-20,12842,12842,12842
2019-02-21,12862,12862,12862
2019-02-22,12843,12843,12843
2019-02-23,12843,12843,12843
2019-02-24,12843,12843,12843
2019-02-25,12854,12854,12854
2019-02-26,12855,12855,12855
2019-02-27,12865,12865,12865
2019-02-28,12875,12875,12875
2019-03-01,12884,12884,12884
2019-03-02,12884,12884,12884
2019-03-03,12884,12884,12884
2019-03-04,12881,12881,12881
2019-03-05,12892,12892,12892
2019-03-06,12888,12888,12888
2019-03-07,12931,12931,12931
2019-03-08,12934,12934,12934
2019-03-09,12934,12934,12934
2019-03-10,12934,12934,12934
2019-03-11,12934,12934,12934
2019-03-12,12917,12917,12917
2019-03-13,12912,12912,12912
2019-03-14,12916,12916,12916
2019-03-15,12917,12917,12917
2019-03-16,12917,12917,12917
2019-03-17,12917,12917,12917
2019-03-18,12916,12916,12916
2019-03-19,12924,12924,12924
2019-03-20,12936,12936,12936
2019-03-21,12927,12927,12927
2019-03-22,12939,12939,12939
2019-03-23,12939,12939,12939
2019-03-25,12942,12942,12942
2019-03-26,12948,12948,12948
2019-03-27,12954,12954,12954
2019-03-28,12957,12957,12957
2019-03-29,12953,12953,12953
2019-03-30,12953,12953,12953
2019-03-31,12953,12953,12953
2019-04-01,12957,12957,12957
2019-04-02,12961,12961,12961
2019-04-03,12962,12962,12962
2019-04-04,12964,12964,12964
2019-04-05,12965,12965,12965
2019-04-06,12965,12965,12965
2019-04-07,12965,12965,12965
2019-04-08,12970,12970,12970
2019-04-09,12974,12974,12974
2019-04-10,12977,12977,12977
2019-04-11,12973,12973,12973
2019-04-12,12993,12993,12993
2019-04-13,12993,12993,12993
2019-04-14,12993,12993,12993
2019-04-15,12993,12993,12993
2019-04-16,12999,12999,12999
2019-04-17,12999,12999,12999
2019-04-18,12992,12992,12992
2019-04-19,13010,13010,13010
2019-04-20,13010,13010,13010
2019-04-21,13010,13010,13010
2019-04-22,13011,13011,13011
2019-04-23,13020,13020,13020
2019-04-24,13021,13021,13021
2019-04-25,13026,13026,13026
2019-04-26,13024,13024,13024
2019-04-27,13024,13024,13024
2019-04-28,13024,13024,13024
2019-04-29,13024,13024,13024
2019-04-30,13024,13024,13024
2019-05-01,13024,13024,13024
2019-05-02,13039,13039,13039
2019-05-03,13039,13039,13039
2019-05-04,13039,13039,13039
2019-05-05,13039,13039,13039
2019-05-06,13043,13043,13043
2019-05-07,13053,13053,13053
2019-05-08,13053,13053,13053
2019-05-09,13054,13054,13054
2019-05-10,13052,13052,13052
2019-05-11,13052,13052,13052
2019-05-12,13052,13052,13052
2019-05-13,13053,13053,13053
2019-05-14,13051,13051,13051
2019-05-15,13054,13054,13054
2019-05-16,13056,13056,13056
2019-05-17,13055,13055,13055
2019-05-18,13055,13055,13055
2019-05-19,13055,13055,13055
2019-05-20,13063,13063,13063
2019-05-21,13066,13066,13066
2019-05-22,13068,13068,13068
2019-05-23,13085,13085,13085
2019-05-24,13087,13087,13087
2019-05-25,13087,13087,13087
2019-05-26,13087,13087,13087
2019-05-27,13087,13087,13087
2019-05-28,13087,13087,13087
2019-05-29,13097,13097,13097
2019-05-30,13095,13095,13095
2019-05-31,13094,13094,13094
2019-06-01,13094,13094,13094
2019-06-02,13094,13094,13094
2019-06-03,13099,13099,13099
2019-06-04,13134,13134,13134
2019-06-05,13134,13134,13134
2019-06-06,13107,13107,13107
2019-06-07,13110,13110,13110
2019-06-08,13110,13110,13110
2019-06-09,13110,13110,13110
2019-06-10,13119,13119,13119
2019-06-11,13120,13120,13120
2019-06-12,13123,13123,13123
2019-06-13,13129,13129,13129
2019-06-14,13129,13129,13129
2019-06-15,13129,13129,13129
2019-06-16,13129,13129,13129
2019-06-17,13132,13132,13132
2019-06-18,13141,13141,13141
2019-06-19,13142,13142,13142
2019-06-20,13142,13142,13142
2019-06-21,13148,13148,13148
2019-06-22,13148,13148,13148
2019-06-23,13148,13148,13148
2019-06-24,13150,13150,13150
2019-06-25,13153,13153,13153
2019-06-26,13156,13156,13156
2019-06-27,13189,13189,13189
2019-06-28,13190,13190,13190
2019-06-29,13190,13190,13190
2019-06-30,13190,13190,13190
2019-07-01,13193,13193,13193
2019-07-02,13196,13196,13196
2019-07-03,13205,13205,13205
2019-07-04,13211,13211,13211
2019-07-05,13221,13221,13221
2019-07-06,13221,13221,13221
2019-07-07,13221,13221,13221
2019-07-08,13228,13228,13228
2019-07-09,13232,13232,13232
2019-07-10,13232,13232,13232
2019-07-11,13234,13234,13234
2019-07-12,13235,13235,13235
2019-07-13,13235,13235,13235
2019-07-14,13235,13235,13235
2019-07-15,13246,13246,13246
2019-07-16,13232,13232,13232
2019-07-17,13238,13238,13238
2019-07-18,13237,13237,13237
2019-07-19,13251,13251,13251
2019-07-20,13251,13251,13251
2019-07-21,13251,13251,13251
2019-07-22,13258,13258,13258
2019-07-23,13268,13268,13268
2019-07-24,13263,13263,13263
2019-07-25,13273,13273,13273
2019-07-26,13275,13275,13275
2019-07-27,13275,13275,13275
2019-07-28,13275,13275,13275
2019-07-29,13280,13280,13280
2019-07-30,13281,13281,13281
2019-07-31,13285,13285,13285
2019-08-01,13288,13288,13288
2019-08-02,13290,13290,13290
2019-08-03,13290,13290,13290
2019-08-04,13290,13290,13290
2019-08-05,13293,13293,13293
2019-08-06,13297,13297,13297
2019-08-07,13298,13298,13298
2019-08-08,13306,13306,13306
2019-08-09,13342,13342,13342
2019-08-10,13342,13342,13342
2019-08-11,13342,13342,13342
2019-08-12,13351,13351,13351
2019-08-13,13356,13356,13356
2019-08-14,13354,13354,13354
2019-08-15,13359,13359,13359
2019-08-16,13365,13365,13365
2019-08-17,13365,13365,13365
2019-08-18,13365,13365,13365
2019-08-19,13369,13369,13369
2019-08-20,13370,13370,13370
2019-08-21,13372,13372,13372
2019-08-22,13375,13375,13375
2019-08-23,13369,13369,13369
2019-08-24,13369,13369,13369
2019-08-25,13369,13369,13369
2019-08-26,13385,13385,13385
2019-08-27,13378,13378,13378
2019-08-28,13380,13380,13380
2019-08-29,13385,13385,13385
2019-08-30,13391,13391,13391
2019-08-31,13391,13391,13391
2019-09-01,13391,13391,13391
2019-09-02,13391,13391,13391
2019-09-03,13424,13424,13424
2019-09-04,13417,13417,13417
2019-09-05,13433,13433,13433
2019-09-06,13431,13431,13431
2019-09-07,13431,13431,13431
2019-09-08,13431,13431,13431
2019-09-09,13440,13440,13440
2019-09-10,13444,13444,13444
2019-09-11,13407,13407,13407
2019-09-12,13447,13447,13447
2019-09-13,13409,13409,13409
2019-09-14,13409,13409,13409
2019-09-15,13409,13409,13409
2019-09-16,13426,13426,13426
2019-09-17,13431,13431,13431
2019-09-18,13427,13427,13427
2019-09-19,13436,13436,13436
2019-09-20,13433,13433,13433
2019-09-21,13433,13433,13433
2019-09-22,13433,13433,13433
2019-09-23,13475,13475,13475
2019-09-24,13469,13469,13469
2019-09-25,13477,13477,13477
2019-09-26,13442,13442,13442
2019-09-27,13432,13432,13432
2019-09-28,13432,13432,13432
2019-09-29,13432,13432,13432
2019-09-30,13438,13438,13438
2019-10-01,13478,13478,13478
2019-10-02,13481,13481,13481
2019-10-03,13482,13482,13482
2019-10-04,13485,13485,13485
2019-10-05,13485,13485,13485
2019-10-06,13485,13485,13485
2019-10-07,13499,13499,13499
2019-10-08,13495,13495,13495
2019-10-09,13496,13496,13496
2019-10-10,13495,13495,13495
2019-10-11,13463,13463,13463
2019-10-12,13463,13463,13463
2019-10-13,13463,13463,13463
2019-10-14,13453,13453,13453
2019-10-15,13456,13456,13456
2019-10-16,13490,13490,13490
2019-10-17,13494,13494,13494
2019-10-18,13496,13496,13496
2019-10-19,13496,13496,13496
2019-10-20,13496,13496,13496
2019-10-21,13503,13503,13503
2019-10-22,13505,13505,13505
2019-10-23,13507,13507,13507
2019-10-24,13540,13540,13540
2019-10-25,13524,13524,13524
2019-10-26,13524,13524,13524
2019-10-27,13524,13524,13524
2019-10-28,13532,13532,13532
2019-10-29,13535,13535,13535
2019-10-30,13537,13537,13537
2019-10-31,13540,13540,13540
2019-11-01,13542,13542,13542
2019-11-02,13542,13542,13542
2019-11-03,13542,13542,13542
2019-11-04,13550,13550,13550
2019-11-05,13552,13552,13552
2019-11-06,13554,13554,13554
2019-11-07,13575,13575,13575
2019-11-08,13542,13542,13542
2019-11-09,13542,13542,13542
2019-11-10,13542,13542,13542
2019-11-11,13585,13585,13585
2019-11-12,13586,13586,13586
2019-11-13,13591,13591,13591
2019-11-14,13594,13594,13594
2019-11-15,13575,13575,13575
2019-11-16,13575,13575,13575
2019-11-17,13575,13575,13575
2019-11-18,13575,13575,13575
2019-11-19,13578,13578,13578
2019-11-20,13605,13605,13605
2019-11-21,13607,13607,13607
2019-11-22,13610,13610,13610
2019-11-23,13610,13610,13610
2019-11-24,13610,13610,13610
2019-11-25,13618,13618,13618
2019-11-26,13620,13620,13620
2019-11-27,13621,13621,13621
2019-11-28,13628,13628,13628
2019-11-29,13618,13618,13618
2019-11-30,13618,13618,13618
2019-12-01,13618,13618,13618
2019-12-02,13625,13625,13625
2019-12-03,13628,13628,13628
2019-12-04,13631,13631,13631
2019-12-05,13642,13642,13642
2019-12-06,13645,13645,13645
2019-12-07,13645,13645,13645
2019-12-08,13645,13645,13645
2019-12-09,13651,13651,13651
2019-12-10,13655,13655,13655
2019-12-11,13658,13658,13658
2019-12-12,13661,13661,13661
2019-12-13,13635,13635,13635
2019-12-14,13635,13635,13635
2019-12-15,13635,13635,13635
2019-12-16,13668,13668,13668
2019-12-17,13674,13674,13674
2019-12-18,13678,13678,13678
2019-12-19,13678,13678,13678
2019-12-20,13695,13695,13695
2019-12-21,13695,13695,13695
2019-12-22,13695,13695,13695
2019-12-23,13702,13702,13702
2019-12-24,13706,13706,13706
2019-12-25,13708,13708,13708
2019-12-26,13713,13713,13713
2019-12-27,13713,13713,13713
2019-12-28,13713,13713,13713
2019-12-29,13713,13713,13713
2019-12-30,13733,13733,13733
2019-12-31,13764,13764,13764
2020-01-01,13764,13764,13764
2020-01-02,13767,13767,13767
2020-01-03,13769,13769,13769
2020-01-04,13769,13769,13769
2020-01-05,13769,13769,13769
2020-01-06,13777,13777,13777
2020-01-07,13780,13780,13780
2020-01-08,13790,13790,13790
2020-01-09,13789,13789,13789
2020-01-10,13798,13798,13798
2020-01-11,13798,13798,13798
2020-01-12,13798,13798,13798
2020-01-13,13800,13800,13800
2020-01-14,13814,13814,13814
2020-01-15,13814,13814,13814
2020-01-16,13817,13817,13817
2020-01-17,13808,13808,13808
2020-01-18,13808,13808,13808
2020-01-19,13808,13808,13808
2020-01-20,13784,13784,13784
2020-01-21,13788,13788,13788
2020-01-22,13796,13796,13796
2020-01-23,13796,13796,13796
2020-01-24,13796,13796,13796
2020-01-25,13796,13796,13796
2020-01-26,13796,13796,13796
2020-01-27,13796,13796,13796
2020-01-28,13796,13796,13796
2020-01-29,13796,13796,13796
2020-01-30,13819,13819,13819
2020-01-31,13822,13822,13822
2020-02-01,13822,13822,13822
2020-02-02,13822,13822,13822
2020-02-03,13827,13827,13827
2020-02-04,13828,13828,13828
2020-02-05,13832,13832,13832
2020-02-06,13835,13835,13835
2020-02-07,13864,13864,13864
2020-02-08,13864,13864,13864
2020-02-09,13864,13864,13864
2020-02-10,13870,13870,13870
2020-02-11,13874,13874,13874
2020-02-12,13882,13882,13882
2020-02-13,13841,13841,13841
2020-02-14,13846,13846,13846
2020-02-15,13846,13846,13846
2020-02-16,13846,13846,13846
2020-02-17,13852,13852,13852
2020-02-18,13855,13855,13855
2020-02-19,13854,13854,13854
2020-02-20,13858,13858,13858
2020-02-21,13894,13894,13894
2020-02-22,13894,13894,13894
2020-02-23,13894,13894,13894
2020-02-24,13933,13933,13933
2020-02-25,13905,13905,13905
2020-02-26,13908,13908,13908
2020-02-27,13905,13905,13905
2020-02-28,13937,13937,13937
2020-02-29,13937,13937,13937
2020-03-01,13937,13937,13937
2020-03-02,13919,13919,13919
2020-03-03,13918,13918,13918
2020-03-04,13920,13920,13920
2020-03-05,13924,13924,13924
2020-03-06,13921,13921,13921
2020-03-07,13921,13921,13921
2020-03-08,13921,13921,13921
2020-03-09,13923,13923,13923
2020-03-10,13934,13934,13934
2020-03-11,13939,13939,13939
2020-03-12,13950,13950,13950
2020-03-13,13954,13954,13954
2020-03-14,13954,13954,13954
2020-03-15,13954,13954,13954
2020-03-16,13960,13960,13960
2020-03-17,13960,13960,13960
2020-03-18,13967,13967,13967
2020-03-19,13969,13969,13969
2020-03-20,13970,13970,13970
2020-03-21,13970,13970,13970
2020-03-22,13970,13970,13970
2020-03-23,13978,13978,13978
2020-03-24,13981,13981,13981
2020-03-25,13984,13984,13984
2020-03-26,13988,13988,13988
2020-03-27,13989,13989,13989
2020-03-28,13989,13989,13989
2020-03-29,13989,13989,13989
2020-03-30,14001,14001,14001
2020-03-31,14034,14034,14034
2020-04-01,14040,14040,14040
2020-04-02,14000,14000,14000
2020-04-03,14047,14047,14047
2020-04-04,14047,14047,14047
2020-04-05,14047,14047,14047
2020-04-06,14023,14023,14023
2020-04-07,14020,14020,14020
2020-04-08,14024,14024,14024
2020-04-09,14006,14006,14006
2020-04-10,14039,14039,14039
2020-04-11,14039,14039,14039
2020-04-12,14009,14009,14009
2020-04-13,14016,14016,14016
2020-04-14,14020,14020,14020
2020-04-15,14023,14023,14023
2020-04-16,14026,14026,14026
2020-04-17,14029,14029,14029
2020-04-18,14029,14029,14029
2020-04-19,14029,14029,14029
2020-04-20,14035,14035,14035
2020-04-21,14034,14034,14034
2020-04-22,14035,14035,14035
2020-04-23,14038,14038,14038
2020-04-24,14039,14039,14039
2020-04-25,14039,14039,14039
2020-04-26,14039,14039,14039
2020-04-27,14037,14037,14037
2020-04-28,14041,14041,14041
2020-04-29,14062,14062,14062
2020-04-30,14062,14062,14062
2020-05-01,14062,14062,14062
2020-05-02,14062,14062,14062
2020-05-03,14062,14062,14062
2020-05-04,14066,14066,14066
2020-05-05,14073,14073,14073
2020-05-06,14077,14077,14077
2020-05-07,14091,14091,14091
2020-05-08,14094,14094,14094
2020-05-09,14094,14094,14094
2020-05-10,14094,14094,14094
2020-05-11,14101,14101,14101
2020-05-12,14103,14103,14103
2020-05-13,14099,14099,14099
2020-05-14,14102,14102,14102
2020-05-15,14103,14103,14103
2020-05-16,14103,14103,14103
2020-05-17,14103,14103,14103
2020-05-18,14109,14109,14109
2020-05-19,14113,14113,14113
2020-05-20,14106,14106,14106
2020-05-21,14100,14100,14100
2020-05-22,14103,14103,14103
2020-05-23,14103,14103,14103
2020-05-24,14103,14103,14103
2020-05-25,14099,14099,14099
2020-05-26,14102,14102,14102
2020-05-27,14115,14115,14115
2020-05-28,14115,14115,14115
2020-05-29,14118,14118,14118
2020-05-30,14118,14118,14118
2020-05-31,14118,14118,14118
2020-06-01,14127,14127,14127
2020-06-02,14128,14128,14128
2020-06-03,14131,14131,14131
2020-06-04,14131,14131,14131
2020-06-05,14132,14132,14132
2020-06-06,14132,14132,14132
2020-06-07,14132,14132,14132
2020-06-08,14138,14138,14138
2020-06-09,14142,14142,14142
2020-06-10,14146,14146,14146
2020-06-11,14150,14150,14150
2020-06-12,14151,14151,14151
2020-06-13,14151,14151,14151
2020-06-14,14151,14151,14151
2020-06-15,14159,14159,14159
2020-06-16,14164,14164,14164
2020-06-17,14162,14162,14162
2020-06-18,14161,14161,14161
2020-06-19,14164,14164,14164
2020-06-20,14164,14164,14164
2020-06-21,14164,14164,14164
2020-06-22,14173,14173,14173
2020-06-23,14176,14176,14176
2020-06-24,14178,14178,14178
2020-06-25,14180,14180,14180
2020-06-26,14190,14190,14190
2020-06-27,14190,14190,14190
2020-06-28,14190,14190,14190
2020-06-29,14196,14196,14196
2020-06-30,14202,14202,14202
2020-07-01,14204,14204,14204
2020-07-02,14203,14203,14203
2020-07-03,14206,14206,14206
2020-07-04,14206,14206,14206
2020-07-05,14206,14206,14206
2020-07-06,14216,14216,14216
2020-07-07,14222,14222,14222
2020-07-08,14225,14225,14225
2020-07-09,14238,14238,14238
2020-07-10,14228,14228,14228
2020-07-11,14228,14228,14228
2020-07-12,14228,14228,14228
2020-07-13,14235,14235,14235
2020-07-14,14240,14240,14240
2020-07-15,14241,14241,14241
2020-07-16,14245,14245,14245
2020-07-17,14246,14246,14246
2020-07-18,14246,14246,14246
2020-07-19,14246,14246,14246
2020-07-20,14255,14255,14255
2020-07-21,14285,14285,14285
2020-07-22,14264,14264,14264
2020-07-23,14267,14267,14267
2020-07-24,14270,14270,14270
2020-07-25,14270,14270,14270
2020-07-26,14270,14270,14270
2020-07-27,14274,14274,14274
2020-07-28,14310,14310,14310
2020-07-29,14309,14309,14309
2020-07-30,14278,14278,14278
2020-07-31,14280,14280,14280
2020-08-01,14280,14280,14280
2020-08-02,14280,14280,14280
2020-08-03,14286,14286,14286
2020-08-04,14294,14294,14294
2020-08-05,14296,14296,14296
2020-08-06,14298,14298,14298
2020-08-07,14303,14303,14303
2020-08-08,14303,14303,14303
2020-08-09,14303,14303,14303
2020-08-10,14290,14290,14290
2020-08-11,14289,14289,14289
2020-08-12,14299,14299,14299
2020-08-13,14313,14313,14313
2020-08-14,14343,14343,14343
2020-08-15,14343,14343,14343
2020-08-16,14343,14343,14343
2020-08-17,14352,14352,14352
2020-08-18,14354,14354,14354
2020-08-19,14356,14356,14356
2020-08-20,14357,14357,14357
2020-08-21,14361,14361,14361
2020-08-22,14361,14361,14361
2020-08-23,14361,14361,14361
2020-08-24,14367,14367,14367
2020-08-25,14389,14389,14389
2020-08-26,14377,14377,14377
2020-08-27,14396,14396,14396
2020-08-28,14382,14382,14382
2020-08-29,14382,14382,14382
2020-08-30,14382,14382,14382
2020-08-31,14409,14409,14409
2020-09-01,14412,14412,14412
2020-09-02,14412,14412,14412
2020-09-03,14414,14414,14414
2020-09-04,14412,14412,14412
2020-09-05,14412,14412,14412
2020-09-06,14412,14412,14412
2020-09-07,14435,14435,14435
2020-09-08,14422,14422,14422
2020-09-09,14423,14423,14423
2020-09-10,14428,14428,14428
2020-09-11,14382,14382,14382
2020-09-12,14382,14382,14382
2020-09-13,14382,14382,14382
2020-09-14,14414,14414,14414
2020-09-15,14413,14413,14413
2020-09-16,14424,14424,14424
2020-09-17,14436,14436,14436
2020-09-18,14401,14401,14401
2020-09-19,14401,14401,14401
2020-09-20,14401,14401,14401
2020-09-21,14411,14411,14411
2020-09-22,14407,14407,14407
2020-09-23,14415,14415,14415
2020-09-24,14422,14422,14422
2020-09-25,14421,14421,14421
2020-09-26,14421,14421,14421
2020-09-27,14421,14421,14421
2020-09-28,14427,14427,14427
2020-09-29,14422,14422,14422
2020-09-30,14426,14426,14426
2020-10-01,14437,14437,14437
2020-10-02,14459,14459,14459
2020-10-03,14459,14459,14459
2020-10-04,14459,14459,14459
2020-10-05,14430,14430,14430
2020-10-06,14445,14445,14445
2020-10-07,14436,14436,14436
2020-10-08,14446,14446,14446
2020-10-09,14450,14450,14450
2020-10-10,14450,14450,14450
2020-10-11,14450,14450,14450
2020-10-12,14466,14466,14466
2020-10-13,14437,14437,14437
2020-10-14,14461,14461,14461
2020-10-15,14447,14447,14447
2020-10-16,14471,14471,14471
2020-10-17,14471,14471,14471
2020-10-18,14471,14471,14471
2020-10-19,14484,14484,14484
2020-10-20,14483,14483,14483
2020-10-21,14486,14486,14486
2020-10-22,14486,14486,14486
2020-10-23,14492,14492,14492
2020-10-24,14492,14492,14492
2020-10-25,14492,14492,14492
2020-10-26,14508,14508,14508
2020-10-27,14511,14511,14511
2020-10-28,14503,14503,14503
2020-10-29,14500,14500,14500
2020-10-30,14511,14511,14511
2020-10-31,14511,14511,14511
2020-11-01,14511,14511,14511
2020-11-02,14504,14504,14504
2020-11-03,14514,14514,14514
2020-11-04,14524,14524,14524
2020-11-05,14530,14530,14530
2020-11-06,14530,14530,14530
2020-11-07,14530,14530,14530
2020-11-08,14530,14530,14530
2020-11-09,14526,14526,14526
2020-11-10,14542,14542,14542
2020-11-11,14550,14550,14550
2020-11-12,14558,14558,14558
2020-11-13,14547,14547,14547
2020-11-14,14547,14547,14547
2020-11-15,14547,14547,14547
2020-11-16,14564,14564,14564
2020-11-17,14562,14562,14562
2020-11-18,14552,14552,14552
2020-11-19,14547,14547,14547
2020-11-20,14571,14571,14571
2020-11-21,14571,14571,14571
2020-11-22,14571,14571,14571
2020-11-23,14576,14576,14576
2020-11-24,14585,14585,14585
2020-11-25,14567,14567,14567
2020-11-26,14602,14602,14602
2020-11-27,14610,14610,14610
2020-11-28,14610,14610,14610
2020-11-29,14610,14610,14610
2020-11-30,14621,14621,14621
2020-12-01,14618,14618,14618
2020-12-02,14630,14630,14630
2020-12-03,14598,14598,14598
2020-12-04,14593,14593,14593
2020-12-05,14593,14593,14593
2020-12-06,14593,14593,14593
2020-12-07,14617,14617,14617
2020-12-08,14599,14599,14599
2020-12-09,14607,14607,14607
2020-12-10,14604,14604,14604
2020-12-11,14611,14611,14611
2020-12-12,14611,14611,14611
2020-12-13,14611,14611,14611
2020-12-14,14630,14630,14630
2020-12-15,14617,14617,14617
2020-12-16,14621,14621,14621
2020-12-17,14630,14630,14630
2020-12-18,14623,14623,14623
2020-12-19,14623,14623,14623
2020-12-20,14623,14623,14623
2020-12-21,14635,14635,14635
2020-12-22,14634,14634,14634
2020-12-23,14636,14636,14636
2020-12-24,14639,14639,14639
2020-12-25,14621,14621,14621
2020-12-26,14621,14621,14621
2020-12-27,14621,14621,14621
2020-12-28,14644,14644,14644
2020-12-29,14648,14648,14648
2020-12-30,14651,14651,14651
2020-12-31,14657,14657,14657
2021-01-01,14657,14657,14657
2021-01-02,14657,14657,14657
2021-01-03,14657,14657,14657
2021-01-04,14657,14657,14657
2021-01-05,14670,14670,14670
2021-01-06,14670,14670,14670
2021-01-07,14668,14668,14668
2021-01-08,14673,14673,14673
2021-01-09,14673,14673,14673
2021-01-10,14673,14673,14673
2021-01-11,14691,14691,14691
2021-01-12,14674,14674,14674
2021-01-13,14686,14686,14686
2021-01-14,14705,14705,14705
2021-01-15,14705,14705,14705
2021-01-16,14705,14705,14705
2021-01-17,14705,14705,14705
2021-01-18,14708,14708,14708
2021-01-19,14701,14701,14701
2021-01-20,14713,14713,14713
2021-01-21,14717,14717,14717
2021-01-22,14706,14706,14706
2021-01-23,14706,14706,14706
2021-01-24,14706,14706,14706
2021-01-25,14712,14712,14712
2021-01-26,14718,14718,14718
2021-01-27,14721,14721,14721
2021-01-28,14735,14735,14735
2021-01-29,14730,14730,14730
2021-01-30,14730,14730,14730
2021-01-31,14730,14730,14730
2021-02-01,14722,14722,14722
2021-02-02,14729,14729,14729
2021-02-03,14737,14737,14737
2021-02-04,14750,14750,14750
2021-02-05,14745,14745,14745
2021-02-06,14745,14745,14745
2021-02-07,14745,14745,14745
2021-02-08,14757,14757,14757
2021-02-09,14755,14755,14755
2021-02-10,14755,14755,14755
2021-02-11,14755,14755,14755
2021-02-12,14755,14755,14755
2021-02-13,14755,14755,14755
2021-02-14,14755,14755,14755
2021-02-15,14755,14755,14755
2021-02-16,14755,14755,14755
2021-02-17,14772,14772,14772
2021-02-18,14776,14776,14776
2021-02-19,14782,14782,14782
2021-02-20,14782,14782,14782
2021-02-21,14782,14782,14782
2021-02-22,14783,14783,14783
2021-02-23,14788,14788,14788
2021-02-24,14790,14790,14790
2021-02-25,14796,14796,14796
2021-02-26,14804,14804,14804
2021-02-27,14804,14804,14804
2021-02-28,14804,14804,14804
2021-03-01,14804,14804,14804
2021-03-02,14794,14794,14794
2021-03-03,14805,14805,14805
2021-03-04,14812,14812,14812
2021-03-05,14809,14809,14809
2021-03-06,14809,14809,14809
2021-03-07,14809,14809,14809
2021-03-08,14819,14819,14819
2021-03-09,14835,14835,14835
2021-03-10,14836,14836,14836
2021-03-11,14834,14834,14834
2021-03-12,14838,14838,14838
2021-03-13,14838,14838,14838
2021-03-14,14838,14838,14838
2021-03-15,14840,14840,14840
2021-03-16,14825,14825,14825
2021-03-17,14840,14840,14840
2021-03-18,14838,14838,14838
2021-03-19,14843,14843,14843
2021-03-20,14843,14843,14843
2021-03-21,14843,14843,14843
2021-03-22,14844,14844,14844
2021-03-23,14848,14848,14848
2021-03-24,14865,14865,14865
2021-03-25,14870,14870,14870
2021-03-26,14868,14868,14868
2021-03-27,14868,14868,14868
2021-03-28,14868,14868,14868
2021-03-29,14875,14875,14875
2021-03-30,14881,14881,14881
2021-03-31,14881,14881,14881
2021-04-01,14876,14876,14876
2021-04-02,14879,14879,14879
2021-04-03,14879,14879,14879
2021-04-04,14879,14879,14879
2021-04-05,14864,14864,14864
2021-04-06,14861,14861,14861
2021-04-07,14866,14866,14866
2021-04-08,14865,14865,14865
2021-04-09,14856,14856,14856
2021-04-10,14856,14856,14856
2021-04-11,14856,14856,14856
2021-04-12,14860,14860,14860
2021-04-13,14862,14862,14862
2021-04-14,14865,14865,14865
2021-04-15,14886,14886,14886
2021-04-16,14898,14898,14898
2021-04-17,14898,14898,14898
2021-04-18,14898,14898,14898
2021-04-19,14896,14896,14896
2021-04-20,14926,14926,14926
2021-04-21,14926,14926,14926
2021-04-22,14914,14914,14914
2021-04-23,14936,14936,14936
2021-04-24,14936,14936,14936
2021-04-25,14936,14936,14936
2021-04-26,14947,14947,14947
2021-04-27,14931,14931,14931
2021-04-28,14933,14933,14933
2021-04-29,14938,14938,14938
2021-04-30,14938,14938,14938
2021-05-01,14938,14938,14938
2021-05-02,14938,14938,14938
2021-05-03,14938,14938,14938
2021-05-04,14982,14982,14982
2021-05-05,14975,14975,14975
2021-05-06,14996,14996,14996
2021-05-07,15011,15011,15011
2021-05-08,15011,15011,15011
2021-05-09,15011,15011,15011
2021-05-10,15016,15016,15016
2021-05-11,15029,15029,15029
2021-05-12,15024,15024,15024
2021-05-13,15030,15030,15030
2021-05-14,15025,15025,15025
2021-05-15,15025,15025,15025
2021-05-16,15025,15025,15025
2021-05-17,15040,15040,15040
2021-05-18,15031,15031,15031
2021-05-19,15037,15037,15037
2021-05-20,15031,15031,15031
2021-05-21,15040,15040,15040
2021-05-22,15040,15040,15040
2021-05-23,15040,15040,15040
2021-05-24,15046,15046,15046
2021-05-25,15062,15062,15062
2021-05-26,15035,15035,15035
2021-05-27,15053,15053,15053
2021-05-28,15038,15038,15038
2021-05-29,15038,15038,15038
2021-05-30,15038,15038,15038
2021-05-31,15058,15058,15058
2021-06-01,15052,15052,15052
2021-06-02,15063,15063,15063
2021-06-03,15065,15065,15065
2021-06-04,15059,15059,15059
2021-06-05,15059,15059,15059
2021-06-06,15059,15059,15059
2021-06-07,15045,15045,15045
2021-06-08,15055,15055,15055
2021-06-09,15052,15052,15052
2021-06-10,15085,15085,15085
2021-06-11,15077,15077,15077
2021-06-12,15077,15077,15077
2021-06-13,15077,15077,15077
2021-06-14,15092,15092,15092
2021-06-15,15080,15080,15080
2021-06-16,15078,15078,15078
2021-06-17,15055,15055,15055
2021-06-18,15108,15108,15108
2021-06-19,15108,15108,15108
2021-06-20,15108,15108,15108
2021-06-21,15088,15088,15088
2021-06-22,15114,15114,15114
2021-06-23,15101,15101,15101
2021-06-24,15123,15123,15123
2021-06-25,15130,15130,15130
2021-06-26,15130,15130,15130
2021-06-27,15130,15130,15130
2021-06-28,15157,15157,15157
2021-06-29,15115,15115,15115
2021-06-30,15129,15129,15129
2021-07-01,15131,15131,15131
2021-07-02,15152,15152,15152
2021-07-03,15152,15152,15152
2021-07-04,15152,15152,15152
2021-07-05,15134,15134,15134
2021-07-06,15153,15153,15153
2021-07-07,15145,15145,15145
2021-07-08,15157,15157,15157
2021-07-09,15168,15168,15168
2021-07-10,15168,15168,15168
2021-07-11,15168,15168,15168
2021-07-12,15175,15175,15175
2021-07-13,15174,15174,15174
2021-07-14,15191,15191,15191
2021-07-15,15169,15169,15169
2021-07-16,15183,15183,15183
2021-07-17,15183,15183,15183
2021-07-18,15183,15183,15183
2021-07-19,15175,15175,15175
2021-07-20,15186,15186,15186
2021-07-21,15180,15180,15180
2021-07-22,15198,15198,15198
2021-07-23,15202,15202,15202
2021-07-24,15202,15202,15202
2021-07-25,15202,15202,15202
2021-07-26,15204,15204,15204
2021-07-27,15203,15203,15203
2021-07-28,15207,15207,15207
2021-07-29,15200,15200,15200
2021-07-30,15244,15244,15244
2021-07-31,15244,15244,15244
2021-08-01,15244,15244,15244
2021-08-02,15235,15235,15235
2021-08-03,15236,15236,15236
2021-08-04,15238,15238,15238
2021-08-05,15245,15245,15245
2021-08-06,15244,15244,15244
2021-08-07,15244,15244,15244
2021-08-08,15244,15244,15244
2021-08-09,15255,15255,15255
2021-08-10,15252,15252,15252
2021-08-11,15263,15263,15263
2021-08-12,15258,15258,15258
2021-08-13,15248,15248,15248
2021-08-14,15248,15248,15248
2021-08-15,15248,15248,15248
2021-08-16,15254,15254,15254
2021-08-17,15241,15241,15241
2021-08-18,15261,15261,15261
2021-08-19,15298,15298,15298
2021-08-20,15310,15310,15310
2021-08-21,15310,15310,15310
2021-08-22,15310,15310,15310
2021-08-23,15320,15320,15320
2021-08-24,15305,15305,15305
2021-08-25,15325,15325,15325
2021-08-26,15320,15320,15320
2021-08-27,15328,15328,15328
2021-08-28,15328,15328,15328
2021-08-29,15328,15328,15328
2021-08-30,15321,15321,15321
2021-08-31,15344,15344,15344
2021-09-01,15359,15359,15359
2021-09-02,15359,15359,15359
2021-09-03,15359,15359,15359
2021-09-04,15359,15359,15359
2021-09-05,15359,15359,15359
2021-09-06,15383,15383,15383
2021-09-07,15385,15385,15385
2021-09-08,15393,15393,15393
2021-09-09,15381,15381,15381
2021-09-10,15371,15371,15371
2021-09-11,15371,15371,15371
2021-09-12,15371,15371,15371
2021-09-13,15390,15390,15390
2021-09-14,15408,15408,15408
2021-09-15,15376,15376,15376
2021-09-16,15369,15369,15369
2021-09-17,15380,15380,15380
2021-09-18,15380,15380,15380
2021-09-19,15380,15380,15380
2021-09-20,15383,15383,15383
2021-09-21,15362,15362,15362
2021-09-22,15377,15377,15377
2021-09-23,15368,15368,15368
2021-09-24,15380,15380,15380
2021-09-25,15380,15380,15380
2021-09-26,15380,15380,15380
2021-09-27,15394,15394,15394
2021-09-28,15381,15381,15381
2021-09-29,15386,15386,15386
2021-09-30,15399,15399,15399
2021-10-01,15377,15377,15377
2021-10-02,15377,15377,15377
2021-10-03,15377,15377,15377
2021-10-04,15404,15404,15404
2021-10-05,15414,15414,15414
2021-10-06,15424,15424,15424
2021-10-07,15405,15405,15405
2021-10-08,15394,15394,15394
2021-10-09,15394,15394,15394
2021-10-10,15394,15394,15394
2021-10-11,15432,15432,15432
2021-10-12,15436,15436,15436
2021-10-13,15443,15443,15443
2021-10-14,15408,15408,15408
2021-10-15,15419,15419,15419
2021-10-16,15419,15419,15419
2021-10-17,15419,15419,15419
2021-10-18,15428,15428,15428
2021-10-19,15442,15442,15442
2021-10-20,15479,15479,15479
2021-10-21,15468,15468,15468
2021-10-22,15458,15458,15458
2021-10-23,15458,15458,15458
2021-10-24,15458,15458,15458
2021-10-25,15465,15465,15465
2021-10-26,15488,15488,15488
2021-10-27,15497,15497,15497
2021-10-28,15493,15493,15493
2021-10-29,15487,15487,15487
2021-10-30,15487,15487,15487
2021-10-31,15487,15487,15487
2021-11-01,15491,15491,15491
2021-11-02,15488,15488,15488
2021-11-03,15480,15480,15480
2021-11-04,15484,15484,15484
2021-11-05,15507,15507,15507
2021-11-06,15507,15507,15507
2021-11-07,15507,15507,15507
2021-11-08,15506,15506,15506
2021-11-09,15527,15527,15527
2021-11-10,15503,15503,15503
2021-11-11,15528,15528,15528
2021-11-12,15515,15515,15515
2021-11-13,15515,15515,15515
2021-11-14,15515,15515,15515
2021-11-15,15552,15552,15552
2021-11-16,15542,15542,15542
2021-11-17,15542,15542,15542
2021-11-18,15548,15548,15548
2021-11-19,15534,15534,15534
2021-11-20,15534,15534,15534
2021-11-21,15534,15534,15534
2021-11-22,15558,15558,15558
2021-11-23,15541,15541,15541
2021-11-24,15554,15554,15554
2021-11-25,15558,15558,15558
2021-11-26,15556,15556,15556
2021-11-27,15556,15556,15556
2021-11-28,15556,15556,15556
2021-11-29,15585,15585,15585
2021-11-30,15561,15561,15561
2021-12-01,15613,15613,15613
2021-12-02,15612,15612,15612
2021-12-03,15621,15621,15621
2021-12-04,15621,15621,15621
2021-12-05,15621,15621,15621
2021-12-06,15629,15629,15629
2021-12-07,15627,15627,15627
2021-12-08,15613,15613,15613
2021-12-09,15579,15579,15579
2021-12-10,15599,15599,15599
2021-12-11,15599,15599,15599
2021-12-12,15599,15599,15599
2021-12-13,15609,15609,15609
2021-12-14,15621,15621,15621
2021-12-15,15629,15629,15629
2021-12-16,15610,15610,15610
2021-12-17,15612,15612,15612
2021-12-18,15612,15612,15612
2021-12-19,15612,15612,15612
2021-12-20,15619,15619,15619
2021-12-21,15623,15623,15623
2021-12-22,15627,15627,15627
2021-12-23,15647,15647,15647
2021-12-24,15648,15648,15648
2021-12-25,15648,15648,15648
2021-12-26,15648,15648,15648
2021-12-27,15631,15631,15631
2021-12-28,15635,15635,15635
2021-12-29,15631,15631,15631
2021-12-30,15645,15645,15645
2021-12-31,15655,15655,15655
2022-01-01,15655,15655,15655
2022-01-02,15655,15655,15655
2022-01-03,15655,15655,15655
2022-01-04,15668,15668,15668
2022-01-05,15646,15646,15646
2022-01-06,15662,15662,15662
2022-01-07,15668,15668,15668
2022-01-08,15668,15668,15668
2022-01-09,15668,15668,15668
2022-01-10,15675,15675,15675
2022-01-11,15684,15684,15684
2022-01-12,15684,15684,15684
2022-01-13,15692,15692,15692
2022-01-14,15694,15694,15694
2022-01-15,15694,15694,15694
2022-01-16,15694,15694,15694
2022-01-17,15705,15705,15705
2022-01-18,15718,15718,15718
2022-01-19,15714,15714,15714
2022-01-20,15708,15708,15708
2022-01-21,15720,15720,15720
2022-01-22,15720,15720,15720
2022-01-23,15720,15720,15720
2022-01-24,15717,15717,15717
2022-01-25,15737,15737,15737
2022-01-26,15723,15723,15723
2022-01-27,15720,15720,15720
2022-01-28,15728,15728,15728
2022-01-29,15728,15728,15728
2022-01-30,15728,15728,15728
2022-01-31,15728,15728,15728
2022-02-01,15728,15728,15728
2022-02-02,15728,15728,15728
2022-02-03,15728,15728,15728
2022-02-04,15728,15728,15728
2022-02-05,15728,15728,15728
2022-02-06,15728,15728,15728
2022-02-07,15768,15768,15768
2022-02-08,15806,15806,15806
2022-02-09,15781,15781,15781
2022-02-10,15764,15764,15764
2022-02-11,15790,15790,15790
2022-02-12,15790,15790,15790
2022-02-13,15790,15790,15790
2022-02-14,15753,15753,15753
2022-02-15,15788,15788,15788
2022-02-16,15780,15780,15780
2022-02-17,15797,15797,15797
2022-02-18,15812,15812,15812
2022-02-19,15812,15812,15812
2022-02-20,15812,15812,15812
2022-02-21,15800,15800,15800
2022-02-22,15801,15801,15801
2022-02-23,15823,15823,15823
2022-02-24,15811,15811,15811
2022-02-25,15820,15820,15820
2022-02-26,15820,15820,15820
2022-02-27,15820,15820,15820
2022-02-28,15826,15826,15826
2022-03-01,15829,15829,15829
2022-03-02,15829,15829,15829
2022-03-03,15830,15830,15830
2022-03-04,15843,15843,15843
2022-03-05,15843,15843,15843
2022-03-06,15843,15843,15843
2022-03-07,15851,15851,15851
2022-03-08,15855,15855,15855
2022-03-09,15855,15855,15855
2022-03-10,15865,15865,15865
2022-03-11,15876,15876,15876
2022-03-12,15876,15876,15876
2022-03-13,15876,15876,15876
2022-03-14,15881,15881,15881
2022-03-15,15898,15898,15898
2022-03-16,15897,15897,15897
2022-03-17,15873,15873,15873
2022-03-18,15900,15900,15900
2022-03-19,15900,15900,15900
2022-03-20,15900,15900,15900
2022-03-21,15907,15907,15907
2022-03-22,15896,15896,15896
2022-03-23,15887,15887,15887
2022-03-24,15893,15893,15893
2022-03-25,15921,15921,15921
2022-03-26,15921,15921,15921
2022-03-27,15921,15921,15921
2022-03-28,15923,15923,15923
2022-03-29,15922,15922,15922
2022-03-30,15931,15931,15931
2022-03-31,15927,15927,15927
2022-04-01,15956,15956,15956
2022-04-02,15956,15956,15956
2022-04-03,15956,15956,15956
2022-04-04,15941,15941,15941
2022-04-05,15933,15933,15933
2022-04-06,15908,15908,15908
2022-04-07,15907,15907,15907
2022-04-08,15913,15913,15913
2022-04-09,15913,15913,15913
2022-04-10,15913,15913,15913
2022-04-11,15913,15913,15913
2022-04-12,15908,15908,15908
2022-04-13,15891,15891,15891
2022-04-14,15883,15883,15883
2022-04-15,15910,15910,15910
2022-04-16,15910,15910,15910
2022-04-17,15910,15910,15910
2022-04-18,15921,15921,15921
2022-04-19,15932,15932,15932
2022-04-20,15940,15940,15940
2022-04-21,15969,15969,15969
2022-04-22,15976,15976,15976
2022-04-23,15976,15976,15976
2022-04-24,15976,15976,15976
2022-04-25,16005,16005,16005
2022-04-26,15968,15968,15968
2022-04-27,15998,15998,15998
2022-04-28,15972,15972,15972
2022-04-29,15975,15975,15975
2022-04-30,15975,15975,15975
2022-05-01,15975,15975,15975
2022-05-02,15975,15975,15975
2022-05-03,15975,15975,15975
2022-05-04,16038,16038,16038
2022-05-05,16042,16042,16042
2022-05-06,16019,16019,16019
2022-05-07,16019,16019,16019
2022-05-08,16019,16019,16019
2022-05-09,16048,16048,16048
2022-05-10,16064,16064,16064
2022-05-11,16059,16059,16059
2022-05-12,16072,16072,16072
2022-05-13,16101,16101,16101
2022-05-14,16101,16101,16101
2022-05-15,16101,16101,16101
2022-05-16,16075,16075,16075
2022-05-17,16085,16085,16085
2022-05-18,16086,16086,16086
2022-05-19,16087,16087,16087
2022-05-20,16097,16097,16097
2022-05-21,16097,16097,16097
2022-05-22,16097,16097,16097
2022-05-23,16106,16106,16106
2022-05-24,16105,16105,16105
2022-05-25,16105,16105,16105
2022-05-26,16127,16127,16127
2022-05-27,16101,16101,16101
2022-05-28,16101,16101,16101
2022-05-29,16101,16101,16101
2022-05-30,16108,16108,16108
2022-05-31,16111,16111,16111
2022-06-01,16125,16125,16125
2022-06-02,16121,16121,16121
2022-06-03,16130,16130,16130
2022-06-04,16130,16130,16130
2022-06-05,16130,16130,16130
2022-06-06,16127,16127,16127
2022-06-07,16129,16129,16129
2022-06-08,16111,16111,16111
2022-06-09,16122,16122,16122
2022-06-10,16119,16119,16119
2022-06-11,16119,16119,16119
2022-06-12,16119,16119,16119
2022-06-13,16153,16153,16153
2022-06-14,16150,16150,16150
2022-06-15,16161,16161,16161
2022-06-16,16150,16150,16150
2022-06-17,16146,16146,16146
2022-06-18,16146,16146,16146
2022-06-19,16146,16146,16146
2022-06-20,16186,16186,16186
2022-06-21,16184,16184,16184
2022-06-22,16151,16151,16151
2022-06-23,16186,16186,16186
2022-06-24,16174,16174,16174
2022-06-25,16174,16174,16174
2022-06-26,16174,16174,16174
2022-06-27,16210,16210,16210
2022-06-28,16197,16197,16197
2022-06-29,16231,16231,16231
2022-06-30,16208,16208,16208
2022-07-01,16208,16208,16208
2022-07-02,16208,16208,16208
2022-07-03,16208,16208,16208
2022-07-04,16241,16241,16241
2022-07-05,16242,16242,16242
2022-07-06,16215,16215,16215
2022-07-07,16240,16240,16240
2022-07-08,16229,16229,16229
2022-07-09,16229,16229,16229
2022-07-10,16229,16229,16229
2022-07-11,16257,16257,16257
2022-07-12,16259,16259,16259
2022-07-13,16257,16257,16257
2022-07-14,16259,16259,16259
2022-07-15,16279,16279,16279
2022-07-16,16279,16279,16279
2022-07-17,16279,16279,16279
2022-07-18,16277,16277,16277
2022-07-19,16289,16289,16289
2022-07-20,16265,16265,16265
2022-07-21,16279,16279,16279
2022-07-22,16268,16268,16268
2022-07-23,16268,16268,16268
2022-07-24,16268,16268,16268
2022-07-25,16307,16307,16307
2022-07-26,16293,16293,16293
2022-07-27,16304,16304,16304
2022-07-28,16304,16304,16304
2022-07-29,16309,16309,16309
2022-07-30,16309,16309,16309
2022-07-31,16309,16309,16309
2022-08-01,16357,16357,16357
2022-08-02,16337,16337,16337
2022-08-03,16341,16341,16341
2022-08-04,16339,16339,16339
2022-08-05,16344,16344,16344
2022-08-06,16344,16344,16344
2022-08-07,16344,16344,16344
2022-08-08,16357,16357,16357
2022-08-09,16360,16360,16360
2022-08-10,16364,16364,16364
2022-08-11,16353,16353,16353
2022-08-12,16367,16367,16367
2022-08-13,16367,16367,16367
2022-08-14,16367,16367,16367
2022-08-15,16362,16362,16362
2022-08-16,16356,16356,16356
2022-08-17,16361,16361,16361
2022-08-18,16345,16345,16345
2022-08-19,16370,16370,16370
2022-08-20,16370,16370,16370
2022-08-21,16370,16370,16370
2022-08-22,16426,16426,16426
2022-08-23,16430,16430,16430
2022-08-24,16431,16431,16431
2022-08-25,16419,16419,16419
2022-08-26,16437,16437,16437
2022-08-27,16437,16437,16437
2022-08-28,16437,16437,16437
2022-08-29,16449,16449,16449
2022-08-30,16452,16452,16452
2022-08-31,16435,16435,16435
2022-09-01,16435,16435,16435
2022-09-02,16435,16435,16435
2022-09-03,16435,16435,16435
2022-09-04,16435,16435,16435
2022-09-05,16475,16475,16475
2022-09-06,16498,16498,16498
2022-09-07,16502,16502,16502
2022-09-08,16513,16513,16513
2022-09-09,16505,16505,16505
2022-09-10,16505,16505,16505
2022-09-11,16505,16505,16505
2022-09-12,16505,16505,16505
2022-09-13,16494,16494,16494
2022-09-14,16512,16512,16512
2022-09-15,16526,16526,16526
2022-09-16,16497,16497,16497
2022-09-17,16497,16497,16497
2022-09-18,16497,16497,16497
2022-09-19,16514,16514,16514
2022-09-20,16524,16524,16524
2022-09-21,16504,16504,16504
2022-09-22,16484,16484,16484
2022-09-23,16498,16498,16498
2022-09-24,16498,16498,16498
2022-09-25,16498,16498,16498
2022-09-26,16502,16502,16502
2022-09-27,16508,16508,16508
2022-09-28,16503,16503,16503
2022-09-29,16514,16514,16514
2022-09-30,16517,16517,16517
2022-10-01,16517,16517,16517
2022-10-02,16517,16517,16517
2022-10-03,16533,16533,16533
2022-10-04,16513,16513,16513
2022-10-05,16533,16533,16533
2022-10-06,16547,16547,16547
2022-10-07,16550,16550,16550
2022-10-08,16550,16550,16550
2022-10-09,16550,16550,16550
2022-10-10,16539,16539,16539
2022-10-11,16478,16478,16478
2022-10-12,16494,16494,16494
2022-10-13,16597,16597,16597
2022-10-14,16577,16577,16577
2022-10-15,16577,16577,16577
2022-10-16,16577,16577,16577
2022-10-17,16542,16542,16542
2022-10-18,16535,16535,16535
2022-10-19,16498,16498,16498
2022-10-20,16517,16517,16517
2022-10-21,16572,16572,16572
2022-10-22,16572,16572,16572
2022-10-23,16572,16572,16572
2022-10-24,16538,16538,16538
2022-10-25,16569,16569,16569
2022-10-26,16544,16544,16544
2022-10-27,16569,16569,16569
2022-10-28,16590,16590,16590
2022-10-29,16590,16590,16590
2022-10-30,16590,16590,16590
2022-10-31,16571,16571,16571
2022-11-01,16551,16551,16551
2022-11-02,16534,16534,16534
2022-11-03,16520,16520,16520
2022-11-04,16498,16498,16498
2022-11-05,16498,16498,16498
2022-11-06,16498,16498,16498
2022-11-07,16521,16521,16521
2022-11-08,16495,16495,16495
2022-11-09,16480,16480,16480
2022-11-10,16479,16479,16479
2022-11-11,16426,NA,16481.057627118644
2022-11-12,16426,NA,16483.115254237287
2022-11-13,16426,NA,16485.17288135593
2022-11-14,16353,NA,16487.230508474575
2022-11-15,16152,NA,16489.28813559322
2022-11-16,14851,NA,16491.345762711866
2022-11-17,13671,NA,16493.40338983051
2022-11-18,12863,NA,16495.461016949153
2022-11-19,12863,NA,16497.518644067797
2022-11-20,12863,NA,16499.57627118644
2022-11-21,12841,NA,16501.633898305085
2022-11-22,12848,NA,16503.69152542373
2022-11-23,13140,NA,16505.749152542372
2022-11-24,13151,NA,16507.806779661016
2022-11-25,13162,NA,16509.86440677966
2022-11-26,13162,NA,16511.922033898307
2022-11-27,13162,NA,16513.97966101695
2022-11-28,13184,NA,16516.037288135594
2022-11-29,13193,NA,16518.094915254238
2022-11-30,13205,NA,16520.15254237288
2022-12-01,13217,NA,16522.210169491525
2022-12-02,13228,NA,16524.26779661017
2022-12-03,13228,NA,16526.325423728813
2022-12-04,13228,NA,16528.383050847457
2022-12-05,13256,NA,16530.4406779661
2022-12-06,13266,NA,16532.498305084744
2022-12-07,13274,NA,16534.55593220339
2022-12-08,13285,NA,16536.613559322035
2022-12-09,13293,NA,16538.67118644068
2022-12-10,13293,NA,16540.728813559323
2022-12-11,13293,NA,16542.786440677966
2022-12-12,13306,NA,16544.84406779661
2022-12-13,13314,NA,16546.901694915254
2022-12-14,13321,NA,16548.959322033897
2022-12-15,13327,NA,16551.01694915254
2022-12-16,13333,NA,16553.074576271185
2022-12-17,13333,NA,16555.132203389832
2022-12-18,13333,NA,16557.189830508476
2022-12-19,13344,NA,16559.24745762712
2022-12-20,13351,NA,16561.305084745763
2022-12-21,13357,NA,16563.362711864407
2022-12-22,13362,NA,16565.42033898305
2022-12-23,13370,NA,16567.477966101695
2022-12-24,13370,NA,16569.53559322034
2022-12-25,13370,NA,16571.593220338982
2022-12-26,13385,NA,16573.650847457626
2022-12-27,13399,NA,16575.70847457627
2022-12-28,13412,NA,16577.766101694917
2022-12-29,13425,NA,16579.82372881356
2022-12-30,13438,NA,16581.881355932204
2022-12-31,13438,NA,16583.938983050848
2023-01-01,13438,NA,16585.99661016949
2023-01-02,13438,NA,16588.054237288135
2023-01-03,13455,NA,16590.11186440678
2023-01-04,13463,NA,16592.169491525423
2023-01-05,13468,NA,16594.227118644067
2023-01-06,13478,NA,16596.28474576271
2023-01-07,13478,NA,16598.342372881358
2023-01-08,13478,NA,16600.4
2023-01-09,13490,NA,16602.457627118645
2023-01-10,13500,NA,16604.51525423729
2023-01-11,13507,NA,16606.572881355933
2023-01-12,13517,NA,16608.630508474576
2023-01-13,13524,NA,16610.68813559322
2023-01-14,13524,NA,16612.745762711864
2023-01-15,13524,NA,16614.803389830508
2023-01-16,13536,NA,16616.86101694915
2023-01-17,13541,NA,16618.918644067795
2023-01-18,13547,NA,16620.976271186442
2023-01-19,13553,NA,16623.033898305086
2023-01-20,13553,NA,16625.09152542373
2023-01-21,13553,NA,16627.149152542373
2023-01-22,13553,NA,16629.206779661017
2023-01-23,13553,NA,16631.26440677966
2023-01-24,13553,NA,16633.322033898305
2023-01-25,13553,NA,16635.37966101695
2023-01-26,13553,NA,16637.437288135592
2023-01-27,13562,NA,16639.494915254236
2023-01-28,13562,NA,16641.552542372883
2023-01-29,13562,NA,16643.610169491527
2023-01-30,13575,NA,16645.66779661017
2023-01-31,13583,NA,16647.725423728814
2023-02-01,13589,NA,16649.783050847458
2023-02-02,13596,NA,16651.8406779661
2023-02-03,13601,NA,16653.898305084746
2023-02-04,13601,NA,16655.95593220339
2023-02-05,13601,NA,16658.013559322033
2023-02-06,13614,NA,16660.071186440677
2023-02-07,13620,NA,16662.12881355932
2023-02-08,13625,NA,16664.186440677968
2023-02-09,13633,NA,16666.24406779661
2023-02-10,13640,NA,16668.301694915255
2023-02-11,13640,NA,16670.3593220339
2023-02-12,13640,NA,16672.416949152543
2023-02-13,13653,NA,16674.474576271186
2023-02-14,13658,NA,16676.53220338983
2023-02-15,13672,NA,16678.589830508474
2023-02-16,13685,NA,16680.647457627118
2023-02-17,13700,NA,16682.70508474576
2023-02-18,13700,NA,16684.762711864405
2023-02-19,13700,NA,16686.820338983052
2023-02-20,13714,NA,16688.877966101696
2023-02-21,13728,NA,16690.93559322034
2023-02-22,13742,NA,16692.993220338984
2023-02-23,13756,NA,16695.050847457627
2023-02-24,13770,NA,16697.10847457627
2023-02-25,13770,NA,16699.166101694915
2023-02-26,13770,NA,16701.22372881356
2023-02-27,13784,NA,16703.281355932202
2023-02-28,13798,NA,16705.338983050846
2023-03-01,13776,NA,16707.396610169493
2023-03-02,13798,NA,16709.454237288137
2023-03-03,13812,NA,16711.51186440678
2023-03-04,13812,NA,16713.569491525424
2023-03-05,13812,NA,16715.627118644068
2023-03-06,13824,NA,16717.684745762712
2023-03-07,13837,NA,16719.742372881356
2023-03-08,13848,NA,16721.8
2023-03-09,13859,NA,16723.857627118643
2023-03-10,13872,NA,16725.915254237287
2023-03-11,13872,NA,16727.97288135593
2023-03-12,13872,NA,16730.030508474578
2023-03-13,13883,NA,16732.08813559322
2023-03-14,13894,NA,16734.145762711865
2023-03-15,13905,NA,16736.20338983051
2023-03-16,13916,NA,16738.261016949153
2023-03-17,13928,NA,16740.318644067796
2023-03-18,13928,NA,16742.37627118644
2023-03-19,13928,NA,16744.433898305084
2023-03-20,13939,NA,16746.491525423728
2023-03-21,13947,NA,16748.54915254237
2023-03-22,13956,NA,16750.60677966102
2023-03-23,13961,NA,16752.664406779662
2023-03-24,13969,NA,16754.722033898306
2023-03-25,13969,NA,16756.77966101695
2023-03-26,13969,NA,16758.837288135594
2023-03-27,13967,NA,16760.894915254237
2023-03-28,14010,NA,16762.95254237288
2023-03-29,14016,NA,16765.010169491525
2023-03-30,14021,NA,16767.06779661017
2023-03-31,14035,NA,16769.125423728812
2023-04-01,14035,NA,16771.183050847456
2023-04-02,14035,NA,16773.240677966103
2023-04-03,14071,NA,16775.298305084747
2023-04-04,14091,NA,16777.35593220339
2023-04-05,14097,NA,16779.413559322034
2023-04-06,14073,NA,16781.471186440678
2023-04-07,14116,NA,16783.528813559322
2023-04-08,14116,NA,16785.586440677966
2023-04-09,14116,NA,16787.64406779661
2023-04-10,14149,NA,16789.701694915253
2023-04-11,14164,NA,16791.759322033897
2023-04-12,14262,NA,16793.816949152544
2023-04-13,14269,NA,16795.874576271188
2023-04-14,14215,NA,16797.93220338983
2023-04-15,14215,NA,16799.989830508475
2023-04-16,14215,NA,16802.04745762712
2023-04-17,14270,NA,16804.105084745763
2023-04-18,14383,NA,16806.162711864406
2023-04-19,14385,NA,16808.22033898305
2023-04-20,14514,NA,16810.277966101694
2023-04-21,14617,NA,16812.335593220338
2023-04-22,14617,NA,16814.39322033898
2023-04-23,14617,NA,16816.45084745763
2023-04-24,14611,NA,16818.508474576272
2023-04-25,14629,NA,16820.566101694916
2023-04-26,14631,NA,16822.62372881356
2023-04-27,14696,NA,16824.681355932204
2023-04-28,14637,NA,16826.738983050847
2023-04-29,14637,NA,16828.79661016949
2023-04-30,14637,NA,16830.854237288135
2023-05-01,14637,NA,16832.91186440678
2023-05-02,14637,NA,16834.969491525422
2023-05-03,14637,NA,16837.02711864407
2023-05-04,14747,NA,16839.084745762713
2023-05-05,14795,NA,16841.142372881357
2023-05-06,14795,NA,16843.2
2023-05-07,14795,NA,16845.257627118644
2023-05-08,14860,NA,16847.315254237288
2023-05-09,14878,NA,16849.372881355932
2023-05-10,14918,NA,16851.430508474576
2023-05-11,14860,NA,16853.48813559322
2023-05-12,14931,NA,16855.545762711863
2023-05-13,14931,NA,16857.603389830507
2023-05-14,14931,NA,16859.661016949154
2023-05-15,14992,NA,16861.718644067798
2023-05-16,15014,NA,16863.77627118644
2023-05-17,15090,NA,16865.833898305085
2023-05-18,15061,NA,16867.89152542373
2023-05-19,15098,NA,16869.949152542373
2023-05-20,15098,NA,16872.006779661016
2023-05-21,15098,NA,16874.06440677966
2023-05-23,15227,NA,16876.122033898304
2023-05-22,15219,NA,16878.179661016948
2023-05-24,15322,NA,16880.237288135595
2023-05-25,15409,NA,16882.29491525424
2023-05-26,15406,NA,16884.352542372882
2023-05-27,15406,NA,16886.410169491526
2023-05-28,15406,NA,16888.46779661017
2023-05-29,15493,NA,16890.525423728814
2023-05-30,15461,NA,16892.583050847457
2023-05-31,15536,NA,16894.6406779661
2023-06-01,15616,NA,16896.698305084745
2023-06-02,15660,NA,16898.75593220339
2023-06-03,15660,NA,16900.813559322032
2023-06-04,15660,NA,16902.87118644068
2023-06-05,15827,NA,16904.928813559323
2023-06-06,15950,NA,16906.986440677967
2023-06-07,15960,NA,16909.04406779661
2023-06-08,15961,NA,16911.101694915254
2023-06-09,15969,NA,16913.1593220339
2023-06-10,15969,NA,16915.216949152542
2023-06-11,15969,NA,16917.274576271186
2023-06-12,15958,NA,16919.33220338983
2023-06-13,16119,NA,16921.389830508473
2023-06-14,16233,NA,16923.447457627117
2023-06-15,16312,NA,16925.505084745764
2023-06-16,16472,NA,16927.562711864408
2023-06-17,16472,NA,16929.62033898305
2023-06-18,16472,NA,16931.677966101695
2023-06-19,16342,NA,16933.73559322034
2023-06-20,16453,NA,16935.793220338983
2023-06-21,16357,NA,16937.850847457627
2023-06-22,16309,NA,16939.90847457627
2023-06-23,16380,NA,16941.966101694914
2023-06-24,16380,NA,16944.023728813558
2023-06-25,16380,NA,16946.081355932205
2023-06-26,16421,NA,16948.13898305085
2023-06-27,16329,NA,16950.196610169492
2023-06-28,16353,NA,16952.254237288136
2023-06-29,16699,NA,16954.31186440678
2023-06-30,16711,NA,16956.369491525424
2023-07-01,16711,NA,16958.427118644067
2023-07-02,16711,NA,16960.48474576271
2023-07-03,16725,NA,16962.542372881355
2023-07-04,16815,NA,16964.6
2023-07-05,16739,NA,16966.657627118642
2023-07-06,16709,NA,16968.71525423729
2023-07-07,16753,NA,16970.772881355933
2023-07-08,16753,NA,16972.830508474577
2023-07-09,16753,NA,16974.88813559322
2023-07-10,16812,NA,16976.945762711865
2023-07-11,16855,NA,16979.00338983051
2023-07-12,16858,NA,16981.061016949152
2023-07-13,16840,NA,16983.118644067796
2023-07-14,16850,NA,16985.17627118644
2023-07-15,16850,NA,16987.233898305083
2023-07-16,16850,NA,16989.29152542373
2023-07-17,16832,NA,16991.349152542374
2023-07-18,16841,NA,16993.406779661018
2023-07-19,16831,NA,16995.46440677966
2023-07-20,16814,NA,16997.522033898305
2023-07-21,16819,NA,16999.57966101695
2023-07-22,16819,NA,17001.637288135593
2023-07-23,16819,NA,17003.694915254237
2023-07-24,16826,NA,17005.75254237288
2023-07-25,16831,NA,17007.810169491524
2023-07-26,16747,NA,17009.867796610168
2023-07-27,16744,NA,17011.925423728815
2023-07-28,16753,NA,17013.98305084746
2023-07-29,16753,NA,17016.040677966103
2023-07-30,16753,NA,17018.098305084746
2023-07-31,16742,NA,17020.15593220339
2023-08-01,16768,NA,17022.213559322034
2023-08-02,16791,NA,17024.271186440677
2023-08-03,16917,NA,17026.32881355932
2023-08-04,16941,NA,17028.386440677965
2023-08-05,16941,NA,17030.44406779661
2023-08-06,16941,NA,17032.501694915256
2023-08-07,16830,NA,17034.5593220339
2023-08-08,16825,NA,17036.616949152543
2023-08-09,16956,NA,17038.674576271187
2023-08-10,16857,NA,17040.73220338983
2023-08-11,16961,NA,17042.789830508475
2023-08-12,16961,NA,17044.84745762712
2023-08-13,16961,NA,17046.905084745762
2023-08-14,16978,NA,17048.962711864406
2023-08-15,16949,NA,17051.02033898305
2023-08-16,16874,NA,17053.077966101693
2023-08-17,16785,NA,17055.13559322034
2023-08-18,16862,NA,17057.193220338984
2023-08-19,16862,NA,17059.250847457628
2023-08-20,16862,NA,17061.30847457627
2023-08-21,16937,NA,17063.366101694915
2023-08-22,16930,NA,17065.42372881356
2023-08-23,16860,NA,17067.481355932203
2023-08-24,16838,NA,17069.538983050847
2023-08-25,16975,NA,17071.59661016949
2023-08-26,16975,NA,17073.654237288134
2023-08-27,16975,NA,17075.71186440678
2023-08-28,16862,NA,17077.769491525425
2023-08-29,16998,NA,17079.82711864407
2023-08-30,17024,NA,17081.884745762713
2023-08-31,17086,NA,17083.942372881356
2023-09-01,17086,17086,17086
2023-09-02,17086,17086,17086
2023-09-03,17086,17086,17086
2023-09-04,17086,17086,17086
2023-09-05,17057,17057,17057
2023-09-06,17181,17181,17181
2023-09-07,17116,17116,17116
2023-09-08,17121,17121,17121
2023-09-09,17121,17121,17121
2023-09-10,17121,17121,17121
2023-09-11,17181,17181,17181
2023-09-12,17164,17164,17164
2023-09-13,17124,17124,17124
2023-09-14,17205,17205,17205
2023-09-15,17071,17071,17071
2023-09-16,17071,17071,17071
2023-09-17,17071,17071,17071
2023-09-18,17199,17199,17199
2023-09-19,17119,17119,17119
2023-09-20,17222,17222,17222
2023-09-21,17180,17180,17180
2023-09-22,17168,17168,17168
2023-09-23,17168,17168,17168
2023-09-24,17168,17168,17168
2023-09-25,17179,17179,17179
2023-09-26,17082,17082,17082
2023-09-27,17179,17179,17179
2023-09-28,17155,17155,17155
2023-09-29,17162,17162,17162
2023-09-30,17162,17162,17162
2023-10-01,17162,17162,17162
2023-10-02,17214,17214,17214
2023-10-03,17200,17200,17200
2023-10-04,17186,17186,17186
2023-10-05,17231,17231,17231
2023-10-06,17229,17229,17229
2023-10-07,17229,17229,17229
2023-10-08,17229,17229,17229
2023-10-09,17290,17290,17290
2023-10-10,17300,17300,17300
2023-10-11,17201,17201,17201
2023-10-12,17283,17283,17283
2023-10-13,17325,17325,17325
