date,price
2015-09-09,10000
2015-09-10,10000
2015-09-11,10000
2015-09-12,10000
2015-09-13,10000
2015-09-14,10000
2015-09-15,10000
2015-09-16,9993
2015-09-17,9993
2015-09-18,9993
2015-09-19,9993
2015-09-20,9993
2015-09-21,9993
2015-09-22,9993
2015-09-23,9988
2015-09-24,9988
2015-09-25,9988
2015-09-26,9988
2015-09-27,9988
2015-09-28,9988
2015-09-29,9988
2015-09-30,9967
2015-10-01,9972
2015-10-02,9972
2015-10-03,9972
2015-10-04,9972
2015-10-05,9972
2015-10-06,9972
2015-10-07,10182
2015-10-08,10182
2015-10-09,10182
2015-10-10,10182
2015-10-11,10182
2015-10-12,10182
2015-10-13,10182
2015-10-14,10272
2015-10-15,10272
2015-10-16,10272
2015-10-17,10272
2015-10-18,10272
2015-10-19,10272
2015-10-20,10272
2015-10-21,10221
2015-10-22,10221
2015-10-23,10221
2015-10-24,10221
2015-10-25,10221
2015-10-26,10221
2015-10-27,10221
2015-10-28,10367
2015-10-29,10367
2015-10-30,10367
2015-10-31,10367
2015-11-01,10471
2015-11-02,10471
2015-11-03,10471
2015-11-04,10497
2015-11-05,10497
2015-11-06,10497
2015-11-07,10497
2015-11-08,10497
2015-11-09,10497
2015-11-10,10497
2015-11-11,10206
2015-11-12,10206
2015-11-13,10206
2015-11-14,10206
2015-11-15,10206
2015-11-16,10206
2015-11-17,10206
2015-11-18,10188
2015-11-19,10188
2015-11-20,10188
2015-11-21,10188
2015-11-22,10188
2015-11-23,10188
2015-11-24,10188
2015-11-25,10137
2015-11-26,10137
2015-11-27,10137
2015-11-28,10137
2015-11-29,10137
2015-11-30,10137
2015-12-01,9798
2015-12-02,9739
2015-12-03,9739
2015-12-04,9739
2015-12-05,9739
2015-12-06,9739
2015-12-07,9739
2015-12-08,9739
2015-12-09,9757
2015-12-10,9757
2015-12-11,9757
2015-12-12,9757
2015-12-13,9757
2015-12-14,9757
2015-12-15,9757
2015-12-16,9599
2015-12-17,9599
2015-12-18,9599
2015-12-19,9599
2015-12-20,9599
2015-12-21,9599
2015-12-22,9599
2015-12-23,9585
2015-12-24,9585
2015-12-25,9585
2015-12-26,9585
2015-12-27,9585
2015-12-28,9585
2015-12-29,9585
2015-12-30,9606
2015-12-31,9606
2016-01-01,9602
2016-01-02,9602
2016-01-03,9602
2016-01-04,9602
2016-01-05,9602
2016-01-06,9454
2016-01-07,9454
2016-01-08,9454
2016-01-09,9454
2016-01-10,9454
2016-01-11,9454
2016-01-12,9454
2016-01-13,9295
2016-01-14,9295
2016-01-15,9295
2016-01-16,9295
2016-01-17,9295
2016-01-18,9295
2016-01-19,9295
2016-01-20,8842
2016-01-21,8842
2016-01-22,8842
2016-01-23,8842
2016-01-24,8842
2016-01-25,8842
2016-01-26,8842
2016-01-27,8904
2016-01-28,8904
2016-01-29,8904
2016-01-30,8904
2016-01-31,8904
2016-02-01,9012
2016-02-02,9012
2016-02-03,8914
2016-02-04,8914
2016-02-05,8914
2016-02-06,8914
2016-02-07,8914
2016-02-08,8914
2016-02-09,8914
2016-02-10,8914
2016-02-11,8914
2016-02-12,8914
2016-02-13,8914
2016-02-14,8914
2016-02-15,8914
2016-02-16,8914
2016-02-17,9135
2016-02-18,9135
2016-02-19,9135
2016-02-20,9135
2016-02-21,9135
2016-02-22,9135
2016-02-23,9135
2016-02-24,9289
2016-02-25,9289
2016-02-26,9289
2016-02-27,9289
2016-02-28,9289
2016-02-29,9289
2016-03-01,9277
2016-03-02,9357
2016-03-03,9357
2016-03-04,9357
2016-03-05,9357
2016-03-06,9357
2016-03-07,9357
2016-03-08,9357
2016-03-09,9471
2016-03-10,9471
2016-03-11,9471
2016-03-12,9471
2016-03-13,9471
2016-03-14,9471
2016-03-15,9471
2016-03-16,9436
2016-03-17,9436
2016-03-18,9436
2016-03-19,9436
2016-03-20,9436
2016-03-21,9436
2016-03-22,9436
2016-03-23,9451
2016-03-24,9451
2016-03-25,9451
2016-03-26,9451
2016-03-27,9451
2016-03-28,9451
2016-03-29,9451
2016-03-30,9543
2016-03-31,9543
2016-04-01,9349
2016-04-02,9349
2016-04-03,9349
2016-04-04,9349
2016-04-05,9349
2016-04-06,9324
2016-04-07,9324
2016-04-08,9324
2016-04-09,9324
2016-04-10,9324
2016-04-11,9324
2016-04-12,9324
2016-04-13,9594
2016-04-14,9594
2016-04-15,9594
2016-04-16,9594
2016-04-17,9594
2016-04-18,9594
2016-04-19,9594
2016-04-20,9259
2016-04-21,9259
2016-04-22,9259
2016-04-23,9259
2016-04-24,9259
2016-04-25,9259
2016-04-26,9259
2016-04-27,9664
2016-04-28,9664
2016-04-29,9664
2016-04-30,9664
2016-05-01,9727
2016-05-02,9727
2016-05-03,9727
2016-05-04,9727
2016-05-05,9725
2016-05-06,9725
2016-05-07,9725
2016-05-08,9725
2016-05-09,9725
2016-05-10,9777
2016-05-11,9777
2016-05-12,9777
2016-05-13,9777
2016-05-14,9777
2016-05-15,9777
2016-05-16,9777
2016-05-17,9911
2016-05-18,9911
2016-05-19,9911
2016-05-20,9911
2016-05-21,9911
2016-05-22,9911
2016-05-23,9911
2016-05-24,9887
2016-05-25,9887
2016-05-26,9887
2016-05-27,9887
2016-05-28,9887
2016-05-29,9887
2016-05-30,9887
2016-05-31,9957
2016-06-01,10134
2016-06-02,10134
2016-06-03,10134
2016-06-04,10134
2016-06-05,10134
2016-06-06,10134
2016-06-07,10221
2016-06-08,10221
2016-06-09,10221
2016-06-10,10221
2016-06-11,10221
2016-06-12,10221
2016-06-13,10221
2016-06-14,10393
2016-06-15,10393
2016-06-16,10393
2016-06-17,10393
2016-06-18,10393
2016-06-19,10393
2016-06-20,10393
2016-06-21,10632
2016-06-22,10632
2016-06-23,10632
2016-06-24,10632
2016-06-25,10632
2016-06-26,10632
2016-06-27,10632
2016-06-28,10536
2016-06-29,10536
2016-06-30,10536
2016-07-01,10811
2016-07-02,10811
2016-07-03,10811
2016-07-04,10811
2016-07-05,11037
2016-07-06,11037
2016-07-07,11037
2016-07-08,11037
2016-07-09,11037
2016-07-10,11037
2016-07-11,11037
2016-07-12,11067
2016-07-13,11067
2016-07-14,11067
2016-07-15,11067
2016-07-16,11067
2016-07-17,11067
2016-07-18,11067
2016-07-19,11239
2016-07-20,11209
2016-07-21,11239
2016-07-22,11209
2016-07-23,11209
2016-07-24,11209
2016-07-25,11209
2016-07-26,10839
2016-07-27,10839
2016-07-28,10839
2016-07-29,10839
2016-07-31,10839
2016-08-01,10846
2016-08-02,10833
2016-08-03,10803
2016-08-04,10833
2016-08-05,10833
2016-08-06,10833
2016-08-07,10833
2016-08-08,10833
2016-08-09,10436
2016-08-10,10436
2016-08-11,10436
2016-08-12,10436
2016-08-13,10436
2016-08-14,10436
2016-08-15,10436
2016-08-16,11036
2016-08-17,11036
2016-08-18,11036
2016-08-19,11036
2016-08-20,11036
2016-08-21,11036
2016-08-22,11036
2016-08-23,11153
2016-08-24,11153
2016-08-25,11153
2016-08-26,11153
2016-08-27,11153
2016-08-28,11153
2016-08-29,11153
2016-08-31,11128
2016-09-01,11311
2016-09-02,11311
2016-09-03,11311
2016-09-04,11311
2016-09-05,11311
2016-09-06,11353
2016-09-07,11353
2016-09-08,11353
2016-09-09,11353
2016-09-10,11353
2016-09-11,11353
2016-09-12,11353
2016-09-13,11243
2016-09-14,11243
2016-09-15,11243
2016-09-16,11243
2016-09-17,11243
2016-09-18,11243
2016-09-19,11243
2016-09-20,11234
2016-09-21,11234
2016-09-22,11234
2016-09-23,11234
2016-09-24,11234
2016-09-25,11234
2016-09-26,11234
2016-09-27,11464
2016-09-28,11464
2016-09-29,11464
2016-09-30,11464
2016-10-01,11789
2016-10-02,11789
2016-10-03,11789
2016-10-04,11796
2016-10-05,11796
2016-10-06,11796
2016-10-07,11796
2016-10-08,11796
2016-10-09,11796
2016-10-10,11796
2016-10-11,11355
2016-10-12,11355
2016-10-13,11355
2016-10-14,11355
2016-10-15,11355
2016-10-16,11355
2016-10-17,11355
2016-10-18,11498
2016-10-19,11498
2016-10-20,11498
2016-10-21,11498
2016-10-22,11498
2016-10-23,11498
2016-10-24,11498
2016-10-25,11151
2016-10-26,11151
2016-10-27,11151
2016-10-28,11151
2016-10-29,11151
2016-10-30,11151
2016-10-31,11151
2016-11-01,11182
2016-11-02,11182
2016-11-03,11182
2016-11-04,11182
2016-11-05,11182
2016-11-06,11182
2016-11-07,11182
2016-11-08,11093
2016-11-09,11093
2016-11-10,11093
2016-11-11,11093
2016-11-12,11093
2016-11-13,11093
2016-11-14,11093
2016-11-15,11018
2016-11-16,11018
2016-11-17,11018
2016-11-18,11018
2016-11-19,11018
2016-11-20,11018
2016-11-21,11018
2016-11-22,11030
2016-11-23,11030
2016-11-24,11030
2016-11-25,11030
2016-11-26,11030
2016-11-27,11030
2016-11-28,11030
2016-11-29,11004
2016-11-30,11004
2016-12-01,11004
2016-12-02,11004
2016-12-03,11004
2016-12-04,11004
2016-12-05,11004
2016-12-06,10943
2016-12-07,10943
2016-12-08,10943
2016-12-09,10943
2016-12-10,10943
2016-12-11,10943
2016-12-12,10943
2016-12-13,10845
2016-12-14,10845
2016-12-15,10845
2016-12-16,10845
2016-12-17,10845
2016-12-18,10845
2016-12-19,10845
2016-12-20,10848
2016-12-21,10848
2016-12-22,10848
2016-12-23,10848
2016-12-24,10848
2016-12-25,10848
2016-12-26,10848
2016-12-27,10837
2016-12-28,10837
2016-12-29,10837
2016-12-30,10837
2016-12-31,10837
2017-01-01,10837
2017-01-02,10837
2017-01-03,10914
2017-01-04,10914
2017-01-08,10914
2017-01-09,10914
2017-01-10,11030
2017-01-11,11030
2017-01-12,11030
2017-01-13,11030
2017-01-14,11030
2017-01-15,11030
2017-01-16,11030
2017-01-17,10930
2017-01-18,10930
2017-01-19,10930
2017-01-20,10930
2017-01-21,10930
2017-01-22,10930
2017-01-23,10930
2017-01-24,10930
2017-01-25,10930
2017-01-26,10930
2017-01-27,10930
2017-01-28,10930
2017-01-29,10930
2017-01-30,10930
2017-01-31,10950
2017-02-01,10950
2017-02-02,10950
2017-02-03,10950
2017-02-04,10950
2017-02-05,10950
2017-02-06,10950
2017-02-07,11194
2017-02-08,11194
2017-02-09,11194
2017-02-10,11194
2017-02-11,11194
2017-02-12,11194
2017-02-13,11194
2017-02-14,11318
2017-02-15,11318
2017-02-16,11318
2017-02-17,11318
2017-02-18,11318
2017-02-19,11318
2017-02-20,11318
2017-02-21,11305
2017-02-22,11305
2017-02-23,11305
2017-02-24,11305
2017-02-25,11305
2017-02-26,11305
2017-02-27,11305
2017-02-28,11339
2017-03-01,11339
2017-03-02,11339
2017-03-03,11339
2017-03-04,11339
2017-03-05,11339
2017-03-06,11339
2017-03-07,11161
2017-03-08,11161
2017-03-09,11161
2017-03-10,11161
2017-03-11,11161
2017-03-12,11161
2017-03-13,11161
2017-03-14,11151
2017-03-15,11151
2017-03-16,11151
2017-03-17,11151
2017-03-18,11151
2017-03-19,11151
2017-03-20,11151
2017-03-21,11278
2017-03-22,11278
2017-03-23,11278
2017-03-24,11278
2017-03-25,11278
2017-03-26,11278
2017-03-27,11278
2017-03-28,11353
2017-03-29,11353
2017-03-30,11353
2017-03-31,11353
2017-04-01,11353
2017-04-02,11353
2017-04-03,11353
2017-04-04,11326
2017-04-05,11326
2017-04-06,11326
2017-04-07,11326
2017-04-08,11326
2017-04-09,11326
2017-04-10,11326
2017-04-11,11326
2017-04-12,11326
2017-04-13,11326
2017-04-14,11326
2017-04-15,11326
2017-04-16,11326
2017-04-17,11326
2017-04-18,10952
2017-04-19,10952
2017-04-20,10952
2017-04-21,10952
2017-04-22,10952
2017-04-23,10952
2017-04-24,10952
2017-04-25,10939
2017-04-26,10939
2017-04-27,10939
2017-04-28,10939
2017-04-29,10939
2017-04-30,10939
2017-05-01,10939
2017-05-02,10939
2017-05-03,10939
2017-05-04,10939
2017-05-05,10939
2017-05-06,10939
2017-05-07,10939
2017-05-08,10939
2017-05-09,11111
2017-05-10,11111
2017-05-11,11111
2017-05-12,11111
2017-05-13,11111
2017-05-14,11111
2017-05-15,11111
2017-05-16,11336
2017-05-17,11336
2017-05-18,11336
2017-05-19,11336
2017-05-20,11336
2017-05-21,11336
2017-05-22,11336
2017-05-23,11526
2017-05-24,11526
2017-05-25,11526
2017-05-26,11526
2017-05-27,11526
2017-05-28,11526
2017-05-29,11526
2017-05-30,11692
2017-05-31,11692
2017-06-01,11692
2017-06-02,11692
2017-06-03,11692
2017-06-04,11692
2017-06-05,11692
2017-06-06,11660
2017-06-07,11660
2017-06-08,11660
2017-06-09,11660
2017-06-10,11660
2017-06-11,11660
2017-06-12,11660
2017-06-13,11880
2017-06-14,11880
2017-06-15,11880
2017-06-16,11880
2017-06-17,11880
2017-06-18,11880
2017-06-19,11880
2017-06-20,12183
2017-06-21,12183
2017-06-22,12183
2017-06-23,12183
2017-06-24,12183
2017-06-25,12183
2017-06-26,12183
2017-06-27,12169
2017-06-28,12169
2017-06-29,12169
2017-06-30,12169
2017-07-01,12169
2017-07-02,12169
2017-07-03,12169
2017-07-04,12319
2017-07-05,12319
2017-07-06,12319
2017-07-07,12319
2017-07-08,12319
2017-07-09,12319
2017-07-10,12319
2017-07-11,12164
2017-07-12,12164
2017-07-13,12164
2017-07-14,12164
2017-07-15,12164
2017-07-16,12164
2017-07-17,12164
2017-07-18,12062
2017-07-19,12062
2017-07-20,12062
2017-07-21,12062
2017-07-22,12062
2017-07-23,12062
2017-07-24,12062
2017-07-25,11789
2017-07-26,11789
2017-07-27,11789
2017-07-28,11789
2017-07-29,11789
2017-07-30,11789
2017-07-31,11789
2017-08-01,12077
2017-08-02,12077
2017-08-03,12077
2017-08-04,12077
2017-08-05,12077
2017-08-06,12077
2017-08-07,12077
2017-08-08,12192
2017-08-09,12192
2017-08-10,12192
2017-08-11,12192
2017-08-12,12192
2017-08-13,12192
2017-08-14,12192
2017-08-15,12080
2017-08-16,12080
2017-08-17,12080
2017-08-18,12080
2017-08-19,12080
2017-08-20,12080
2017-08-21,12080
2017-08-22,11990
2017-08-23,11990
2017-08-24,11990
2017-08-25,11990
2017-08-26,11990
2017-08-27,11990
2017-08-28,11990
2017-08-29,12190
2017-08-30,12190
2017-08-31,12190
2017-09-01,12190
2017-09-02,12190
2017-09-03,12190
2017-09-04,12190
2017-09-05,12300
2017-09-06,12300
2017-09-07,12300
2017-09-08,12300
2017-09-09,12300
2017-09-10,12300
2017-09-11,12300
2017-09-12,12300
2017-09-13,12300
2017-09-14,12300
2017-09-15,12300
2017-09-16,12300
2017-09-17,12300
2017-09-18,12300
2017-09-19,12474
2017-09-20,12474
2017-09-21,12474
2017-09-22,12474
2017-09-23,12474
2017-09-24,12474
2017-09-25,12474
2017-09-26,12517
2017-09-27,12517
2017-09-28,12517
2017-09-29,12517
2017-09-30,12517
2017-10-01,12517
2017-10-02,12517
2017-10-03,12568
2017-10-04,12568
2017-10-05,12568
2017-10-06,12568
2017-10-07,12568
2017-10-08,12568
2017-10-09,12568
2017-10-10,12622
2017-10-11,12622
2017-10-12,12622
2017-10-13,12622
2017-10-14,12622
2017-10-15,12622
2017-10-16,12622
2017-10-17,12774
2017-10-18,12774
2017-10-19,12774
2017-10-20,12774
2017-10-21,12774
2017-10-22,12774
2017-10-23,12774
2017-10-24,12608
2017-10-25,12608
2017-10-26,12608
2017-10-27,12608
2017-10-28,12608
2017-10-29,12608
2017-10-30,12608
2017-10-31,12731
2017-11-01,12731
2017-11-02,12731
2017-11-03,12731
2017-11-04,12731
2017-11-05,12731
2017-11-06,12731
2017-11-07,12828
2017-11-08,12828
2017-11-09,12828
2017-11-10,12828
2017-11-11,12828
2017-11-12,12828
2017-11-13,12828
2017-11-14,13318
2017-11-15,13318
2017-11-16,13318
2017-11-17,13318
2017-11-18,13318
2017-11-19,13318
2017-11-20,13318
2017-11-21,13689
2017-11-22,13689
2017-11-23,13689
2017-11-24,13689
2017-11-25,13689
2017-11-26,13689
2017-11-27,13689
2017-11-28,14131
2017-11-29,14131
2017-11-30,14131
2017-12-01,14131
2017-12-02,14131
2017-12-03,14131
2017-12-04,14131
2017-12-05,14720
2017-12-06,14720
2017-12-07,14720
2017-12-08,14720
2017-12-09,14720
2017-12-10,14720
2017-12-11,14720
2017-12-12,13983
2017-12-13,13983
2017-12-14,13983
2017-12-15,13983
2017-12-16,13983
2017-12-17,13983
2017-12-18,13983
2017-12-19,14696
2017-12-20,14696
2017-12-21,14696
2017-12-22,14696
2017-12-23,14696
2017-12-24,14696
2017-12-25,14696
2017-12-26,14979
2017-12-27,14979
2017-12-28,14979
2017-12-29,14979
2017-12-30,14979
2017-12-31,14979
2018-01-01,14979
2018-01-02,15430
2018-01-03,15430
2018-01-04,15430
2018-01-05,15430
2018-01-06,15430
2018-01-07,15430
2018-01-08,15430
2018-01-09,15972
2018-01-10,15972
2018-01-11,15972
2018-01-12,15972
2018-01-13,15972
2018-01-14,15972
2018-01-15,15972
2018-01-16,16491
2018-01-17,16491
2018-01-18,16491
2018-01-19,16491
2018-01-20,16491
2018-01-21,16491
2018-01-22,16491
2018-01-23,16753
2018-01-24,16753
2018-01-25,16753
2018-01-26,16753
2018-01-27,16753
2018-01-28,16753
2018-01-29,16753
2018-01-30,17144
2018-01-31,17144
2018-02-01,17144
2018-02-02,17144
2018-02-03,17144
2018-02-04,17144
2018-02-05,17144
2018-02-06,15870
2018-02-07,15870
2018-02-08,15870
2018-02-09,15870
2018-02-10,15870
2018-02-11,15870
2018-02-12,15870
2018-02-13,15326
2018-02-14,15326
2018-02-15,15326
2018-02-16,15326
2018-02-17,15326
2018-02-18,15326
2018-02-19,15326
2018-02-20,15326
2018-02-21,15326
2018-02-22,15326
2018-02-23,15326
2018-02-24,15326
2018-02-25,15326
2018-02-26,15326
2018-02-27,16051
2018-02-28,16051
2018-03-01,16051
2018-03-02,16051
2018-03-03,16051
2018-03-04,16051
2018-03-05,16051
2018-03-06,15984
2018-03-07,15984
2018-03-08,15984
2018-03-09,15984
2018-03-10,15984
2018-03-11,15984
2018-03-12,15984
2018-03-13,16148
2018-03-14,16148
2018-03-15,16148
2018-03-16,16148
2018-03-17,16148
2018-03-18,16148
2018-03-19,16148
2018-03-20,16647
2018-03-21,16647
2018-03-22,16647
2018-03-23,16647
2018-03-24,16647
2018-03-25,16647
2018-03-26,16647
2018-03-27,16505
2018-03-28,16505
2018-03-29,16505
2018-03-30,16505
2018-03-31,16505
2018-04-01,16505
2018-04-02,16505
2018-04-03,16748
2018-04-04,16748
2018-04-05,16748
2018-04-06,16748
2018-04-07,16748
2018-04-08,16748
2018-04-09,16748
2018-04-10,16859
2018-04-11,16859
2018-04-12,16859
2018-04-13,16859
2018-04-14,16859
2018-04-15,16859
2018-04-16,16859
2018-04-17,16272
2018-04-18,16272
2018-04-19,16272
2018-04-20,16272
2018-04-21,16272
2018-04-22,16272
2018-04-23,16272
2018-04-24,15212
2018-04-25,15212
2018-04-26,15212
2018-04-27,15212
2018-04-28,15212
2018-04-29,15212
2018-04-30,15212
2018-05-01,15212
2018-05-02,15212
2018-05-03,15212
2018-05-04,15212
2018-05-05,15212
2018-05-06,15212
2018-05-07,15212
2018-05-08,14724
2018-05-09,14724
2018-05-10,14730
2018-05-11,14640
2018-05-12,14640
2018-05-13,14640
2018-05-14,14705
2018-05-15,14783
2018-05-16,14813
2018-05-17,14681
2018-05-18,14683
2018-05-19,14683
2018-05-20,14683
2018-05-21,14671
2018-05-22,14611
2018-05-23,14459
2018-05-24,14481
2018-05-25,14457
2018-05-26,14457
2018-05-27,14457
2018-05-28,14370
2018-05-29,14229
2018-05-30,14320
2018-05-31,14296
2018-06-01,14382
2018-06-02,14382
2018-06-03,14382
2018-06-04,14422
2018-06-05,14523
2018-06-06,14534
2018-06-07,14638
2018-06-08,14611
2018-06-09,14611
2018-06-10,14611
2018-06-11,14585
2018-06-12,14573
2018-06-13,14408
2018-06-14,14466
2018-06-15,14389
2018-06-16,14389
2018-06-17,14389
2018-06-18,14425
2018-06-19,13959
2018-06-20,13552
2018-06-21,13648
2018-06-22,13573
2018-06-23,13573
2018-06-24,13573
2018-06-25,13694
2018-06-26,13727
2018-06-27,13698
2018-06-28,13663
2018-06-29,13578
2018-06-30,13578
2018-07-01,13578
2018-07-02,13575
2018-07-03,13530
2018-07-04,13437
2018-07-05,13448
2018-07-06,13449
2018-07-07,13449
2018-07-08,13449
2018-07-09,13486
2018-07-10,13435
2018-07-11,13450
2018-07-12,13430
2018-07-13,13430
2018-07-14,13430
2018-07-15,13430
2018-07-16,13439
2018-07-17,13466
2018-07-18,13489
2018-07-19,13519
2018-07-20,13542
2018-07-21,13542
2018-07-22,13542
2018-07-23,13524
2018-07-24,13533
2018-07-25,13473
2018-07-26,13502
2018-07-27,13526
2018-07-28,13526
2018-07-29,13526
2018-07-30,13546
2018-07-31,13586
2018-08-01,13590
2018-08-02,13572
2018-08-03,13579
2018-08-04,13579
2018-08-05,13579
2018-08-06,13588
2018-08-07,13578
2018-08-08,13568
2018-08-09,13590
2018-08-10,13592
2018-08-11,13592
2018-08-12,13592
2018-08-13,13598
2018-08-14,13633
2018-08-15,13645
2018-08-16,13611
2018-08-17,13627
2018-08-18,13627
2018-08-19,13627
2018-08-20,13599
2018-08-21,13584
2018-08-22,13635
2018-08-23,13620
2018-08-24,13617
2018-08-25,13617
2018-08-26,13617
2018-08-27,13623
2018-08-28,13610
2018-08-29,13637
2018-08-31,13634
2018-09-01,13634
2018-09-02,13634
2018-09-03,13634
2018-09-04,13634
2018-09-05,13620
2018-09-06,13592
2018-09-07,13580
2018-09-08,13580
2018-09-09,13580
2018-09-10,13615
2018-09-11,13635
2018-09-12,13637
2018-09-13,13624
2018-09-14,13650
2018-09-15,13650
2018-09-16,13650
2018-09-17,13637
2018-09-18,13661
2018-09-19,13714
2018-09-20,13711
2018-09-21,13744
2018-09-22,13744
2018-09-23,13744
2018-09-24,13744
2018-09-25,13761
2018-09-26,13751
2018-09-27,13755
2018-09-28,13793
2018-09-29,13793
2018-10-01,13786
2018-10-02,13775
2018-10-03,13733
2018-10-04,13733
2018-10-05,13755
2018-10-06,13755
2018-10-07,13755
2018-10-08,13714
2018-10-09,13628
2018-10-10,13587
2018-10-11,13590
2018-10-12,13186
2018-10-13,13186
2018-10-14,13186
2018-10-15,13411
2018-10-16,13236
2018-10-17,13291
2018-10-18,13359
2018-10-19,13260
2018-10-20,13260
2018-10-21,13260
2018-10-22,13260
2018-10-23,13128
2018-10-24,12944
2018-10-25,12944
2018-10-26,12602
2018-10-27,12602
2018-10-28,12602
2018-10-29,12514
2018-10-30,12380
2018-10-31,12444
2018-11-01,12721
2018-11-02,12608
2018-11-03,12608
2018-11-04,12608
2018-11-05,12786
2018-11-06,12751
2018-11-07,12723
2018-11-08,12702
2018-11-09,12759
2018-11-10,12759
2018-11-11,12759
2018-11-12,12565
2018-11-13,12633
2018-11-14,12484
2018-11-15,12459
2018-11-16,12421
2018-11-17,12421
2018-11-18,12421
2018-11-19,12505
2018-11-20,12576
2018-11-21,12593
2018-11-22,12599
2018-11-23,12631
2018-11-24,12631
2018-11-25,12631
2018-11-26,12567
2018-11-27,12598
2018-11-28,12606
2018-11-29,12638
2018-11-30,12614
2018-12-01,12614
2018-12-02,12614
2018-12-03,12616
2018-12-04,12782
2018-12-05,12865
2018-12-06,12858
2018-12-07,12826
2018-12-08,12826
2018-12-09,12826
2018-12-10,12881
2018-12-11,12839
2018-12-12,12821
2018-12-13,12886
2018-12-14,12917
2018-12-15,12917
2018-12-16,12917
2018-12-17,12828
2018-12-18,12689
2018-12-19,12632
2018-12-20,12607
2018-12-21,12605
2018-12-22,12605
2018-12-23,12605
2018-12-24,12605
2018-12-25,12531
2018-12-26,12486
2018-12-27,12460
2018-12-28,12579
2018-12-29,12579
2018-12-30,12579
2018-12-31,12579
2019-01-01,12579
2019-01-02,12597
2019-01-03,12589
2019-01-04,12529
2019-01-05,12529
2019-01-06,12529
2019-01-07,12540
2019-01-08,12573
2019-01-09,12547
2019-01-10,12606
2019-01-11,12609
2019-01-12,12609
2019-01-13,12609
2019-01-14,12635
2019-01-15,12624
2019-01-16,12651
2019-01-17,12617
2019-01-18,12612
2019-01-19,12612
2019-01-20,12612
2019-01-21,12586
2019-01-22,12644
2019-01-23,12634
2019-01-24,12615
2019-01-25,12613
2019-01-26,12613
2019-01-27,12613
2019-01-28,12626
2019-01-29,12621
2019-01-30,12680
2019-01-31,12666
2019-02-01,12683
2019-02-02,12683
2019-02-03,12683
2019-02-04,12683
2019-02-05,12683
2019-02-06,12683
2019-02-07,12683
2019-02-08,12683
2019-02-09,12683
2019-02-10,12683
2019-02-11,12698
2019-02-12,12774
2019-02-13,12803
2019-02-14,12832
2019-02-15,12835
2019-02-16,12835
2019-02-17,12835
2019-02-18,12823
2019-02-19,12908
2019-02-20,12841
2019-02-21,12865
2019-02-22,12855
2019-02-23,12855
2019-02-24,12855
2019-02-25,12876
2019-02-26,12924
2019-02-27,12933
2019-02-28,12892
2019-03-01,12782
2019-03-02,12782
2019-03-03,12782
2019-03-04,12844
2019-03-05,12890
2019-03-06,12887
2019-03-07,12882
2019-03-08,12933
2019-03-09,12933
2019-03-10,12933
2019-03-11,12862
2019-03-12,12851
2019-03-13,12940
2019-03-14,12950
2019-03-15,12977
2019-03-16,12977
2019-03-17,12977
2019-03-18,12946
2019-03-19,12925
2019-03-20,12889
2019-03-21,12865
2019-03-22,12828
2019-03-23,12828
2019-03-24,12828
2019-03-25,12845
2019-03-26,12764
2019-03-27,12769
2019-03-28,12799
2019-03-29,12837
2019-03-30,12837
2019-03-31,12837
2019-04-01,12814
2019-04-02,12836
2019-04-03,12818
2019-04-04,12820
2019-04-05,12837
2019-04-06,12837
2019-04-07,12837
2019-04-08,12841
2019-04-09,12860
2019-04-10,12832
2019-04-11,12831
2019-04-12,12813
2019-04-13,12813
2019-04-14,12813
2019-04-15,12813
2019-04-16,12826
2019-04-17,12798
2019-04-18,12778
2019-04-19,12756
2019-04-20,12756
2019-04-21,12756
2019-04-22,12751
2019-04-23,12723
2019-04-24,12733
2019-04-25,12785
2019-04-26,12780
2019-04-27,12780
2019-04-28,12780
2019-04-29,12780
2019-04-30,12780
2019-05-01,12780
2019-05-02,12824
2019-05-03,12835
2019-05-04,12835
2019-05-05,12835
2019-05-06,12841
2019-05-07,12726
2019-05-08,12756
2019-05-09,12749
2019-05-10,12687
2019-05-11,12687
2019-05-12,12687
2019-05-13,12717
2019-05-14,12747
2019-05-15,12799
2019-05-16,12810
2019-05-17,12778
2019-05-18,12778
2019-05-19,12778
2019-05-20,12754
2019-05-21,12848
2019-05-22,12854
2019-05-23,12825
2019-05-24,12836
2019-05-25,12836
2019-05-26,12836
2019-05-27,12770
2019-05-28,12757
2019-05-29,12768
2019-05-30,12718
2019-05-31,12720
2019-06-01,12720
2019-06-02,12720
2019-06-03,12627
2019-06-04,12500
2019-06-05,12513
2019-06-06,12528
2019-06-07,12530
2019-06-08,12530
2019-06-09,12530
2019-06-10,12608
2019-06-11,12631
2019-06-12,12651
2019-06-13,12612
2019-06-14,12577
2019-06-15,12577
2019-06-16,12577
2019-06-17,12590
2019-06-18,12552
2019-06-19,12566
2019-06-20,12589
2019-06-21,12685
2019-06-22,12685
2019-06-23,12685
2019-06-24,12682
2019-06-25,12701
2019-06-26,12692
2019-06-27,12663
2019-06-28,12590
2019-06-29,12590
2019-06-30,12590
2019-07-01,12654
2019-07-02,12741
2019-07-03,12731
2019-07-04,12724
2019-07-05,12792
2019-07-06,12792
2019-07-07,12792
2019-07-08,12792
2019-07-09,12756
2019-07-10,12813
2019-07-11,12851
2019-07-12,12865
2019-07-13,12865
2019-07-14,12865
2019-07-15,12866
2019-07-16,12889
2019-07-17,12889
2019-07-18,12871
2019-07-19,12868
2019-07-20,12868
2019-07-21,12868
2019-07-22,12947
2019-07-23,12952
2019-07-24,13040
2019-07-25,12979
2019-07-26,13024
2019-07-27,13024
2019-07-28,13024
2019-07-29,12991
2019-07-30,12980
2019-07-31,12849
2019-08-01,12943
2019-08-02,12977
2019-08-03,12977
2019-08-04,12977
2019-08-05,12927
2019-08-06,12824
2019-08-07,12783
2019-08-08,12869
2019-08-09,12931
2019-08-10,12931
2019-08-11,12931
2019-08-12,12985
2019-08-13,13049
2019-08-14,13043
2019-08-15,13049
2019-08-16,13158
2019-08-17,13158
2019-08-18,13158
2019-08-19,13075
2019-08-20,13077
2019-08-21,13199
2019-08-22,13251
2019-08-23,13168
2019-08-24,13168
2019-08-25,13168
2019-08-26,13152
2019-08-27,13109
2019-08-28,13011
2019-08-29,12947
2019-08-30,12974
2019-08-31,12974
2019-09-01,12974
2019-09-02,12974
2019-09-03,13033
2019-09-04,13048
2019-09-05,13037
2019-09-06,12976
2019-09-07,12976
2019-09-08,12976
2019-09-09,12989
2019-09-10,12971
2019-09-11,12971
2019-09-12,12964
2019-09-13,12964
2019-09-14,12964
2019-09-15,12964
2019-09-16,13290
2019-09-17,13323
2019-09-18,13321
2019-09-19,13316
2019-09-20,13441
2019-09-21,13441
2019-09-22,13441
2019-09-23,13487
2019-09-24,13307
2019-09-25,13276
2019-09-26,13362
2019-09-27,13385
2019-09-28,13385
2019-09-29,13385
2019-09-30,13472
2019-10-01,13397
2019-10-02,13505
2019-10-03,13399
2019-10-04,13415
2019-10-05,13415
2019-10-06,13415
2019-10-07,13349
2019-10-08,13224
2019-10-09,13339
2019-10-10,13357
2019-10-11,13350
2019-10-12,13350
2019-10-13,13350
2019-10-14,13383
2019-10-15,13462
2019-10-16,13456
2019-10-17,13472
2019-10-18,13409
2019-10-19,13409
2019-10-20,13409
2019-10-21,13400
2019-10-22,13302
2019-10-23,13321
2019-10-24,13347
2019-10-25,13537
2019-10-26,13537
2019-10-27,13537
2019-10-28,13537
2019-10-29,13563
2019-10-30,13500
2019-10-31,13516
2019-11-01,13484
2019-11-02,13484
2019-11-03,13484
2019-11-04,13584
2019-11-05,13758
2019-11-06,13737
2019-11-07,13721
2019-11-08,13721
2019-11-09,13721
2019-11-10,13721
2019-11-11,13706
2019-11-12,13636
2019-11-13,13688
2019-11-14,13621
2019-11-15,13453
2019-11-16,13453
2019-11-17,13453
2019-11-18,13476
2019-11-19,13377
2019-11-20,13506
2019-11-21,13385
2019-11-22,13287
2019-11-23,13287
2019-11-24,13287
2019-11-25,13130
2019-11-26,13127
2019-11-27,13191
2019-11-28,13218
2019-11-29,13390
2019-11-30,13090
2019-12-01,13090
2019-12-02,13111
2019-12-03,13006
2019-12-04,12952
2019-12-05,13131
2019-12-06,13126
2019-12-07,13126
2019-12-08,13126
2019-12-09,13155
2019-12-10,13243
2019-12-11,13207
2019-12-12,13244
2019-12-13,13276
2019-12-14,13276
2019-12-15,13276
2019-12-16,13263
2019-12-17,13177
2019-12-18,13005
2019-12-19,12980
2019-12-20,13016
2019-12-21,13016
2019-12-22,13016
2019-12-23,13077
2019-12-24,13099
2019-12-25,13129
2019-12-26,13218
2019-12-27,13185
2019-12-28,13185
2019-12-29,13185
2019-12-30,13235
2019-12-31,13293
2020-01-01,13293
2020-01-02,13362
2020-01-03,13425
2020-01-04,13425
2020-01-05,13425
2020-01-06,13306
2020-01-07,13257
2020-01-08,13301
2020-01-09,13092
2020-01-10,13220
2020-01-11,13220
2020-01-12,13220
2020-01-13,13247
2020-01-14,13214
2020-01-15,13259
2020-01-16,13280
2020-01-17,13368
2020-01-18,13368
2020-01-19,13368
2020-01-20,13434
2020-01-21,13484
2020-01-22,13441
2020-01-23,13441
2020-01-24,13441
2020-01-25,13441
2020-01-26,13441
2020-01-27,13441
2020-01-28,13441
2020-01-29,13441
2020-01-30,13480
2020-01-31,13137
2020-02-01,13137
2020-02-02,13137
2020-02-03,12852
2020-02-04,12808
2020-02-05,12851
2020-02-06,12833
2020-02-07,13008
2020-02-08,13008
2020-02-09,13008
2020-02-10,12942
2020-02-11,12812
2020-02-12,12883
2020-02-13,13006
2020-02-14,13042
2020-02-15,13042
2020-02-16,13042
2020-02-17,13084
2020-02-18,13081
2020-02-19,13146
2020-02-20,13126
2020-02-21,13151
2020-02-22,13151
2020-02-23,13151
2020-02-24,12978
2020-02-25,12631
2020-02-26,12787
2020-02-27,12719
2020-02-28,12775
2020-02-29,12775
2020-03-01,12775
2020-03-02,12632
2020-03-03,12670
2020-03-04,12713
2020-03-05,12668
2020-03-06,12658
2020-03-07,12658
2020-03-08,12658
2020-03-09,12582
2020-03-10,11934
2020-03-11,12022
2020-03-12,11685
2020-03-13,11158
2020-03-14,11158
2020-03-15,11158
2020-03-16,11089
2020-03-17,10811
2020-03-18,10894
2020-03-19,10949
2020-03-20,10715
2020-03-21,10715
2020-03-22,10715
2020-03-23,10588
2020-03-24,10050
2020-03-25,10052
2020-03-26,10410
2020-03-27,10228
2020-03-28,10228
2020-03-29,10228
2020-03-30,10121
2020-03-31,9734
2020-04-01,9745
2020-04-02,9745
2020-04-03,9990
2020-04-04,9990
2020-04-05,9990
2020-04-06,10270
2020-04-07,10717
2020-04-08,10803
2020-04-09,10723
2020-04-10,10805
2020-04-11,10805
2020-04-12,10805
2020-04-13,10762
2020-04-14,10851
2020-04-15,10947
2020-04-16,11098
2020-04-17,11118
2020-04-18,11118
2020-04-19,11118
2020-04-20,11245
2020-04-21,11289
2020-04-22,11006
2020-04-23,11096
2020-04-24,11108
2020-04-25,11108
2020-04-26,11108
2020-04-27,11143
2020-04-28,11060
2020-04-29,11043
2020-04-30,11043
2020-05-01,11043
2020-05-02,11043
2020-05-03,11043
2020-05-04,11069
2020-05-05,10992
2020-05-06,10994
2020-05-07,11160
2020-05-08,11280
2020-05-09,11280
2020-05-10,11280
2020-05-11,11403
2020-05-12,11498
2020-05-13,11627
2020-05-14,11773
2020-05-15,11685
2020-05-16,11685
2020-05-17,11685
2020-05-18,11596
2020-05-19,11739
2020-05-20,11839
2020-05-21,11821
2020-05-22,11905
2020-05-23,11905
2020-05-24,11905
2020-05-25,11812
2020-05-26,11861
2020-05-27,11999
2020-05-28,11853
2020-05-29,11879
2020-05-30,11879
2020-05-31,11879
2020-06-01,11871
2020-06-02,12063
2020-06-03,12011
2020-06-04,12112
2020-06-05,12147
2020-06-06,12147
2020-06-07,12147
2020-06-08,12228
2020-06-09,12341
2020-06-10,12283
2020-06-11,12265
2020-06-12,11845
2020-06-13,11845
2020-06-14,11845
2020-06-15,11818
2020-06-16,11529
2020-06-17,11719
2020-06-18,11727
2020-06-19,11785
2020-06-20,11785
2020-06-21,11785
2020-06-22,11898
2020-06-23,11945
2020-06-24,11994
2020-06-25,11882
2020-06-26,11805
2020-06-27,11805
2020-06-28,11805
2020-06-29,11808
2020-06-30,11569
2020-07-01,11494
2020-07-02,11660
2020-07-03,11656
2020-07-04,11656
2020-07-05,11656
2020-07-06,11688
2020-07-07,11759
2020-07-08,11805
2020-07-09,11810
2020-07-10,11912
2020-07-11,11912
2020-07-12,11912
2020-07-13,11836
2020-07-14,11875
2020-07-15,11933
2020-07-16,11955
2020-07-17,11951
2020-07-18,11951
2020-07-19,11951
2020-07-20,11954
2020-07-21,11821
2020-07-22,11867
2020-07-23,11804
2020-07-24,11837
2020-07-25,11837
2020-07-26,11837
2020-07-27,11425
2020-07-28,10864
2020-07-29,11291
2020-07-30,11002
2020-07-31,11124
2020-08-01,11124
2020-08-02,11124
2020-08-03,11069
2020-08-04,11346
2020-08-05,11494
2020-08-06,11659
2020-08-07,11640
2020-08-08,11640
2020-08-09,11640
2020-08-10,11669
2020-08-11,11682
2020-08-12,11703
2020-08-13,11709
2020-08-14,11812
2020-08-15,11812
2020-08-16,11812
2020-08-17,11787
2020-08-18,11823
2020-08-19,11822
2020-08-20,11897
2020-08-21,11928
2020-08-22,11928
2020-08-23,11928
2020-08-24,12059
2020-08-25,12289
2020-08-26,12289
2020-08-27,12334
2020-08-28,12457
2020-08-29,12457
2020-08-30,12457
2020-08-31,12505
2020-09-01,12413
2020-09-02,12413
2020-09-03,12500
2020-09-04,12595
2020-09-05,12595
2020-09-06,12595
2020-09-07,12535
2020-09-08,12320
2020-09-09,12425
2020-09-10,12505
2020-09-11,12517
2020-09-12,12517
2020-09-13,12517
2020-09-14,12537
2020-09-15,12624
2020-09-16,12681
2020-09-17,12702
2020-09-18,12665
2020-09-19,12665
2020-09-20,12665
2020-09-21,12792
2020-09-22,12847
2020-09-23,12881
2020-09-24,12930
2020-09-25,12872
2020-09-26,12872
2020-09-27,12872
2020-09-28,12872
2020-09-29,12988
2020-09-30,12822
2020-10-01,12888
2020-10-02,13034
2020-10-03,13034
2020-10-04,13034
2020-10-05,12920
2020-10-06,13034
2020-10-07,13115
2020-10-08,13109
2020-10-09,13145
2020-10-10,13145
2020-10-11,13145
2020-10-12,13134
2020-10-13,13073
2020-10-14,13061
2020-10-15,13128
2020-10-16,13161
2020-10-17,13161
2020-10-18,13161
2020-10-19,13276
2020-10-20,13270
2020-10-21,13330
2020-10-22,13239
2020-10-23,13402
2020-10-24,13402
2020-10-25,13402
2020-10-26,13525
2020-10-27,13358
2020-10-28,13264
2020-10-29,12939
2020-10-30,13002
2020-10-31,13002
2020-11-01,13002
2020-11-02,13041
2020-11-03,13103
2020-11-04,13120
2020-11-05,13124
2020-11-06,13038
2020-11-07,13038
2020-11-08,13038
2020-11-09,13019
2020-11-10,13221
2020-11-11,13199
2020-11-12,13200
2020-11-13,13292
2020-11-14,13292
2020-11-15,13292
2020-11-16,13384
2020-11-17,13161
2020-11-18,13419
2020-11-19,13458
2020-11-20,13567
2020-11-21,13567
2020-11-22,13567
2020-11-23,13647
2020-11-24,13781
2020-11-25,13779
2020-11-26,13794
2020-11-27,13848
2020-11-28,13848
2020-11-29,13848
2020-11-30,13946
2020-12-01,13851
2020-12-02,13982
2020-12-03,14003
2020-12-04,14082
2020-12-05,14082
2020-12-06,14082
2020-12-07,14077
2020-12-08,14173
2020-12-09,14194
2020-12-10,14306
2020-12-11,14174
2020-12-12,14174
2020-12-13,14174
2020-12-14,14371
2020-12-15,14569
2020-12-16,14409
2020-12-17,14559
2020-12-18,14354
2020-12-19,14354
2020-12-20,14354
2020-12-21,14599
2020-12-22,14778
2020-12-23,14827
2020-12-24,14752
2020-12-25,14610
2020-12-26,14610
2020-12-27,14610
2020-12-28,14799
2020-12-29,14824
2020-12-30,14890
2020-12-31,14899
2021-01-01,14899
2021-01-02,14899
2021-01-03,14899
2021-01-04,15165
2021-01-05,15407
2021-01-06,15587
2021-01-07,15721
2021-01-08,15895
2021-01-09,15898
2021-01-10,15898
2021-01-11,16088
2021-01-12,16329
2021-01-13,16416
2021-01-14,16343
2021-01-15,16376
2021-01-16,16376
2021-01-17,16376
2021-01-18,16509
2021-01-19,16406
2021-01-20,15578
2021-01-21,15677
2021-01-22,16116
2021-01-23,16116
2021-01-24,16116
2021-01-25,16183
2021-01-26,16168
2021-01-27,15777
2021-01-28,15233
2021-01-29,14394
2021-01-30,14394
2021-01-31,14394
2021-02-01,14801
2021-02-02,14621
2021-02-03,15114
2021-02-04,15492
2021-02-05,15493
2021-02-06,15493
2021-02-07,15493
2021-02-08,15642
2021-02-09,15211
2021-02-10,15211
2021-02-11,15211
2021-02-12,15211
2021-02-13,15211
2021-02-14,15211
2021-02-15,15211
2021-02-16,15211
2021-02-17,15563
2021-02-18,15989
2021-02-19,16131
2021-02-20,16131
2021-02-21,16131
2021-02-22,16035
2021-02-23,16035
2021-02-24,16012
2021-02-25,15820
2021-02-26,15855
2021-02-27,15855
2021-02-28,15855
2021-03-01,15931
2021-03-02,16117
2021-03-03,16152
2021-03-04,16164
2021-03-05,15916
2021-03-06,15916
2021-03-07,15916
2021-03-08,15900
2021-03-09,15858
2021-03-10,15748
2021-03-11,15863
2021-03-12,16068
2021-03-13,16068
2021-03-14,16368
2021-03-15,16054
2021-03-16,16095
2021-03-17,16052
2021-03-18,16114
2021-03-19,16312
2021-03-20,16312
2021-03-21,16312
2021-03-22,16187
2021-03-23,16148
2021-03-24,16014
2021-03-25,15752
2021-03-26,15735
2021-03-27,15735
2021-03-28,15735
2021-03-29,15767
2021-03-30,15938
2021-03-31,16068
2021-04-01,16125
2021-04-02,16521
2021-04-03,16521
2021-04-04,16521
2021-04-05,16678
2021-04-06,16833
2021-04-07,16873
2021-04-08,16905
2021-04-09,16833
2021-04-10,16833
2021-04-11,16833
2021-04-12,16860
2021-04-13,17200
2021-04-14,17217
2021-04-15,17398
2021-04-16,17343
2021-04-17,17343
2021-04-18,17343
2021-04-19,17260
2021-04-20,17631
2021-04-21,17631
2021-04-22,17740
2021-04-23,17209
2021-04-24,17209
2021-04-25,17209
2021-04-26,17595
2021-04-27,17259
2021-04-28,17375
2021-04-29,17480
2021-04-30,17480
2021-05-01,17480
2021-05-02,17480
2021-05-03,17480
2021-05-04,17633
2021-05-05,17723
2021-05-06,17839
2021-05-07,17794
2021-05-08,17794
2021-05-09,17794
2021-05-10,17760
2021-05-11,18062
2021-05-12,17955
2021-05-13,18146
2021-05-14,18065
2021-05-15,18065
2021-05-16,18065
2021-05-17,18168
2021-05-18,18075
2021-05-19,18148
2021-05-20,18352
2021-05-21,18615
2021-05-22,18615
2021-05-23,18615
2021-05-24,18594
2021-05-25,18630
2021-05-26,18743
2021-05-27,18827
2021-05-28,18652
2021-05-29,18652
2021-05-30,18652
2021-05-31,18859
2021-06-01,19050
2021-06-02,19190
2021-06-03,19152
2021-06-04,19387
2021-06-05,19387
2021-06-06,19387
2021-06-07,19453
2021-06-08,19240
2021-06-09,18757
2021-06-10,18950
2021-06-11,18881
2021-06-12,18881
2021-06-13,18881
2021-06-14,19241
2021-06-15,19334
2021-06-16,19233
2021-06-17,19028
2021-06-18,18998
2021-06-19,18998
2021-06-20,18998
2021-06-21,19211
2021-06-22,19197
2021-06-23,19309
2021-06-24,19321
2021-06-25,19291
2021-06-26,19291
2021-06-27,19291
2021-06-28,19442
2021-06-29,19655
2021-06-30,19759
2021-07-01,19788
2021-07-02,20005
2021-07-03,20005
2021-07-04,20005
2021-07-05,20096
2021-07-06,19999
2021-07-07,19242
2021-07-08,19780
2021-07-09,19557
2021-07-10,19557
2021-07-11,19557
2021-07-12,19218
2021-07-13,18667
2021-07-14,18627
2021-07-15,18353
2021-07-16,18555
2021-07-17,18555
2021-07-18,18555
2021-07-19,18666
2021-07-20,18037
2021-07-21,18410
2021-07-22,18330
2021-07-23,18549
2021-07-24,18549
2021-07-25,18549
2021-07-26,18280
2021-07-27,18311
2021-07-28,18361
2021-07-29,18335
2021-07-30,18531
2021-07-31,18531
2021-08-01,18531
2021-08-02,18765
2021-08-03,18785
2021-08-04,19019
2021-08-05,19042
2021-08-06,19199
2021-08-07,19199
2021-08-08,19199
2021-08-09,19083
2021-08-10,19340
2021-08-11,19297
2021-08-12,19206
2021-08-13,19066
2021-08-14,19066
2021-08-15,19066
2021-08-16,19149
2021-08-17,19331
2021-08-18,19271
2021-08-19,19226
2021-08-20,19422
2021-08-21,19422
2021-08-22,19422
2021-08-23,18772
2021-08-24,18322
2021-08-25,18395
2021-08-26,18526
2021-08-27,18347
2021-08-28,18347
2021-08-29,18347
2021-08-30,18451
2021-08-31,18588
2021-09-01,18580
2021-09-02,18580
2021-09-03,18580
2021-09-04,18580
2021-09-05,18580
2021-09-06,18559
2021-09-07,18727
2021-09-08,18755
2021-09-09,18646
2021-09-10,18816
2021-09-11,18816
2021-09-12,18816
2021-09-13,18828
2021-09-14,18794
2021-09-15,18713
2021-09-16,18820
2021-09-17,18856
2021-09-18,18856
2021-09-19,18856
2021-09-20,18915
2021-09-21,18928
2021-09-22,18776
2021-09-23,18867
2021-09-24,18942
2021-09-25,18942
2021-09-26,18942
2021-09-27,18950
2021-09-28,18709
2021-09-29,18858
2021-09-30,18861
2021-10-01,18901
2021-10-02,18901
2021-10-03,18901
2021-10-04,18755
2021-10-05,18796
2021-10-06,18949
2021-10-07,18981
2021-10-08,19006
2021-10-09,19006
2021-10-10,19006
2021-10-11,19161
2021-10-12,19545
2021-10-13,19534
2021-10-14,19498
2021-10-15,19468
2021-10-16,19468
2021-10-17,19468
2021-10-18,19482
2021-10-19,19549
2021-10-20,19509
2021-10-21,19463
2021-10-22,19255
2021-10-23,19255
2021-10-24,19255
2021-10-25,19269
2021-10-26,19158
2021-10-27,19228
2021-10-28,19679
2021-10-29,19849
2021-10-30,19849
2021-10-31,19849
2021-11-01,19892
2021-11-02,19679
2021-11-03,19746
2021-11-04,19799
2021-11-05,19777
2021-11-06,19777
2021-11-07,19777
2021-11-08,19835
2021-11-09,19902
2021-11-10,19796
2021-11-11,19771
2021-11-12,19651
2021-11-13,19651
2021-11-14,19651
2021-11-15,19796
2021-11-16,19821
2021-11-17,19661
2021-11-18,19688
2021-11-19,19499
2021-11-20,19499
2021-11-21,19499
2021-11-22,19413
2021-11-23,19613
2021-11-24,19853
2021-11-25,20191
2021-11-26,20308
2021-11-27,20308
2021-11-28,20308
2021-11-29,20253
2021-11-30,20122
2021-12-01,19923
2021-12-02,20070
2021-12-03,19971
2021-12-04,19971
2021-12-05,19971
2021-12-06,19509
2021-12-07,19237
2021-12-08,19629
2021-12-09,19681
2021-12-10,19845
2021-12-11,19845
2021-12-12,19845
2021-12-13,19719
2021-12-14,19742
2021-12-15,19686
2021-12-16,19720
2021-12-17,19611
2021-12-18,19611
2021-12-19,19611
2021-12-20,19655
2021-12-21,19665
2021-12-22,19642
2021-12-23,19565
2021-12-24,19262
2021-12-25,19262
2021-12-26,19262
2021-12-27,19609
2021-12-28,19721
2021-12-29,19835
2021-12-30,19730
2021-12-31,19773
2022-01-01,19773
2022-01-02,19773
2022-01-03,19773
2022-01-04,19963
2022-01-05,20264
2022-01-06,20108
2022-01-07,20116
2022-01-08,20116
2022-01-09,20116
2022-01-10,19958
2022-01-11,19756
2022-01-12,19558
2022-01-13,19919
2022-01-14,19854
2022-01-15,19854
2022-01-16,19854
2022-01-17,19842
2022-01-18,19259
2022-01-19,19232
2022-01-20,19302
2022-01-21,19446
2022-01-22,19446
2022-01-23,19446
2022-01-24,19537
2022-01-25,19100
2022-01-26,19654
2022-01-27,19756
2022-01-28,19650
2022-01-29,19650
2022-01-30,19650
2022-01-31,19650
2022-02-01,19650
2022-02-02,19650
2022-02-03,19650
2022-02-04,19650
2022-02-05,19650
2022-02-06,19650
2022-02-07,19827
2022-02-08,19950
2022-02-09,20043
2022-02-10,20077
2022-02-11,20026
2022-02-12,20026
2022-02-13,20026
2022-02-14,19977
2022-02-15,19488
2022-02-16,19778
2022-02-17,19706
2022-02-18,19940
2022-02-19,19940
2022-02-20,19940
2022-02-21,19835
2022-02-22,19864
2022-02-23,19854
2022-02-24,19931
2022-02-25,19746
2022-02-26,19746
2022-02-27,19746
2022-02-28,19796
2022-03-01,19679
2022-03-02,19721
2022-03-03,19471
2022-03-04,19781
2022-03-05,19781
2022-03-06,19781
2022-03-07,19805
2022-03-08,19609
2022-03-09,19355
2022-03-10,19340
2022-03-11,19353
2022-03-12,19353
2022-03-13,19353
2022-03-14,19187
2022-03-15,18984
2022-03-16,19085
2022-03-17,19120
2022-03-18,19086
2022-03-19,19086
2022-03-20,19086
2022-03-21,19172
2022-03-22,19511
2022-03-23,19637
2022-03-24,19540
2022-03-25,19438
2022-03-26,19438
2022-03-27,19438
2022-03-28,19449
2022-03-29,19261
2022-03-30,19474
2022-03-31,19456
2022-04-01,19554
2022-04-02,19554
2022-04-03,19554
2022-04-04,19986
2022-04-05,20088
2022-04-06,19988
2022-04-07,20200
2022-04-08,20006
2022-04-09,20006
2022-04-10,20006
2022-04-11,20006
2022-04-12,19773
2022-04-13,19554
2022-04-14,19804
2022-04-15,19724
2022-04-16,19724
2022-04-17,19724
2022-04-18,19451
2022-04-19,19142
2022-04-20,18830
2022-04-21,18782
2022-04-22,18660
2022-04-23,18660
2022-04-24,18660
2022-04-25,18861
2022-04-26,17976
2022-04-27,18345
2022-04-28,18419
2022-04-29,18379
2022-04-30,18379
2022-05-01,18379
2022-05-02,18379
2022-05-03,18379
2022-05-04,18528
2022-05-05,18230
2022-05-06,18411
2022-05-07,18411
2022-05-08,18411
2022-05-09,18031
2022-05-10,17351
2022-05-11,17755
2022-05-12,17799
2022-05-13,16977
2022-05-14,16977
2022-05-15,16977
2022-05-16,16336
2022-05-17,16266
2022-05-18,17001
2022-05-19,17026
2022-05-20,16978
2022-05-21,16978
2022-05-22,16978
2022-05-23,16968
2022-05-24,16716
2022-05-25,16854
2022-05-26,17211
2022-05-27,17186
2022-05-28,17186
2022-05-29,17186
2022-05-30,17412
2022-05-31,17481
2022-06-01,17430
2022-06-02,17464
2022-06-03,17408
2022-06-04,17408
2022-06-05,17408
2022-06-06,17446
2022-06-07,17413
2022-06-08,17425
2022-06-09,17560
2022-06-10,17568
2022-06-11,17568
2022-06-12,17568
2022-06-13,17319
2022-06-14,16770
2022-06-15,16868
2022-06-16,16836
2022-06-17,17126
2022-06-18,17126
2022-06-19,17126
2022-06-20,17055
2022-06-21,16721
2022-06-22,16636
2022-06-23,16439
2022-06-24,16645
2022-06-25,16645
2022-06-26,16645
2022-06-27,16621
2022-06-28,16762
2022-06-29,16950
2022-06-30,16933
2022-07-01,16705
2022-07-02,16705
2022-07-03,16705
2022-07-04,16724
2022-07-05,16646
2022-07-06,16505
2022-07-07,16261
2022-07-08,16380
2022-07-09,16380
2022-07-10,16380
2022-07-11,16400
2022-07-12,16263
2022-07-13,16358
2022-07-14,16350
2022-07-15,16365
2022-07-16,16365
2022-07-17,16365
2022-07-18,16283
2022-07-19,16282
2022-07-20,16286
2022-07-21,16406
2022-07-22,16470
2022-07-23,16470
2022-07-24,16470
2022-07-25,16447
2022-07-26,16389
2022-07-27,16349
2022-07-28,16397
2022-07-29,16499
2022-07-30,16499
2022-07-31,16499
2022-08-01,16451
2022-08-02,16593
2022-08-03,16658
2022-08-04,16660
2022-08-05,16743
2022-08-06,16743
2022-08-07,16743
2022-08-08,16733
2022-08-09,16766
2022-08-10,16781
2022-08-11,16745
2022-08-12,16694
2022-08-13,16694
2022-08-14,16694
2022-08-15,16770
2022-08-16,16909
2022-08-17,16922
2022-08-18,16894
2022-08-19,16856
2022-08-20,16856
2022-08-21,16856
2022-08-22,16780
2022-08-23,16799
2022-08-24,16867
2022-08-25,16922
2022-08-26,17048
2022-08-27,17048
2022-08-28,17048
2022-08-29,17144
2022-08-30,17073
2022-08-31,17104
2022-09-01,17104
2022-09-02,17104
2022-09-03,17104
2022-09-04,17104
2022-09-05,17147
2022-09-06,17091
2022-09-07,17109
2022-09-08,16808
2022-09-09,16781
2022-09-10,16781
2022-09-11,16781
2022-09-12,16861
2022-09-13,16917
2022-09-14,16899
2022-09-15,16819
2022-09-16,16844
2022-09-17,16844
2022-09-18,16844
2022-09-19,16744
2022-09-20,16515
2022-09-21,16637
2022-09-22,16530
2022-09-23,16529
2022-09-24,16529
2022-09-25,16529
2022-09-26,16446
2022-09-27,16166
2022-09-28,16096
2022-09-29,15909
2022-09-30,15784
2022-10-01,15784
2022-10-02,15784
2022-10-03,15785
2022-10-04,15392
2022-10-05,15393
2022-10-06,15465
2022-10-07,15324
2022-10-08,15324
2022-10-09,15324
2022-10-10,15174
2022-10-11,15221
2022-10-12,15027
2022-10-13,15224
2022-10-14,15336
2022-10-15,15336
2022-10-16,15336
2022-10-17,15421
2022-10-18,15407
2022-10-19,15423
2022-10-20,15395
2022-10-21,15417
2022-10-22,15417
2022-10-23,15417
2022-10-24,15056
2022-10-25,14853
2022-10-26,14943
2022-10-27,14989
2022-10-28,15275
2022-10-29,15275
2022-10-30,15275
2022-10-31,15273
2022-11-01,15282
2022-11-02,15393
2022-11-03,15309
2022-11-04,15311
2022-11-05,15311
2022-11-06,15311
2022-11-07,15109
2022-11-08,14911
2022-11-09,15081
2022-11-10,15108
2022-11-11,14797
2022-11-12,14797
2022-11-13,14797
2022-11-14,14903
2022-11-15,14822
2022-11-16,14608
2022-11-17,14940
2022-11-18,15068
2022-11-19,15068
2022-11-20,15068
2022-11-21,15053
2022-11-22,15003
2022-11-23,14983
2022-11-24,14961
2022-11-25,14892
2022-11-26,14892
2022-11-27,14892
2022-11-28,15069
2022-11-29,15432
2022-11-30,15571
2022-12-01,15880
2022-12-02,15734
2022-12-03,15734
2022-12-04,15734
2022-12-05,16217
2022-12-06,16400
2022-12-07,15720
2022-12-08,15559
2022-12-09,15683
2022-12-10,15683
2022-12-11,15683
2022-12-12,15674
2022-12-13,15585
2022-12-14,15716
2022-12-15,15717
2022-12-16,15806
2022-12-17,15806
2022-12-18,15806
2022-12-19,15819
2022-12-20,15684
2022-12-21,15505
2022-12-22,15453
2022-12-23,15494
2022-12-24,15494
2022-12-25,15494
2022-12-26,15419
2022-12-27,14977
2022-12-28,15119
2022-12-29,15177
2022-12-30,15135
2022-12-31,15135
2023-01-01,15135
2023-01-02,15135
2023-01-03,15120
2023-01-04,15410
2023-01-05,15448
2023-01-06,15545
2023-01-07,15545
2023-01-08,15545
2023-01-09,15522
2023-01-10,15537
2023-01-11,15515
2023-01-12,15532
2023-01-13,15577
2023-01-14,15577
2023-01-15,15577
2023-01-16,15637
2023-01-17,15772
2023-01-18,16071
2023-01-19,16169
2023-01-20,16169
2023-01-21,16169
2023-01-22,16169
2023-01-23,16169
2023-01-24,16169
2023-01-25,16169
2023-01-26,16169
2023-01-27,16251
2023-01-28,16251
2023-01-29,16251
2023-01-30,16333
2023-01-31,16125
2023-02-01,16261
2023-02-02,15760
2023-02-03,15802
2023-02-04,15802
2023-02-05,15802
2023-02-06,15761
2023-02-07,15861
2023-02-08,15668
2023-02-09,15701
2023-02-10,15656
2023-02-11,15656
2023-02-12,15656
2023-02-13,15560
2023-02-14,15470
2023-02-15,15406
2023-02-16,15485
2023-02-17,15574