date, sell_price, buy_price
2023-01-01 00:00,54000,53000
2023-01-02 00:00,54000,53000
2023-01-03 00:00,54000,53000
2023-01-03 08:40,54100,53100
2023-01-03 09:40,54150,53150
2023-01-03 09:45,54200,53200
2023-01-03 10:15,54250,53250
2023-01-03 14:15,54300,53300
2023-01-03 14:35,54350,53350
2023-01-03 15:10,54300,53300
2023-01-04 00:00,54300,53300
2023-01-04 08:35,54250,53250
2023-01-04 08:45,54300,53300
2023-01-04 09:15,54200,53200
2023-01-04 09:30,54150,53150
2023-01-04 11:35,54200,53200
2023-01-04 13:25,54250,53250
2023-01-04 14:20,54300,53300
2023-01-04 14:30,54350,53350
2023-01-04 14:35,54400,53400
2023-01-04 15:05,54450,53450
2023-01-05 00:00,54450,53450
2023-01-05 08:40,54400,53400
2023-01-05 09:20,54350,53350
2023-01-05 09:50,54400,53400
2023-01-05 11:05,54350,53350
2023-01-05 13:20,54400,53400
2023-01-05 14:00,54350,53350
2023-01-05 15:10,54300,53300
2023-01-06 00:00,54300,53300
2023-01-06 08:25,54200,53200
2023-01-06 08:55,54250,53250
2023-01-06 13:45,54300,53300
2023-01-06 14:20,54350,53350
2023-01-06 14:25,54300,53300
2023-01-07 00:00,54300,53300
2023-01-07 08:40,54500,53500
2023-01-07 09:05,54550,53550
2023-01-07 11:35,54600,53600
2023-01-07 12:40,54650,53650
2023-01-07 13:10,54600,53600
2023-01-07 13:15,54550,53550
2023-01-08 00:00,54550,53550
2023-01-09 00:00,54550,53550
2023-01-09 08:35,54650,53650
2023-01-09 08:55,54700,53700
2023-01-09 14:45,54650,53650
2023-01-10 00:00,54650,53650
2023-01-10 08:40,54600,53600
2023-01-10 09:30,54550,53550
2023-01-10 10:00,54500,53500
2023-01-10 13:40,54450,53450
2023-01-10 15:40,54500,53500
2023-01-11 00:00,54500,53500
2023-01-11 08:30,54600,53600
2023-01-11 09:00,54500,53500
2023-01-11 09:20,54450,53450
2023-01-11 10:15,54400,53400
2023-01-11 10:25,54450,53450
2023-01-11 11:00,54500,53500
2023-01-11 12:50,54550,53550
2023-01-11 12:55,54600,53600
2023-01-11 13:40,54550,53550
2023-01-11 15:50,54600,53600
2023-01-12 00:00,54600,53600
2023-01-12 08:40,54550,53550
2023-01-12 11:10,54500,53500
2023-01-12 16:35,54550,53550
2023-01-13 00:00,54550,53550
2023-01-13 08:25,54800,53800
2023-01-13 08:30,54750,53750
2023-01-13 09:10,54700,53700
2023-01-13 09:35,54750,53750
2023-01-13 10:20,54700,53700
2023-01-13 15:10,54750,53750
2023-01-13 15:40,54800,53800
2023-01-13 16:45,54750,53750
2023-01-14 00:10,54750,53750
2023-01-14 08:35,55100,54100
2023-01-14 09:05,55050,54050
2023-01-15 00:00,55050,54050
2023-01-16 00:00,55050,54050
2023-01-16 08:25,55100,54100
2023-01-16 09:00,55200,54200
2023-01-16 09:25,55250,54250
2023-01-16 09:30,55300,54300
2023-01-16 10:00,55350,54350
2023-01-16 12:05,55300,54300
2023-01-16 13:15,55350,54350
2023-01-16 13:35,55300,54300
2023-01-16 15:40,55250,54250
2023-01-16 16:45,55300,54300
2023-01-17 00:00,55300,54300
2023-01-17 08:40,55400,54400
2023-01-17 09:20,55450,54450
2023-01-17 09:35,55400,54400
2023-01-17 09:45,55450,54450
2023-01-17 10:20,55500,54500
2023-01-17 10:25,55450,54450
2023-01-17 11:30,55500,54500
2023-01-17 12:00,55550,54550
2023-01-17 13:20,55500,54500
2023-01-17 13:55,55450,54450
2023-01-17 14:20,55500,54500
2023-01-17 15:10,55550,54550
2023-01-17 15:15,55600,54600
2023-01-17 15:20,55550,54550
2023-01-17 15:55,55600,54600
2023-01-18 00:00,55600,54600
2023-01-18 08:40,55550,54550
2023-01-18 08:55,55600,54600
2023-01-18 09:45,55550,54550
2023-01-18 10:15,55600,54600
2023-01-18 10:35,55550,54550
2023-01-18 11:15,55500,54500
2023-01-18 15:10,55550,54550
2023-01-19 00:00,55550,54550
2023-01-19 08:40,55500,54500
2023-01-19 09:50,55550,54550
2023-01-19 09:55,55500,54500
2023-01-19 10:50,55550,54550
2023-01-19 13:25,55600,54600
2023-01-19 13:40,55550,54550
2023-01-19 15:15,55600,54600
2023-01-20 00:00,55600,54600
2023-01-21 00:00,55600,54600
2023-01-22 00:00,55600,54600
2023-01-23 00:00,55600,54600
2023-01-24 00:00,55600,54600
2023-01-25 00:00,55600,54600
2023-01-26 00:00,55600,54600
2023-01-27 00:00,55600,54600
2023-01-27 08:40,56200,55200
2023-01-27 11:20,56150,55150
2023-01-27 13:15,56200,55200
2023-01-27 14:45,56250,55250
2023-01-28 00:00,56250,55250
2023-01-28 08:35,56400,55400
2023-01-28 11:15,56450,55450
2023-01-28 12:05,56500,55500
2023-01-28 13:05,56450,55450
2023-01-28 13:20,56400,55400
2023-01-29 00:00,56400,55400
2023-01-29 08:35,56350,55350
2023-01-29 09:15,56350,55250
2023-01-29 09:20,56300,55200
2023-01-30 00:00,56300,55200
2023-01-30 08:15,56200,55000
2023-01-30 09:30,56100,54900
2023-01-30 11:20,56000,54800
2023-01-30 13:25,55900,54700
2023-01-30 14:00,55800,54600
2023-01-30 14:50,55700,54500
2023-01-31 00:00,55700,54500
2023-01-31 13:10,55600,54400
2023-01-31 15:45,55500,54300
2023-02-01 00:00,55500,54300
2023-02-01 08:35,55600,54400
2023-02-01 09:30,55500,54400
2023-02-01 10:10,55400,54300
2023-02-01 13:50,55300,54200
2023-02-02 00:00,55300,54200
2023-02-02 08:30,55600,54500
2023-02-02 09:40,55500,54400
2023-02-02 14:20,55550,54450
2023-02-02 14:25,55500,54400
2023-02-02 15:25,55550,54450
2023-02-02 16:20,55500,54400
2023-02-03 00:00,55500,54400
2023-02-03 08:35,55100,54000
2023-02-03 08:50,55200,54100
2023-02-04 00:00,55200,54100
2023-02-04 08:40,54600,53600
2023-02-04 08:50,54550,53550
2023-02-05 00:00,54550,53550
2023-02-06 00:00,54550,53550
2023-02-06 08:30,54650,53650
2023-02-06 08:35,54700,53700
2023-02-06 08:50,54750,53750
2023-02-06 09:20,54800,53800
2023-02-06 11:05,54850,53850
2023-02-06 11:50,54850,53900
2023-02-06 14:10,54900,53950
2023-02-07 00:00,54900,53950
2023-02-07 08:25,54800,53850
2023-02-07 09:00,54850,53900
2023-02-07 10:30,54900,53950
2023-02-08 00:00,54900,53950
2023-02-08 08:30,54950,54000
2023-02-08 09:15,54900,53950
2023-02-08 09:25,54850,53950
2023-02-08 09:30,54800,53900
2023-02-08 14:20,54750,53850
2023-02-08 14:35,54800,53900
2023-02-08 14:50,54850,53950
2023-02-09 00:00,54850,53950
2023-02-09 08:25,54800,53900
2023-02-09 09:05,54850,53950
2023-02-09 11:50,54900,54000
2023-02-09 12:55,54850,53950
2023-02-09 13:20,54900,54000
2023-02-09 15:40,54950,54050
2023-02-10 00:00,54950,54050
2023-02-10 08:20,54800,53900
2023-02-10 08:30,54750,53850
2023-02-10 10:50,54700,53800
2023-02-10 14:50,54750,53850
2023-02-10 15:05,54800,53900
2023-02-10 16:20,54750,53850
2023-02-11 00:00,54750,53850
2023-02-11 10:25,54800,53900
2023-02-12 00:00,54800,53900
2023-02-13 00:00,54800,53900
2023-02-13 08:20,54750,53850
2023-02-13 11:30,54700,53800
2023-02-13 13:40,54750,53850
2023-02-13 15:55,54800,53900
2023-02-13 16:05,54750,53850
2023-02-14 00:00,54750,53850
2023-02-14 08:30,54700,53800
2023-02-14 11:05,54650,53750
2023-02-14 13:45,54700,53800
2023-02-14 13:55,54750,53850
2023-02-14 14:20,54700,53800
2023-02-14 14:35,54650,53750
2023-02-14 15:50,54700,53800
2023-02-15 00:00,54700,53800
2023-02-15 08:35,54650,53750
2023-02-15 09:15,54700,53800
2023-02-15 10:05,54650,53750
2023-02-15 11:00,54600,53700
2023-02-15 13:45,54550,53650
2023-02-15 14:40,54500,53600
2023-02-15 15:00,54450,53550
2023-02-15 15:20,54400,53500
2023-02-16 00:00,54400,53500
2023-02-16 08:20,54450,53550
2023-02-16 08:35,54500,53600
2023-02-16 09:40,54450,53550
2023-02-16 13:30,54400,53500
2023-02-16 13:50,54450,53550
2023-02-16 15:00,54400,53500
2023-02-16 15:10,54450,53550
2023-02-16 15:45,54400,53500
2023-02-17 00:00,54400,53500
2023-02-17 08:45,54350,53450
2023-02-17 09:05,54300,53400
2023-02-17 13:35,54250,53350
2023-02-17 14:50,54300,53400
2023-02-17 15:15,54250,53350
2023-02-17 15:40,54200,53300
2023-02-17 16:00,54150,53250
2023-02-18 00:00,54150,53250
2023-02-18 08:35,54400,53500
2023-02-18 08:40,54350,53450
2023-02-18 08:50,54400,53500
2023-02-18 08:55,54450,53550
2023-02-18 10:05,54500,53600
2023-02-18 10:10,54450,53550
2023-02-19 00:00,54450,53550
2023-02-20 00:00,54450,53550
2023-02-20 09:30,54500,53600
2023-02-20 11:30,54550,53650
2023-02-20 11:50,54600,53700
2023-02-20 13:30,54550,53650
2023-02-20 14:45,54600,53700
2023-02-20 15:20,54550,53650
2023-02-20 15:50,54500,53600
2023-02-20 16:00,54550,53650
2023-02-21 00:00,54550,53650
2023-02-21 08:30,54500,53600
2023-02-21 10:15,54450,53550
2023-02-21 14:30,54400,53500
2023-02-22 00:00,54400,53500
2023-02-22 09:05,54450,53550
2023-02-22 10:30,54400,53500
2023-02-22 16:20,54350,53450
2023-02-23 00:00,54350,53450
2023-02-23 08:20,54250,53350
2023-02-23 10:10,54300,53400
2023-02-23 13:45,54350,53450
2023-02-23 14:25,54300,53400
2023-02-23 15:15,54250,53350
2023-02-24 00:00,54250,53350
2023-02-24 14:00,54200,53300
2023-02-25 00:00,54200,53300
2023-02-25 08:35,54100,53200
2023-02-25 08:40,54000,53100
2023-02-25 09:25,53950,53050
2023-02-26 00:00,53950,53050
2023-02-27 00:00,53950,53050
2023-02-27 08:25,54000,53100
2023-02-27 09:00,54050,53150
2023-02-27 10:05,54000,53100
2023-02-27 11:40,53950,53050
2023-02-27 15:10,54000,53100
2023-02-28 00:00,54000,53100
2023-02-28 08:30,54100,53200
2023-02-28 09:00,54050,53150
2023-02-28 11:20,54000,53100
2023-02-28 14:25,53950,53050
2023-02-28 15:25,53900,53000
2023-02-28 15:30,53950,53050
2023-03-01 00:00,53950,53050
2023-03-01 08:30,54100,53200
2023-03-01 11:20,54050,53150
2023-03-01 13:40,54100,53200
2023-03-01 14:30,54050,53150
2023-03-01 16:05,54100,53200
2023-03-01 16:15,54050,53150
2023-03-02 00:00,54050,53150
2023-03-02 11:40,54100,53200
2023-03-02 13:40,54050,53150
2023-03-02 14:55,54100,53200
2023-03-02 15:55,54050,53150
2023-03-03 00:00,54050,53150
2023-03-03 08:20,54100,53200
2023-03-03 11:40,54150,53250
2023-03-03 14:10,54100,53200
2023-03-03 16:20,54150,53250
2023-03-04 00:00,54150,53250
2023-03-04 08:30,54250,53350
2023-03-04 08:55,54300,53400
2023-03-04 10:00,54350,53450
2023-03-05 00:00,54350,53450
2023-03-06 00:00,54350,53450
2023-03-06 08:25,54300,53400
2023-03-06 14:25,54350,53450
2023-03-07 00:00,54350,53450
2023-03-07 08:30,54300,53400
2023-03-07 11:15,54250,53350
2023-03-07 16:25,54200,53300
2023-03-08 00:00,54200,53300
2023-03-08 08:30,53900,53000
2023-03-08 10:20,53850,52950
2023-03-08 14:20,53900,53000
2023-03-08 15:45,53950,53050
2023-03-09 00:00,53950,53050
2023-03-09 08:25,54000,53100
2023-03-09 10:55,54050,53150
2023-03-09 13:30,54100,53200
2023-03-09 13:45,54150,53200
2023-03-09 15:50,54200,53250
2023-03-10 00:00,54200,53250
2023-03-10 08:25,54400,53450
2023-03-10 09:35,54350,53400
2023-03-10 14:25,54400,53450
2023-03-10 14:35,54350,53400
2023-03-10 14:40,54400,53450
2023-03-10 14:45,54350,53400
2023-03-10 15:05,54400,53450
2023-03-11 00:00,54400,53450
2023-03-11 08:25,54700,53700
2023-03-11 09:00,54750,53750
2023-03-11 09:20,54800,53800
2023-03-12 00:00,54800,53800
2023-03-13 00:00,54800,53800
2023-03-13 08:25,55000,54000
2023-03-13 08:30,55050,54050
2023-03-13 08:35,55000,54050
2023-03-13 08:55,54950,54000
2023-03-13 09:35,55000,54050
2023-03-13 09:55,55050,54100
2023-03-13 13:35,55000,54050
2023-03-13 15:35,54950,54000
2023-03-13 15:45,55000,54050
2023-03-13 16:05,55050,54100
2023-03-13 16:20,55000,54100
2023-03-13 16:25,55050,54150
2023-03-13 16:40,55100,54200
2023-03-13 17:10,55050,54150
2023-03-14 00:00,55050,54150
2023-03-14 08:30,55400,54450
2023-03-14 08:45,55350,54400
2023-03-14 09:20,55300,54350
2023-03-14 09:30,55250,54300
2023-03-14 10:20,55200,54300
2023-03-14 11:00,55150,54250
2023-03-14 13:20,55200,54300
2023-03-14 13:30,55150,54250
2023-03-14 15:20,55100,54200
2023-03-15 00:00,55100,54200
2023-03-15 08:30,55050,54150
2023-03-15 10:30,55000,54100
2023-03-15 11:55,54950,54050
2023-03-15 13:30,54900,54000
2023-03-15 14:40,54850,53950
2023-03-15 15:10,54800,53900
2023-03-15 15:35,54750,53850
2023-03-16 00:00,54750,53850
2023-03-16 08:25,55100,54200
2023-03-16 08:45,55050,54150
2023-03-16 09:30,55000,54100
2023-03-16 13:30,55050,54150
2023-03-16 14:20,55000,54100
2023-03-16 14:45,55050,54150
2023-03-17 00:00,55050,54150
2023-03-17 08:25,55100,54200
2023-03-17 09:05,55150,54250
2023-03-17 09:40,55200,54300
2023-03-17 10:55,55150,54250
2023-03-17 13:40,55200,54300
2023-03-17 15:15,55150,54250
2023-03-17 16:30,55200,54300
2023-03-18 00:00,55200,54300
2023-03-18 08:35,56100,55100
2023-03-18 09:25,56150,55100
2023-03-18 09:40,56200,55150
2023-03-18 09:50,56150,55100
2023-03-18 10:45,56200,55150
2023-03-18 11:55,56150,55100
2023-03-19 00:00,56150,55100
2023-03-20 00:00,56150,55100
2023-03-20 08:20,55750,54750
2023-03-20 09:45,55800,54800
2023-03-20 10:45,55750,54750
2023-03-20 13:00,55800,54800
2023-03-20 13:40,55850,54850
2023-03-20 14:10,55900,54900
2023-03-20 14:30,56000,55000
2023-03-20 14:40,55950,54950
2023-03-20 16:05,55900,54900
2023-03-20 16:20,55950,54950
2023-03-20 16:35,55900,54900
2023-03-21 00:00,55900,54900
2023-03-21 08:35,55800,54800
2023-03-21 09:00,55850,54850
2023-03-21 11:35,55900,54900
2023-03-21 13:20,55850,54850
2023-03-21 13:25,55800,54800
2023-03-21 14:15,55850,54850
2023-03-21 14:35,55800,54800
2023-03-21 15:10,55750,54750
2023-03-21 15:25,55800,54800
2023-03-22 00:00,55800,54800
2023-03-22 08:30,55450,54450
2023-03-22 08:55,55500,54500
2023-03-22 14:30,55450,54450
2023-03-22 15:10,55500,54500
2023-03-22 20:10,56150,55100
2023-03-23 00:00,56150,55100
2023-03-23 01:50,55500,54500
2023-03-23 08:30,55800,54800
2023-03-23 08:50,55750,54750
2023-03-23 09:00,55800,54800
2023-03-23 09:55,55850,54850
2023-03-23 12:00,55900,54900
2023-03-23 13:30,55950,54950
2023-03-23 13:40,55900,54900
2023-03-23 14:50,55850,54850
2023-03-23 15:05,55900,54900
2023-03-23 15:30,55850,54850
2023-03-23 15:55,55900,54900
2023-03-23 19:15,56150,55100
2023-03-23 22:45,55900,54900
2023-03-24 00:00,55900,54900
2023-03-24 08:30,56050,55050
2023-03-24 09:35,56000,55000
2023-03-24 13:30,55950,54950
2023-03-24 18:50,56150,55100
2023-03-24 23:45,55950,54950
2023-03-25 00:00,55950,54950
2023-03-25 08:30,55800,54750
2023-03-25 08:50,55850,54800
2023-03-26 00:00,55850,54800
2023-03-27 00:00,55850,54800
2023-03-27 08:10,55800,54800
2023-03-27 08:20,55850,54850
2023-03-27 08:35,55800,54800
2023-03-27 10:05,55850,54850
2023-03-27 10:45,55900,54900
2023-03-27 11:05,55950,54950
2023-03-27 12:05,56000,55000
2023-03-27 13:30,55900,54900
2023-03-27 16:25,55850,54850
2023-03-28 00:00,55850,54850
2023-03-28 08:30,55800,54800
2023-03-28 09:05,55850,54850
2023-03-28 13:30,55800,54800
2023-03-29 00:00,55800,54800
2023-03-29 08:30,55900,54900
2023-03-29 09:25,55950,54950
2023-03-29 10:40,55900,54900
2023-03-29 11:35,55950,54950
2023-03-29 13:20,55900,54900
2023-03-29 16:50,55950,54950
2023-03-30 00:00,55950,54950
2023-03-30 08:25,55900,54900
2023-03-30 08:35,55850,54850
2023-03-30 09:25,55900,54900
2023-03-30 10:15,55850,54850
2023-03-30 11:50,55900,54900
2023-03-30 13:20,55950,54950
2023-03-30 15:45,55950,55000
2023-03-30 15:50,55950,54950
2023-03-31 00:00,55950,54950
2023-03-31 08:30,56100,55100
2023-03-31 09:00,56150,55150
2023-03-31 09:10,56100,55100
2023-03-31 13:45,56150,55150
2023-03-31 13:55,56100,55100
2023-03-31 14:40,56050,55050
2023-03-31 14:45,56000,55000
2023-03-31 16:30,56050,55050
2023-04-01 00:00,56050,55050
2023-04-01 08:30,55900,54900
2023-04-01 08:50,55950,54950
2023-04-01 09:10,56000,55000
2023-04-01 09:25,56000,55100
2023-04-01 09:30,56000,55050
2023-04-01 10:25,56000,55000
2023-04-02 00:00,56000,55000
2023-04-03 00:00,56000,55000
2023-04-03 08:30,55850,54850
2023-04-03 10:00,55800,54800
2023-04-03 12:00,55800,54900
2023-04-03 13:10,55800,54800
2023-04-03 14:20,55850,54850
2023-04-03 14:30,55850,54900
2023-04-03 15:00,55900,54950
2023-04-03 15:05,55850,54900
2023-04-03 15:10,55900,54950
2023-04-03 15:30,55850,54900
2023-04-03 15:55,55900,54950
2023-04-04 00:00,55900,54950
2023-04-04 08:30,56150,55150
2023-04-04 08:35,56100,55100
2023-04-04 14:15,56150,55150
2023-04-04 14:35,56150,55200
2023-04-04 14:45,56100,55150
2023-04-04 14:55,56150,55200
2023-04-04 15:35,56200,55250
2023-04-04 15:40,56100,55150
2023-04-05 00:00,56100,55150
2023-04-05 08:30,56650,55600
2023-04-05 08:35,56700,55650
2023-04-05 09:40,56750,55700
2023-04-05 11:00,56700,55650
2023-04-05 11:15,56650,55600
2023-04-05 14:15,56600,55600
2023-04-05 14:20,56550,55550
2023-04-05 14:35,56600,55600
2023-04-06 00:00,56600,55600
2023-04-06 08:30,56450,55450
2023-04-06 09:10,56400,55400
2023-04-06 09:50,56350,55350
2023-04-06 09:55,56400,55400
2023-04-06 14:20,56450,55450
2023-04-06 14:45,56500,55500
2023-04-06 15:05,56450,55450
2023-04-06 15:55,56500,55500
2023-04-07 00:00,56500,55500
2023-04-07 08:30,56400,55400
2023-04-07 09:05,56450,55450
2023-04-07 09:30,56500,55500
2023-04-07 10:20,56550,55550
2023-04-07 10:50,56600,55600
2023-04-07 13:40,56550,55550
2023-04-07 14:30,56500,55500
2023-04-08 00:00,56500,55500
2023-04-08 10:50,56550,55550
2023-04-09 00:00,56550,55550
2023-04-10 00:00,56550,55550
2023-04-10 08:30,56350,55350
2023-04-10 09:50,56300,55300
2023-04-10 13:15,56350,55350
2023-04-10 13:35,56400,55400
2023-04-10 14:55,56450,55450
2023-04-11 00:00,56450,55450
2023-04-11 08:35,56350,55350
2023-04-11 09:40,56400,55400
2023-04-11 13:05,56450,55450
2023-04-11 14:20,56500,55500
2023-04-11 15:50,56550,55550
2023-04-11 16:35,56500,55500
2023-04-12 00:00,56500,55500
2023-04-12 08:25,56550,55550
2023-04-12 08:35,56600,55600
2023-04-12 08:45,56650,55650
2023-04-12 11:15,56700,55700
2023-04-12 13:30,56650,55650
2023-04-12 15:35,56600,55600
2023-04-13 00:00,56600,55600
2023-04-13 08:30,56650,55650
2023-04-13 08:55,56700,55700
2023-04-13 09:00,56650,55650
2023-04-13 09:25,56700,55700
2023-04-13 10:25,56750,55750
2023-04-13 11:20,56800,55800
2023-04-13 14:15,56850,55850
2023-04-13 14:35,56900,55900
2023-04-13 15:25,56950,55950
2023-04-14 00:00,56950,55950
2023-04-14 08:30,57200,56150
2023-04-14 09:55,57200,56200
2023-04-14 10:10,57150,56150
2023-04-14 14:10,57100,56100
2023-04-14 14:45,57050,56050
2023-04-14 15:05,57000,56000
2023-04-15 00:00,57000,56000
2023-04-15 08:30,56500,55500
2023-04-15 09:50,56550,55550
2023-04-16 00:00,56550,55550
2023-04-17 00:00,56550,55550
2023-04-17 08:30,56450,55450
2023-04-17 08:45,56500,55500
2023-04-17 09:35,56550,55550
2023-04-17 13:30,56600,55600
2023-04-17 14:00,56650,55650
2023-04-17 15:00,56700,55700
2023-04-17 15:40,56650,55650
2023-04-18 00:00,56650,55650
2023-04-18 08:30,56500,55500
2023-04-18 08:45,56550,55550
2023-04-18 09:00,56600,55600
2023-04-18 10:00,56650,55650
2023-04-18 10:10,56700,55700
2023-04-18 11:35,56750,55750
2023-04-18 13:30,56700,55700
2023-04-18 13:55,56750,55750
2023-04-18 15:15,56800,55800
2023-04-19 00:00,56800,55800
2023-04-19 10:05,56850,55850
2023-04-19 13:35,56750,55750
2023-04-19 15:10,56700,55700
2023-04-19 15:50,56650,55650
2023-04-20 00:00,56650,55650
2023-04-20 08:25,56750,55750
2023-04-20 10:05,56700,55700
2023-04-20 13:20,56750,55750
2023-04-20 13:50,56800,55800
2023-04-20 15:10,56750,55750
2023-04-20 15:35,56800,55800
2023-04-21 00:00,56800,55800
2023-04-21 08:30,56850,55850
2023-04-21 09:50,56900,55900
2023-04-21 13:35,56800,55800
2023-04-21 14:25,56750,55750
2023-04-22 00:00,56750,55750
2023-04-22 08:30,56700,55700
2023-04-23 00:00,56700,55700
2023-04-24 00:00,56700,55700
2023-04-24 13:45,56650,55650
2023-04-24 14:30,56700,55700
2023-04-24 15:00,56700,55750
2023-04-24 15:35,56700,55700
2023-04-24 16:00,56750,55750
2023-04-24 16:20,56750,55800
2023-04-24 16:25,56800,55800
2023-04-25 00:00,56800,55800
2023-04-25 08:40,56950,55950
2023-04-25 08:45,56900,55900
2023-04-25 10:25,56850,55850
2023-04-25 14:10,56800,55800
2023-04-26 00:00,56800,55800
2023-04-26 08:55,56850,55850
2023-04-26 10:40,56800,55800
2023-04-26 13:35,56850,55850
2023-04-26 14:45,56800,55800
2023-04-26 15:00,56850,55850
2023-04-26 16:30,56900,55900
2023-04-26 16:35,56850,55850
2023-04-27 00:00,56850,55850
2023-04-27 08:25,56750,55750
2023-04-27 08:35,56800,55800
2023-04-27 09:25,56850,55850
2023-04-27 09:45,56900,55900
2023-04-28 00:00,56900,55900
2023-04-28 08:35,56750,55750
2023-04-28 13:10,56700,55700
2023-04-29 00:00,56700,55700
2023-04-30 00:00,56700,55700
2023-05-01 00:00,56700,55700
2023-05-02 00:00,56700,55700
2023-05-03 00:00,56700,55700
2023-05-03 08:30,56900,55900
2023-05-03 09:15,56950,55950
2023-05-03 14:45,56900,55900
2023-05-03 15:05,56950,55950
2023-05-04 00:00,56950,55950
2023-05-04 08:30,57350,56300
2023-05-04 08:40,57300,56250
2023-05-04 10:15,57250,56200
2023-05-04 11:40,57300,56250
2023-05-04 13:35,57250,56200
2023-05-04 14:05,57200,56150
2023-05-05 00:00,57200,56150
2023-05-05 08:40,57350,56300
2023-05-05 10:10,57400,56350
2023-05-05 10:35,57450,56400
2023-05-05 11:35,57500,56450
2023-05-05 14:25,57450,56400
2023-05-06 00:00,57450,56400
2023-05-06 08:20,57200,56150
2023-05-07 00:00,57200,56150
2023-05-08 00:00,57200,56150
2023-05-08 08:25,57200,56200
2023-05-08 09:35,57250,56250
2023-05-08 10:35,57300,56300
2023-05-09 00:00,57300,56300
2023-05-09 08:30,57350,56350
2023-05-09 11:00,57400,56400
2023-05-09 13:30,57450,56450
2023-05-09 15:30,57400,56400
2023-05-09 15:45,57450,56450
2023-05-10 00:00,57450,56450
2023-05-10 08:30,57500,56500
2023-05-10 13:35,57450,56450
2023-05-10 15:40,57400,56400
2023-05-10 15:55,57450,56450
2023-05-11 00:00,57450,56450
2023-05-11 08:25,57500,56500
2023-05-11 09:20,57450,56450
2023-05-12 00:00,57450,56450
2023-05-12 08:25,57350,56350
2023-05-12 08:35,57300,56300
2023-05-12 09:00,57350,56350
2023-05-12 13:55,57400,56400
2023-05-12 16:00,57350,56350
2023-05-13 00:00,57350,56350
2023-05-14 00:00,57350,56350
2023-05-15 00:00,57350,56350
2023-05-15 08:20,57450,56450
2023-05-15 08:45,57500,56500
2023-05-15 09:35,57450,56450
2023-05-15 10:35,57500,56500
2023-05-15 14:25,57550,56550
2023-05-16 00:00,57550,56550
2023-05-16 08:55,57500,56500
2023-05-16 10:00,57550,56550
2023-05-16 13:35,57400,56400
2023-05-16 13:40,57450,56450
2023-05-17 00:00,57450,56450
2023-05-17 08:30,57200,56200
2023-05-17 13:20,57150,56150
2023-05-18 00:00,57150,56150
2023-05-18 08:25,57100,56100
2023-05-18 09:05,57150,56150
2023-05-18 09:15,57100,56100
2023-05-18 13:20,57000,56000
2023-05-18 13:35,57050,56050
2023-05-18 13:55,57000,56000
2023-05-19 00:00,57000,56000
2023-05-19 08:25,56700,55700
2023-05-19 09:55,56750,55750
2023-05-19 10:00,56800,55800
2023-05-19 11:40,56800,55850
2023-05-19 13:20,56850,55850
2023-05-20 00:00,56850,55850
2023-05-20 08:25,57000,56000
2023-05-21 00:00,57000,56000
2023-05-22 00:00,57000,56000
2023-05-22 09:10,56950,55950
2023-05-22 09:25,57000,56000
2023-05-22 10:55,56950,55950
2023-05-22 13:20,56900,55900
2023-05-22 14:10,56950,55950
2023-05-22 15:30,56900,55900
2023-05-22 15:45,56950,55950
2023-05-22 16:05,57000,56000
2023-05-23 00:00,57000,56000
2023-05-23 08:30,56850,55850
2023-05-23 08:50,56800,55800
2023-05-24 00:00,56800,55800
2023-05-24 09:15,56900,55950
2023-05-24 09:55,56850,55900
2023-05-24 14:45,56800,55850
2023-05-25 00:00,56800,55850
2023-05-25 08:25,56700,55750
2023-05-25 10:10,56650,55700
2023-05-25 15:40,56700,55750
2023-05-25 16:00,56650,55700
2023-05-26 00:00,56650,55700
2023-05-26 08:30,56550,55600
2023-05-26 08:55,56450,55500
2023-05-26 09:45,56500,55550
2023-05-26 11:15,56550,55600
2023-05-26 12:55,56600,55650
2023-05-26 13:20,56550,55600
2023-05-26 13:30,56600,55650
2023-05-27 00:00,56600,55650
2023-05-27 08:35,56550,55600
2023-05-28 00:00,56550,55600
2023-05-29 00:00,56550,55600
2023-05-29 13:15,56600,55650
2023-05-29 14:10,56550,55600
2023-05-30 00:00,56550,55600
2023-05-30 11:05,56500,55550
2023-05-30 11:10,56450,55500
2023-05-30 13:10,56350,55400
2023-05-30 13:35,56400,55450
2023-05-30 14:30,56350,55400
2023-05-30 15:00,56400,55450
2023-05-30 15:30,56450,55500
2023-05-30 15:55,56500,55550
2023-05-31 00:00,56500,55550
2023-05-31 08:30,56700,55750
2023-05-31 08:40,56650,55700
2023-05-31 09:05,56550,55600
2023-05-31 09:10,56600,55650
2023-05-31 10:00,56550,55600
2023-05-31 11:35,56500,55550
2023-05-31 13:05,56550,55600
2023-05-31 14:50,56500,55550
2023-05-31 15:25,56550,55600
2023-05-31 15:50,56500,55550
2023-06-01 00:00,56500,55550
2023-06-01 08:30,56650,55700
2023-06-01 08:50,56550,55600
2023-06-01 13:30,56500,55550
2023-06-01 14:20,56450,55500
2023-06-01 16:40,56500,55550
2023-06-02 00:00,56500,55550
2023-06-02 08:30,56600,55650
2023-06-02 09:10,56650,55700
2023-06-02 14:45,56600,55650
2023-06-02 16:10,56650,55700
2023-06-03 00:00,56650,55700
2023-06-03 08:25,56500,55550
2023-06-04 00:00,56500,55550
2023-06-05 00:00,56500,55550
2023-06-05 08:40,56450,55500
2023-06-05 14:40,56400,55450
2023-06-05 15:05,56350,55400
2023-06-05 15:30,56400,55450
2023-06-06 00:00,56400,55450
2023-06-06 08:30,56600,55650
2023-06-06 08:35,56550,55600
2023-06-06 10:00,56500,55550
2023-06-06 14:25,56450,55500
2023-06-07 00:00,56450,55500
2023-06-07 08:30,56500,55550
2023-06-07 09:40,56450,55500
2023-06-07 11:40,56500,55550
2023-06-07 13:20,56450,55500
2023-06-07 13:55,56400,55450
2023-06-07 15:35,56450,55500
2023-06-07 16:10,56500,55550
2023-06-08 00:00,56500,55550
2023-06-08 08:30,56350,55400
2023-06-08 08:40,56400,55450
2023-06-08 16:05,56450,55500
2023-06-08 16:40,56400,55450
2023-06-09 00:00,56400,55450
2023-06-09 08:30,56550,55600
2023-06-09 15:15,56500,55550
2023-06-09 15:45,56550,55600
2023-06-10 00:00,56550,55600
2023-06-10 08:25,56500,55550
2023-06-11 00:00,56500,55550
2023-06-12 00:00,56500,55550
2023-06-12 08:35,56450,55500
2023-06-12 09:15,56500,55550
2023-06-12 11:40,56550,55600
2023-06-12 15:10,56600,55650
2023-06-13 00:00,56600,55650
2023-06-13 08:25,56500,55550
2023-06-13 08:50,56550,55600
2023-06-13 09:05,56500,55550
2023-06-13 10:00,56550,55600
2023-06-13 14:15,56600,55650
2023-06-13 14:50,56550,55600
2023-06-14 00:00,56550,55600
2023-06-14 08:30,56450,55500
2023-06-14 11:20,56500,55550
2023-06-14 14:40,56550,55600
2023-06-15 00:00,56550,55600
2023-06-15 08:25,56450,55500
2023-06-15 13:45,56400,55450
2023-06-16 00:00,56400,55450
2023-06-16 08:30,56600,55650
2023-06-16 13:35,56650,55700
2023-06-16 13:40,56600,55650
2023-06-16 15:50,56650,55700
2023-06-17 00:00,56650,55700
2023-06-17 08:25,56550,55600
2023-06-18 00:00,56550,55600
2023-06-19 00:00,56550,55600
2023-06-19 09:00,56600,55650
2023-06-19 10:05,56650,55700
2023-06-19 10:30,56600,55650
2023-06-20 00:00,56600,55650
2023-06-20 08:25,56550,55600
2023-06-20 08:55,56500,55550
2023-06-20 10:40,56550,55600
2023-06-21 00:00,56550,55600
2023-06-21 08:25,56450,55500
2023-06-21 10:30,56400,55450
2023-06-22 00:00,56400,55450
2023-06-22 15:00,56450,55500
2023-06-23 00:00,56450,55500
2023-06-23 08:30,56350,55400
2023-06-23 08:55,56300,55300
2023-06-24 00:00,56300,55300
2023-06-24 08:30,56350,55350
2023-06-25 00:00,56350,55350
2023-06-26 00:00,56350,55350
2023-06-26 08:35,56400,55400
2023-06-26 14:35,56450,55450
2023-06-26 15:35,56500,55500
2023-06-27 00:00,56500,55500
2023-06-27 08:30,56450,55450
2023-06-28 00:00,56450,55450
2023-06-28 08:30,56350,55350
2023-06-28 08:55,56300,55300
2023-06-28 14:15,56250,55250
2023-06-29 00:00,56250,55250
2023-06-29 10:05,56200,55200
2023-06-30 00:00,56200,55200
2023-06-30 13:35,56150,55150
2023-06-30 15:40,56100,55100
2023-07-01 00:00,56100,55100
2023-07-01 08:15,56300,55300
2023-07-01 09:35,56250,55250
2023-07-02 00:00,56250,55250
2023-07-03 00:00,56250,55250
2023-07-03 08:30,56200,55200
2023-07-03 13:15,56150,55150
2023-07-03 15:00,56100,55100
2023-07-04 00:00,56100,55100
2023-07-04 08:30,56200,55200
2023-07-04 09:05,56150,55150
2023-07-05 00:00,56150,55150
2023-07-05 08:20,56100,55100
2023-07-05 15:05,56150,55150
2023-07-05 15:15,56100,55100
2023-07-05 16:10,56150,55150
2023-07-06 00:00,56150,55150
2023-07-06 08:35,56000,55000
2023-07-06 09:00,56050,55050
2023-07-06 13:35,56100,55100
2023-07-06 15:20,56050,55050
2023-07-07 00:00,56050,55050
2023-07-07 08:25,56000,55000
2023-07-07 10:05,56050,55050
2023-07-07 10:40,56000,55000
2023-07-07 12:50,56100,55100
2023-07-07 13:35,56050,55050
2023-07-07 13:45,56100,55100
2023-07-07 13:55,56050,55050
2023-07-07 14:30,56100,55100
2023-07-08 00:00,56100,55100
2023-07-08 08:30,56200,55200
2023-07-09 00:00,56200,55200
2023-07-10 00:00,56200,55200
2023-07-10 11:15,56250,55250
2023-07-10 14:00,56300,55300
2023-07-11 00:00,56300,55300
2023-07-11 09:10,56350,55350
2023-07-11 10:05,56400,55400
2023-07-11 10:25,56350,55350
2023-07-11 11:30,56400,55400
2023-07-11 13:10,56450,55450
2023-07-11 13:45,56550,55550
2023-07-11 14:05,56500,55500
2023-07-11 14:15,56450,55450
2023-07-11 15:20,56500,55500
2023-07-12 00:00,56500,55500
2023-07-12 08:25,56550,55550
2023-07-12 09:25,56600,55600
2023-07-12 11:10,56650,55650
2023-07-12 11:15,56600,55600
2023-07-12 13:25,56650,55650
2023-07-12 13:45,56600,55600
2023-07-13 00:00,56600,55600
2023-07-13 08:35,56850,55850
2023-07-13 08:40,56900,55900
2023-07-13 08:55,56950,55950
2023-07-13 09:15,57000,56000
2023-07-13 12:10,56950,55950
2023-07-14 00:00,56950,55950
2023-07-14 10:00,56900,55900
2023-07-14 10:40,56850,55850
2023-07-14 10:55,56900,55900
2023-07-14 13:25,56850,55850
2023-07-15 00:00,56850,55850
2023-07-15 08:55,56800,55800
2023-07-16 00:00,56800,55800
2023-07-17 00:00,56800,55800
2023-07-17 08:45,56750,55750
2023-07-17 09:10,56700,55700
2023-07-17 14:25,56650,55650
2023-07-17 15:15,56700,55700
2023-07-18 00:00,56700,55700
2023-07-18 10:05,56750,55750
2023-07-18 10:15,56700,55700
2023-07-18 10:30,56750,55750
2023-07-18 14:05,56800,55800
2023-07-18 14:20,56850,55850
2023-07-19 00:00,56850,55850
2023-07-19 08:30,57000,56000
2023-07-19 09:50,56950,55950
2023-07-20 00:00,56950,55950
2023-07-20 08:30,57000,56000
2023-07-20 08:35,57050,56050
2023-07-20 09:05,57100,56100
2023-07-20 10:10,57150,56150
2023-07-20 10:25,57200,56200
2023-07-20 10:30,57150,56200
2023-07-20 12:50,57150,56150
2023-07-20 13:00,57100,56100
2023-07-21 00:00,57100,56100
2023-07-21 08:40,57000,56000
2023-07-21 15:05,56900,55900
2023-07-22 00:00,56900,55900
2023-07-22 08:35,56850,55850
2023-07-23 00:00,56850,55850
2023-07-24 00:00,56850,55850
2023-07-24 10:25,56900,55900
2023-07-24 11:05,56850,55850
2023-07-24 11:10,56950,55950
2023-07-24 11:15,56900,55900
2023-07-24 13:45,56950,55950
2023-07-24 13:55,57000,56000
2023-07-24 15:35,56950,55950
2023-07-24 16:30,57000,56000
2023-07-25 00:00,57000,56000
2023-07-25 08:30,56850,55850
2023-07-25 08:40,56900,55900
2023-07-25 08:50,56950,55950
2023-07-25 09:55,57000,56000
2023-07-25 10:50,57050,56050
2023-07-25 11:15,57000,56000
2023-07-26 00:00,57000,56000
2023-07-26 10:00,57050,56050
2023-07-26 13:20,57100,56100
2023-07-26 14:55,57150,56150
2023-07-27 00:00,57150,56150
2023-07-27 08:35,57200,56200
2023-07-27 09:10,57250,56250
2023-07-27 11:05,57200,56200
2023-07-27 14:50,57250,56250
2023-07-27 15:15,57200,56200
2023-07-28 00:00,57200,56200
2023-07-28 08:30,56900,55900
2023-07-28 08:40,56950,55950
2023-07-28 10:10,57000,56000
2023-07-28 10:40,56950,55950
2023-07-28 10:45,57000,56000
2023-07-28 11:15,57050,56050
2023-07-28 11:20,57000,56000
2023-07-29 00:00,57000,56000
2023-07-29 08:40,57100,56100
2023-07-30 00:00,57100,56100
2023-07-31 00:00,57100,56100
2023-07-31 10:50,57050,56050
2023-08-01 00:00,57050,56050
2023-08-01 08:35,57150,56150
2023-08-01 09:00,57100,56100
2023-08-01 13:20,57050,56050
2023-08-02 00:00,57050,56050
2023-08-02 08:30,56950,55950
2023-08-02 14:20,57000,56000
2023-08-02 14:30,56950,55950
2023-08-03 00:00,56950,55950
2023-08-03 08:30,56850,55850
2023-08-03 08:35,56800,55800
2023-08-03 13:25,56850,55850
2023-08-03 13:45,56900,55900
2023-08-03 14:05,56850,55850
2023-08-03 14:40,56900,55900
2023-08-03 15:05,56950,55950
2023-08-03 15:35,56900,55900
2023-08-04 00:00,56900,55900
2023-08-04 10:20,56950,55950
2023-08-04 13:45,56900,55900
2023-08-05 00:00,56900,55900
2023-08-05 08:30,57050,56050
2023-08-06 00:00,57050,56050
2023-08-07 00:00,57050,56050
2023-08-07 10:05,57000,56000
2023-08-07 13:30,56950,55950
2023-08-07 15:00,57000,56000
2023-08-08 00:00,57000,56000
2023-08-08 08:30,56950,55950
2023-08-08 09:40,57000,56000
2023-08-08 09:55,57000,56050
2023-08-08 11:10,57000,56100
2023-08-08 13:30,57000,56050
2023-08-08 15:05,56950,56000
2023-08-08 15:55,57000,56050
2023-08-09 00:00,57000,56050
2023-08-09 08:40,56950,56000
2023-08-09 15:05,57000,56050
2023-08-09 16:00,56950,56000
2023-08-10 00:00,56950,56000
2023-08-10 08:30,56850,55900
2023-08-10 14:20,56900,55950
2023-08-10 14:40,56850,55900
2023-08-11 00:00,56850,55900
2023-08-11 11:35,56800,55850
2023-08-11 15:55,56850,55900
2023-08-12 00:00,56850,55900
2023-08-12 08:55,56800,55850
2023-08-13 00:00,56800,55850
2023-08-14 00:00,56800,55850
2023-08-14 08:50,56750,55800
2023-08-14 08:55,56700,55750
2023-08-14 09:05,56750,55800
2023-08-14 14:50,56800,55850
2023-08-14 15:25,56850,55900
2023-08-15 00:00,56850,55900
2023-08-15 08:35,56750,55800
2023-08-15 08:50,56700,55750
2023-08-15 11:30,56750,55800
2023-08-15 14:10,56700,55750
2023-08-16 00:00,56700,55750
2023-08-16 09:00,56750,55800
2023-08-16 10:25,56800,55850
2023-08-17 00:00,56800,55850
2023-08-17 08:35,56650,55700
2023-08-17 08:50,56750,55800
2023-08-17 09:50,56700,55750
2023-08-17 09:55,56750,55800
2023-08-17 11:00,56700,55750
2023-08-17 13:45,56750,55800
2023-08-18 00:00,56750,55800
2023-08-19 00:00,56750,55800
2023-08-19 09:00,56700,55750
2023-08-20 00:00,56700,55750
2023-08-21 00:00,56700,55750
2023-08-21 09:55,56750,55800
2023-08-22 00:00,56750,55800
2023-08-22 08:30,56800,55850
2023-08-22 11:30,56850,55900
2023-08-23 00:00,56850,55900
2023-08-23 14:55,56900,55950
2023-08-24 00:00,56900,55950
2023-08-24 08:30,57000,56050
2023-08-24 09:55,57050,56100
2023-08-24 13:40,57000,56050
2023-08-25 00:00,57000,56050
2023-08-25 08:40,56950,56000
2023-08-26 00:00,56950,56000
2023-08-27 00:00,56950,56000
2023-08-28 00:00,56950,56000
2023-08-28 14:00,56900,55950
2023-08-29 00:00,56900,55950
2023-08-29 08:30,57000,56050
2023-08-29 09:00,56950,56000
2023-08-30 00:00,56950,56000
2023-08-30 08:30,57050,56100
2023-08-31 00:00,57050,56100
2023-08-31 08:35,57150,56150
2023-08-31 08:40,57200,56200
2023-08-31 09:30,57250,56250
2023-08-31 10:55,57200,56200
2023-08-31 14:50,57250,56250
2023-08-31 15:45,57250,56300
2023-09-01 00:00,57250,56300
2023-09-01 08:40,57250,56250
2023-09-02 00:00,57250,56250
2023-09-03 00:00,57250,56250
2023-09-04 00:00,57250,56250
2023-09-05 00:00,57250,56250
2023-09-05 13:40,57200,56200
2023-09-05 16:25,57150,56150
2023-09-06 00:00,57150,56150
2023-09-06 08:30,57050,56050
2023-09-06 08:40,57000,56000
2023-09-06 09:15,57050,56050
2023-09-06 10:05,57100,56100
2023-09-06 14:50,57050,56050
2023-09-07 00:00,57050,56050
2023-09-07 08:30,57000,56000
2023-09-07 09:20,57050,56050
2023-09-07 10:30,57080,56080
2023-09-07 11:25,57100,56100
2023-09-07 13:25,57050,56050
2023-09-08 00:00,57050,56050
2023-09-08 08:30,57100,56100
2023-09-08 08:40,57150,56150
2023-09-08 09:50,57200,56200
2023-09-08 14:30,57200,56250
2023-09-08 14:35,57150,56200
2023-09-09 00:00,57150,56200
2023-09-09 08:35,57100,56100
2023-09-10 00:00,57100,56100
2023-09-11 00:00,57100,56100
2023-09-11 08:30,57100,56150
2023-09-11 08:35,57150,56200
2023-09-11 09:25,57200,56250
2023-09-11 11:35,57250,56300
2023-09-11 13:05,57300,56350
2023-09-11 15:20,57250,56300
2023-09-12 00:00,57250,56300
2023-09-12 08:25,57200,56250
2023-09-12 08:40,57250,56300
2023-09-12 13:40,57200,56250
2023-09-12 15:20,57150,56200
2023-09-12 15:30,57100,56150
2023-09-12 15:35,57150,56150
2023-09-13 00:00,57150,56150
2023-09-13 08:35,57050,56050
2023-09-13 08:50,57100,56100
2023-09-13 09:05,57150,56150
2023-09-13 14:35,57200,56200
2023-09-14 00:00,57200,56200
2023-09-14 10:30,57250,56250
2023-09-14 11:35,57250,56300
2023-09-14 13:25,57250,56250
2023-09-15 00:00,57250,56250
2023-09-15 08:50,57300,56300
2023-09-15 09:20,57350,56350
2023-09-15 10:40,57400,56400
2023-09-15 15:15,57450,56450
2023-09-16 00:00,57450,56450
2023-09-16 08:30,57500,56500
2023-09-17 00:00,57500,56500
2023-09-18 00:00,57500,56500
2023-09-18 08:25,57600,56600
2023-09-18 10:20,57650,56650
2023-09-18 10:35,57700,56700
2023-09-19 00:00,57700,56700
2023-09-19 08:30,57850,56850
2023-09-19 09:35,57900,56900
2023-09-19 13:40,57950,56950
2023-09-19 14:35,58000,57000
2023-09-19 14:45,58000,57050
2023-09-20 00:00,58000,57050
2023-09-20 08:35,57950,57000
2023-09-20 09:00,58000,57050
2023-09-20 13:55,57950,57000
2023-09-20 14:55,58000,57050
2023-09-21 00:00,58000,57050
2023-09-21 08:30,57950,57000
2023-09-21 08:40,57850,56900
2023-09-21 08:45,57900,56950
2023-09-21 08:55,57950,57000
2023-09-21 15:40,57900,56950
2023-09-22 00:00,57900,56950
2023-09-23 00:00,57900,56950
2023-09-24 00:00,57900,56950
2023-09-25 00:00,57900,56950
2023-09-25 08:50,57850,56900
2023-09-25 13:10,57800,56850
2023-09-25 14:05,57850,56900
2023-09-25 15:30,57800,56850
2023-09-26 00:00,57800,56850
2023-09-26 08:30,57750,56800
2023-09-26 13:25,57700,56750
2023-09-26 14:50,57750,56800
2023-09-27 00:00,57750,56800
2023-09-27 08:30,57600,56650
2023-09-27 11:20,57550,56600
2023-09-28 00:00,57550,56600
2023-09-28 08:35,57400,56450
2023-09-28 09:30,57350,56400
2023-09-28 10:00,57350,56350
2023-09-29 00:00,57350,56350
2023-09-29 08:35,57200,56200
2023-09-29 10:15,57150,56150
2023-09-29 11:10,57100,56100
2023-09-29 14:40,57150,56150
2023-09-30 00:00,57150,56150
2023-09-30 08:30,56950,55950
2023-10-01 00:00,56950,55950
2023-10-02 00:00,56950,55950
2023-10-02 08:25,56900,55900
2023-10-02 13:00,56850,55850
2023-10-02 14:05,56850,55800
2023-10-02 14:30,56850,55850
2023-10-02 16:35,56800,55800
2023-10-03 00:00,56800,55800
2023-10-03 08:35,56650,55650
2023-10-03 09:15,56600,55600
2023-10-03 09:25,56600,55550
2023-10-04 00:00,56600,55550
2023-10-04 08:35,56550,55500
2023-10-04 08:40,56500,55450
2023-10-05 00:00,56500,55450
2023-10-05 08:35,56550,55500
2023-10-05 08:45,56500,55500
2023-10-05 09:05,56600,55600
2023-10-05 09:20,56550,55550
2023-10-05 10:45,56600,55600
2023-10-05 11:20,56650,55650
2023-10-05 13:20,56600,55600
2023-10-06 00:00,56600,55600
2023-10-06 08:30,56550,55550
2023-10-06 11:30,56600,55600
2023-10-06 15:15,56650,55650
2023-10-06 15:25,56600,55600
2023-10-07 00:00,56600,55600
2023-10-07 08:25,56800,55750
2023-10-08 00:00,56800,55750
2023-10-09 00:00,56800,55750
2023-10-09 08:30,57000,55950
2023-10-09 09:55,57050,56000
2023-10-09 11:20,57100,56050
2023-10-09 11:30,57150,56100
2023-10-10 00:00,57150,56100
2023-10-10 08:30,57350,56300
2023-10-10 13:50,57300,56250
2023-10-11 00:00,57300,56250
2023-10-11 08:35,57300,56300
2023-10-11 13:50,57350,56350
2023-10-11 15:30,57400,56400
2023-10-12 00:00,57400,56400
2023-10-12 08:35,57500,56500
2023-10-12 12:10,57550,56550
2023-10-13 00:00,57550,56550
2023-10-13 08:30,57500,56500
2023-10-13 11:30,57550,56550
2023-10-13 15:30,57600,56600
2023-10-14 00:00,57600,56600
2023-10-14 08:35,58200,57200
2023-10-14 09:00,58200,57150
2023-10-14 09:40,58150,57100
2023-10-15 00:00,58150,57100
2023-10-16 00:00,58150,57100
2023-10-16 08:30,58000,57000
2023-10-16 08:50,57950,56950
2023-10-16 13:05,57900,56900
2023-10-16 13:10,57850,56850
2023-10-16 14:00,57800,56800
2023-10-17 00:00,57800,56800
2023-10-17 08:35,57850,56850
2023-10-17 09:25,57800,56800
2023-10-18 00:00,57800,56800
2023-10-18 08:35,58000,57000
2023-10-18 08:55,58050,57050
2023-10-18 09:35,58100,57100
2023-10-19 00:00,58100,57100
2023-10-19 08:30,58250,57250
2023-10-19 09:00,58300,57300
2023-10-19 14:55,58350,57350
2023-10-20 00:00,58350,57350
2023-10-20 08:30,58800,57800
2023-10-20 09:00,58850,57850
2023-10-20 09:15,58900,57900
2023-10-20 09:55,58950,57950
2023-10-20 14:30,59000,58000
2023-10-20 14:50,59050,58050
2023-10-20 15:25,59100,58100
2023-10-20 16:10,59150,58150
2023-10-20 16:40,59100,58100
2023-10-21 00:00,59100,58100
2023-10-22 00:00,59100,58100
2023-10-23 00:00,59100,58100
2023-10-23 08:30,57850,56850
2023-10-23 08:35,58850,57850
2023-10-23 08:40,58900,57900
2023-10-23 10:20,58950,57950
2023-10-23 15:35,59000,58000
2023-10-24 00:00,59000,58000
2023-10-24 11:00,58950,57950
2023-10-24 15:20,58900,57900
2023-10-25 00:00,58900,57900
2023-10-25 14:30,58850,57850
2023-10-26 00:00,58850,57850
2023-10-26 08:35,59000,58000
2023-10-26 09:05,59050,58050
2023-10-26 10:25,59100,58100
2023-10-26 11:05,59150,58150
2023-10-26 14:15,59200,58200
2023-10-26 14:40,59250,58250
2023-10-26 15:05,59300,58300
2023-10-26 15:40,59350,58350
2023-10-27 00:00,59350,58350
2023-10-27 08:35,59250,58250
2023-10-27 08:55,59300,58300
2023-10-27 10:15,59350,58350
2023-10-27 14:10,59400,58400
2023-10-27 15:30,59350,58350
2023-10-28 00:00,59350,58350
2023-10-28 08:30,59800,58700
2023-10-29 00:00,59800,58700
2023-10-30 00:00,59800,58700
2023-10-30 08:05,59800,58800
2023-10-30 08:15,59800,58700
2023-10-30 08:35,59750,58750
2023-10-30 14:05,59700,58700
2023-10-30 15:05,59650,58650
2023-10-31 00:00,59650,58650
2023-10-31 11:35,59700,58700
2023-10-31 13:15,59650,58650
2023-10-31 13:30,59600,58600
2023-10-31 14:40,59650,58650
2023-10-31 15:30,59700,58700
2023-11-01 00:00,59700,58700
2023-11-01 08:35,59400,58400
2023-11-01 13:30,59450,58450
2023-11-01 14:55,59400,58400
2023-11-01 15:10,59450,58450
2023-11-01 16:15,59500,58500
2023-11-02 00:00,59500,58500
2023-11-02 11:55,59550,58550
2023-11-02 14:40,59600,58600
2023-11-02 15:35,59600,58650
2023-11-02 16:25,59650,58700
2023-11-03 00:00,59650,58700
2023-11-03 08:35,59550,58600
2023-11-03 08:40,59650,58650
2023-11-03 09:05,59600,58600
2023-11-03 09:40,59650,58650
2023-11-03 10:15,59700,58700
2023-11-03 13:30,59750,58750
2023-11-03 16:05,59750,58800
2023-11-03 16:20,59750,58750
2023-11-04 00:00,59750,58750
2023-11-04 08:30,59850,58850
2023-11-05 00:00,59850,58850
2023-11-06 00:00,59850,58850
2023-11-06 08:35,59900,58900
2023-11-06 14:20,59850,58850
2023-11-06 14:55,59900,58900
2023-11-06 15:25,59950,58950
2023-11-07 00:00,59950,58950
2023-11-07 08:25,59800,58800
2023-11-07 09:15,59750,58750
2023-11-07 10:10,59700,58700
2023-11-08 00:00,59700,58700
2023-11-08 08:30,59650,58650
2023-11-08 14:35,59700,58700
2023-11-09 00:00,59700,58700
2023-11-09 08:35,59550,58550
2023-11-09 08:40,59500,58500
2023-11-09 11:05,59450,58450
2023-11-10 00:00,59450,58450
2023-11-10 08:35,59550,58550
2023-11-10 14:10,59550,58600
2023-11-11 00:00,59550,58600
2023-11-12 00:00,59550,58600
2023-11-13 00:00,59550,58600
2023-11-13 08:25,59500,58500
2023-11-14 00:00,59500,58500
2023-11-14 08:30,59600,58600
2023-11-15 00:00,59600,58600
2023-11-15 08:30,59750,58750
2023-11-15 11:00,59800,58800
2023-11-15 11:35,59850,58850
2023-11-15 13:15,59800,58800
2023-11-15 13:55,59850,58850
2023-11-15 14:55,59900,58900
2023-11-16 00:00,59900,58900
2023-11-16 08:30,59800,58800
2023-11-16 08:40,59750,58750
2023-11-16 13:40,59800,58800
2023-11-16 15:00,59850,58850
2023-11-16 15:15,59800,58800
2023-11-16 15:30,59850,58850
2023-11-17 00:00,59850,58850
2023-11-17 08:30,60050,59050
2023-11-17 09:10,60100,59100
2023-11-17 15:35,60150,59150
2023-11-17 16:30,60200,59200
2023-11-18 00:00,60200,59200
2023-11-18 08:30,60050,59050
2023-11-18 09:30,60100,59100
2023-11-19 00:00,60100,59100
2023-11-20 00:00,60100,59100
2023-11-20 16:20,60150,59150
2023-11-21 00:00,60150,59150
2023-11-21 08:35,60250,59250
2023-11-21 08:40,60300,59300
2023-11-21 10:45,60350,59350
2023-11-21 14:35,60400,59400
2023-11-22 00:00,60400,59400
2023-11-22 08:35,60500,59500
2023-11-22 09:10,60550,59550
2023-11-22 10:30,60600,59600
2023-11-22 11:55,60650,59650
2023-11-22 13:30,60700,59700
2023-11-22 14:30,60750,59750
2023-11-22 15:20,60800,59750
2023-11-22 16:00,60750,59700
2023-11-22 16:30,60750,59750
2023-11-23 00:00,60750,59750
2023-11-23 08:35,60650,59650
2023-11-23 08:45,60700,59700
2023-11-23 11:00,60750,59750
2023-11-23 13:15,60850,59750
2023-11-23 14:35,60900,59800
2023-11-23 14:50,60950,59850
2023-11-23 15:10,61000,59900
2023-11-23 15:20,60950,59850
2023-11-24 00:00,60950,59850
2023-11-24 10:05,61000,59900
2023-11-24 10:40,61050,59950
2023-11-24 13:10,61100,60000
2023-11-24 14:05,61150,60050
2023-11-24 15:10,61200,60100
2023-11-24 16:00,61200,60150
2023-11-25 00:00,61200,60150
2023-11-25 08:30,61300,60200
2023-11-25 09:20,61350,60250
2023-11-25 09:50,61400,60300
2023-11-26 00:00,61400,60300
2023-11-27 00:00,61400,60300
2023-11-27 08:20,61550,60450
2023-11-27 08:30,61600,60500
2023-11-27 12:05,61650,60550
2023-11-27 15:40,61700,60600
2023-11-28 00:00,61700,60600
2023-11-28 09:30,61750,60650
2023-11-28 12:00,61800,60700
2023-11-29 00:00,61800,60700
2023-11-29 08:30,62250,61150
2023-11-29 08:45,62300,61200
2023-11-29 08:55,62400,61300
2023-11-30 00:00,62400,61300
2023-12-01 00:00,62400,61300
2023-12-01 08:25,62350,61250
2023-12-01 10:50,62300,61200
2023-12-01 13:30,62250,61150
2023-12-01 14:55,62200,61100
2023-12-01 16:15,62250,61150
2023-12-02 00:00,62250,61150
2023-12-02 08:25,62650,61550
2023-12-03 00:00,62650,61550
2023-12-04 00:00,62650,61550
2023-12-04 08:30,62900,61750
2023-12-04 09:10,62850,61700
2023-12-04 09:40,62800,61650
2023-12-04 13:55,62750,61600
2023-12-04 14:30,62700,61550
2023-12-04 14:45,62600,61450
2023-12-04 14:50,62650,61500
2023-12-04 15:00,62600,61450
2023-12-04 16:00,62650,61500
2023-12-05 00:00,62650,61500
2023-12-05 08:25,62300,61200
2023-12-05 08:45,62250,61150
2023-12-06 00:00,62250,61150
2023-12-06 08:30,62000,60950
2023-12-06 10:45,61950,60900
2023-12-06 15:05,62000,60950
2023-12-06 15:40,61950,60900
2023-12-07 00:00,61950,60900
2023-12-07 10:25,62000,60950
2023-12-07 13:20,61950,60900
2023-12-07 15:15,62000,60950
2023-12-08 00:00,62000,60950
2023-12-08 09:00,62050,61000
2023-12-09 00:00,62050,61000
2023-12-09 08:30,61650,60600
2023-12-09 08:50,61750,60700
2023-12-10 00:00,61750,60700
2023-12-11 00:00,61750,60700
2023-12-11 08:30,61650,60600
2023-12-11 09:30,61600,60550
2023-12-11 09:35,61550,60500
2023-12-11 10:55,61500,60450
2023-12-11 15:00,61400,60350
2023-12-12 00:00,61400,60350
2023-12-12 08:30,61200,60150
2023-12-12 09:10,61150,60100
2023-12-12 11:40,61100,60050
2023-12-13 00:00,61100,60050
2023-12-13 08:35,61050,60000
2023-12-13 09:40,61000,59950
2023-12-13 13:25,60950,59900
2023-12-14 00:00,60950,59900
2023-12-14 08:30,61550,60500
2023-12-14 13:15,61600,60550
2023-12-14 15:40,61700,60650
2023-12-15 00:00,61700,60650
2023-12-15 08:40,61650,60600
2023-12-15 09:35,61700,60650
2023-12-15 10:05,61750,60700
2023-12-15 10:35,61800,60750
2023-12-15 13:20,61850,60800
2023-12-15 15:05,61900,60850
2023-12-15 15:25,61950,60900
2023-12-15 16:20,62000,60950
2023-12-16 00:00,62000,60950
2023-12-16 08:20,61850,60800
2023-12-16 08:25,61800,60750
2023-12-16 08:55,61850,60800
2023-12-17 00:00,61850,60800
2023-12-18 00:00,61850,60800
2023-12-18 08:30,61900,60850
2023-12-18 15:35,61950,60900
2023-12-19 00:00,61950,60900
2023-12-19 08:30,62000,60950
2023-12-22 22:45,62850,61800
2023-12-23 00:00,62850,61800
2023-12-23 08:30,62950,61900
2023-12-24 00:00,62950,61900
2023-12-25 00:00,62950,61900
2023-12-25 08:55,63000,61950
2023-12-25 11:00,63050,62000
2023-12-25 15:50,63100,62050
2023-12-26 00:00,63100,62050
2023-12-26 08:25,63150,62100
2023-12-26 08:30,63200,62150
2023-12-26 08:45,63250,62200
2023-12-26 08:50,63300,62250
2023-12-26 09:05,63350,62300
2023-12-26 09:20,63400,62350
2023-12-26 10:00,63350,62300
2023-12-26 10:20,63500,62450
2023-12-26 10:40,63600,62550
2023-12-26 14:05,63650,62600
2023-12-27 00:00,63650,62600
2023-12-27 08:20,63750,62700
2023-12-27 08:25,63800,62750
2023-12-27 11:00,63750,62700
2023-12-27 12:30,63800,62750
2023-12-27 13:25,63850,62800
2023-12-27 13:45,63800,62750
2023-12-28 00:00,63800,62750
2023-12-28 08:25,64000,62950
2023-12-28 09:00,64100,63050
2023-12-28 13:20,64050,63000
2023-12-28 15:20,64000,62950
2023-12-28 15:35,63950,62900
2023-12-28 16:25,63900,62850
2023-12-29 00:00,63900,62850
2023-12-29 08:25,63550,62500
2023-12-29 09:35,63500,62450
2023-12-29 09:40,63450,62400
2023-12-29 10:05,63400,62350
2023-12-29 10:10,63350,62300
2023-12-29 11:00,63300,62250
2023-12-29 11:30,63250,62200
2023-12-29 12:00,63350,62300
2023-12-29 15:05,63300,62250
2023-12-29 15:50,63250,62200
2023-12-30 00:00,63250,62200
2023-12-30 08:30,63250,62150
2023-12-30 08:35,63050,61950
2023-12-30 10:55,62950,61850
2023-12-31 00:00,62950,61850
2024-01-01 00:00,62950,61850
2024-01-02 00:00,62950,61850
2024-01-02 08:35,62900,61800
2024-01-02 10:35,62950,61850
2024-01-02 11:20,63000,61900
2024-01-02 11:35,63050,61950
2024-01-02 12:05,63100,62000
2024-01-02 13:15,63150,62050
2024-01-02 13:45,63150,62100
2024-01-03 00:00,63150,62100
2024-01-03 08:25,62950,61900
2024-01-03 08:55,63000,61950
2024-01-03 09:10,63050,62000
2024-01-03 10:35,63100,62050
2024-01-03 11:30,63150,62100
2024-01-04 00:00,63150,62100
2024-01-04 08:30,62900,61850
2024-01-04 13:55,62950,61900
2024-01-04 14:45,63000,61950
2024-01-05 00:00,63000,61950
2024-01-05 08:35,63050,62000
2024-01-05 09:00,63000,61950
2024-01-05 10:20,63050,62000
2024-01-05 13:30,63000,61950
2024-01-05 14:30,63050,62000
2024-01-05 14:55,63100,62050
2024-01-06 00:00,63100,62050
2024-01-06 08:30,63050,62000
2024-01-06 08:50,63000,61950
2024-01-07 00:00,63000,61950
2024-01-08 00:00,63000,61950
2024-01-08 08:25,63050,62000
2024-01-08 10:50,63000,61950
2024-01-08 13:05,62950,61900
2024-01-09 00:00,62950,61900
2024-01-10 00:00,62950,61900
2024-01-10 09:05,63000,61950
2024-01-10 15:30,63050,62000
2024-01-11 00:00,63050,62000
2024-01-11 08:30,63000,61900
2024-01-11 08:55,63050,61950
2024-01-11 11:50,63100,62000
2024-01-12 00:00,63100,62000
2024-01-12 08:40,63150,62050
2024-01-12 09:20,63200,62100
2024-01-12 10:35,63250,62150
2024-01-12 13:25,63300,62200
2024-01-13 00:00,63300,62200
2024-01-13 08:35,63500,62400
2024-01-14 00:00,63500,62400
2024-01-15 00:00,63500,62400
2024-01-15 08:30,63600,62500
2024-01-15 08:50,63700,62600
2024-01-15 09:25,63750,62650
2024-01-15 09:35,63800,62650
2024-01-15 10:00,63850,62700
2024-01-15 10:15,63900,62750
2024-01-15 10:40,63950,62800
2024-01-15 13:15,64000,62850
2024-01-15 14:00,64050,62900
2024-01-16 00:00,64050,62900
2024-01-16 08:30,64150,63050
2024-01-16 14:50,64150,63000
2024-01-16 16:20,64100,62950
2024-01-17 00:00,64100,62950
2024-01-17 08:35,63800,62650
2024-01-17 08:40,63850,62700
2024-01-17 10:45,63800,62650
2024-01-17 13:15,63750,62600
2024-01-17 13:35,63700,62550
2024-01-17 14:10,63650,62500
2024-01-17 14:55,63700,62550
2024-01-17 15:20,63700,62600
2024-01-18 00:00,63700,62600
2024-01-18 08:30,63300,62200
2024-01-18 08:35,63400,62300
2024-01-19 00:00,63400,62300
2024-01-19 08:30,63550,62450
2024-01-19 13:05,63550,62400
2024-01-19 14:15,63600,62450
2024-01-19 14:45,63650,62500
2024-01-19 15:15,63700,62550
2024-01-19 16:10,63750,62600
2024-01-20 00:00,63750,62600
2024-01-20 08:35,63850,62650
2024-01-21 00:00,63850,62650
2024-01-22 00:00,63850,62650
2024-01-22 08:30,63900,62700
2024-01-22 08:40,64000,62800
2024-01-22 10:15,64050,62850
2024-01-22 13:05,64000,62800
2024-01-23 00:00,64000,62800
2024-01-23 08:30,63950,62750
2024-01-23 12:10,64000,62800
2024-01-23 13:40,64050,62850
2024-01-24 00:00,64050,62850
2024-01-24 14:45,64100,62900
2024-01-25 00:00,64100,62900
2024-01-25 08:30,63900,62700
2024-01-26 00:00,63900,62700
2024-01-26 08:35,63950,62750
2024-01-27 00:00,63950,62750
2024-01-28 00:00,63950,62750
2024-01-29 00:00,63950,62750
2024-01-29 10:45,64000,62800
2024-01-30 00:00,64000,62800
2024-01-30 08:55,64050,62850
2024-01-30 13:25,64100,62900
2024-01-31 00:00,64100,62900
2024-01-31 08:55,64150,62950
2024-01-31 16:10,64200,63000
2024-02-01 00:00,64200,63000
2024-02-01 09:20,64300,63050
2024-02-01 10:00,64350,63100
2024-02-01 11:25,64350,63230
2024-02-01 11:30,64350,63150
2024-02-02 00:00,64350,63150
2024-02-02 08:30,64500,63300
2024-02-03 00:00,64500,63300
2024-02-03 08:30,64400,63200
2024-02-04 00:00,64400,63200
2024-02-05 00:00,64400,63200
2024-02-06 00:00,64400,63200
2024-02-07 00:00,64400,63200
2024-02-07 08:30,64500,63300
2024-02-07 09:15,64550,63350
2024-02-07 09:25,64600,63400
2024-02-08 00:00,64600,63400
2024-02-09 00:00,64600,63400
2024-02-10 00:00,64600,63400
2024-02-11 00:00,64600,63400
2024-02-12 00:00,64600,63400
2024-02-13 00:00,64600,63400
2024-02-14 00:00,64600,63400
2024-02-15 00:00,64600,63400
2024-02-15 11:10,64350,63150
2024-02-15 14:55,64400,63200
2024-02-16 00:00,64400,63200
2024-02-16 08:35,64500,63300
2024-02-16 08:40,64600,63400
2024-02-16 10:00,64600,63500
2024-02-17 00:00,64600,63500
2024-02-17 08:25,64700,63600
2024-02-17 09:05,64800,63700
2024-02-17 10:05,64900,63800
2024-02-17 10:15,64900,63750
2024-02-17 13:30,64900,63700
2024-02-17 14:15,64850,63650
2024-02-18 00:00,64850,63650
2024-02-18 10:10,64800,63600
2024-02-18 13:45,64750,63550
2024-02-18 14:10,64700,63500
2024-02-18 17:20,64700,63400
2024-02-19 00:00,64700,63400
2024-02-19 11:15,64700,63300
2024-02-20 00:00,64700,63300
2024-02-20 08:30,64600,63200
2024-02-20 09:50,64550,63150
2024-02-20 10:45,64500,63100
2024-02-20 11:05,64500,63200
2024-02-21 00:00,64500,63200
2024-02-21 08:30,64500,63300
2024-02-21 09:45,64550,63350
2024-02-21 10:20,64600,63400
2024-02-21 10:45,64650,63450
2024-02-21 11:35,64700,63500
2024-02-21 15:40,64650,63450
2024-02-22 00:00,64650,63450
2024-02-22 08:30,64600,63400
2024-02-22 12:10,64650,63450
2024-02-22 15:10,64700,63500
2024-02-23 00:00,64700,63500
2024-02-23 13:15,64650,63450
2024-02-24 00:00,64650,63450
2024-02-24 08:30,64700,63500
2024-02-24 08:45,64750,63550
2024-02-24 11:05,64800,63600
2024-02-24 15:05,64750,63550
2024-02-25 00:00,64750,63550
2024-02-26 00:00,64750,63550
2024-02-26 11:05,64800,63600
2024-02-26 11:25,64850,63650
2024-02-27 00:00,64850,63650
2024-02-27 08:40,64900,63700
2024-02-27 09:35,64950,63750
2024-02-27 11:35,65000,63800
2024-02-27 15:25,65050,63850
2024-02-27 15:55,65100,63900
2024-02-28 00:00,65100,63900
2024-02-28 16:05,65150,63950
2024-02-29 00:00,65150,63950
2024-02-29 08:30,65250,64050
2024-02-29 08:55,65300,64100
2024-03-01 00:00,65300,64100
2024-03-01 08:30,65450,64250
2024-03-01 09:05,65500,64300
2024-03-01 13:15,65550,64350
2024-03-01 13:35,65600,64400
2024-03-02 00:00,65600,64400
2024-03-02 08:30,66200,65000
2024-03-02 08:55,66400,65200
2024-03-02 09:55,66450,65250
2024-03-02 10:40,66500,65300
2024-03-03 00:00,66500,65300
2024-03-04 00:00,66500,65300
2024-03-04 08:25,66600,65400
2024-03-04 09:45,66650,65450
2024-03-04 10:30,66700,65500
2024-03-04 13:40,66750,65550
2024-03-04 14:40,66800,65600
2024-03-05 00:00,66800,65600
2024-03-05 08:35,67650,66450
2024-03-05 09:00,67700,66500
2024-03-05 15:35,67750,66550