date,price,symbol
2004-05-20,7687.99,VFMVF1
2004-05-31,7687.99,VFMVF1
2004-06-30,7764.1,VFMVF1
2004-07-31,7718.740000000001,VFMVF1
2004-08-31,7704.13,VFMVF1
2004-09-30,7731.04,VFMVF1
2004-10-31,7776.4,VFMVF1
2004-11-16,7729.5,VFMVF1
2004-11-23,7707.21,VFMVF1
2004-11-30,7758.72,VFMVF1
2004-12-03,7696.45,VFMVF1
2004-12-10,7735.65,VFMVF1
2004-12-17,7754.11,VFMVF1
2004-12-24,7793.31,VFMVF1
2004-12-31,7832.54,VFMVF1
2005-01-07,7781.01,VFMVF1
2005-01-14,7811,VFMVF1
2005-01-21,7828.68,VFMVF1
2005-01-28,7824.07,VFMVF1
2005-02-04,7857.89,VFMVF1
2005-02-18,8003.97,VFMVF1
2005-02-25,8003.97,VFMVF1
2005-03-04,7986.28,VFMVF1
2005-03-18,8020.88,VFMVF1
2005-03-25,8115.44,VFMVF1
2005-04-01,8095.45,VFMVF1
2005-04-08,8108.52,VFMVF1
2005-04-15,8117.749999999999,VFMVF1
2005-04-22,8117.749999999999,VFMVF1
2005-04-29,7924.78,VFMVF1
2005-05-06,7918.63,VFMVF1
2005-05-13,8105.45,VFMVF1
2005-05-20,8106.22,VFMVF1
2005-05-27,8116.210000000001,VFMVF1
2005-06-03,8133.12,VFMVF1
2005-06-10,8143.12,VFMVF1
2005-06-17,8162.34,VFMVF1
2005-06-24,8167.719999999999,VFMVF1
2005-06-30,8158.490000000001,VFMVF1
2005-07-01,8155.419999999999,VFMVF1
2005-07-08,8193.86,VFMVF1
2005-07-15,8206.16,VFMVF1
2005-07-22,8138.51,VFMVF1
2005-07-29,8162.34,VFMVF1
2005-08-05,8249.980000000001,VFMVF1
2005-08-12,8325.32,VFMVF1
2005-08-26,8376.83,VFMVF1
2005-08-31,8446.79,VFMVF1
2005-09-01,8450.64,VFMVF1
2005-09-09,8545.970000000001,VFMVF1
2005-09-16,8712.8,VFMVF1
2005-09-23,8815.82,VFMVF1
2005-09-30,8911.15,VFMVF1
2005-10-07,9037.23,VFMVF1
2005-10-14,9161.009999999998,VFMVF1
2005-10-21,9256.34,VFMVF1
2005-10-28,9404.72,VFMVF1
2005-10-31,9417.02,VFMVF1
2005-11-04,9579.230000000001,VFMVF1
2005-11-11,9704.55,VFMVF1
2005-11-18,9850.619999999999,VFMVF1
2005-11-25,9850.619999999999,VFMVF1
2005-11-30,9855.230000000001,VFMVF1
2005-12-01,9855.230000000001,VFMVF1
2005-12-02,9876.76,VFMVF1
2005-12-09,9932.880000000001,VFMVF1
2005-12-16,9999,VFMVF1
2005-12-23,10071.27,VFMVF1
2005-12-31,10079.890000000001,VFMVF1
2006-01-06,10153.53,VFMVF1
2006-01-13,10421.84,VFMVF1
2006-01-20,10538.7,VFMVF1
2006-01-27,10553.3,VFMVF1
2006-02-03,10552.53,VFMVF1
2006-02-10,10840.83,VFMVF1
2006-02-17,11421.279999999999,VFMVF1
2006-02-24,11880.25,VFMVF1
2006-03-03,12243.890000000001,VFMVF1
2006-03-10,12583.7,VFMVF1
2006-03-17,12331.53,VFMVF1
2006-03-24,12689.03,VFMVF1
2006-03-31,13310.22,VFMVF1
2006-04-07,14990.04,VFMVF1
2006-04-14,16032.53,VFMVF1
2006-04-21,17660.08,VFMVF1
2006-04-28,18400.43,VFMVF1
2006-05-05,18870.940000000002,VFMVF1
2006-05-12,18860.94,VFMVF1
2006-05-19,18868.63,VFMVF1
2006-05-26,19054.68,VFMVF1
2006-06-02,19196.91,VFMVF1
2006-06-09,19401.41,VFMVF1
2006-06-16,19690.48,VFMVF1
2006-06-23,19436.77,VFMVF1
2006-06-30,19669.72,VFMVF1
2006-07-07,19538.260000000002,VFMVF1
2006-07-14,19377.579999999998,VFMVF1
2006-07-21,18787.91,VFMVF1
2006-07-28,18400.43,VFMVF1
2006-08-04,17932.24,VFMVF1
2006-08-11,17986.820000000003,VFMVF1
2006-08-18,18721.02,VFMVF1
2006-08-25,18661.059999999998,VFMVF1
2006-09-01,18831.73,VFMVF1
2006-09-08,19017.01,VFMVF1
2006-09-15,18973.960000000003,VFMVF1
2006-09-22,19027.77,VFMVF1
2006-09-29,19620.52,VFMVF1
2006-10-06,17363.320000000003,VFMVF1
2006-10-13,17081.170000000002,VFMVF1
2006-10-20,17152.670000000002,VFMVF1
2006-10-27,17275.68,VFMVF1
2006-11-03,17363.320000000003,VFMVF1
2006-11-10,17720.82,VFMVF1
2006-11-17,18095.22,VFMVF1
2006-11-24,19764.28,VFMVF1
2006-11-30,19998.77,VFMVF1
2006-12-01,20006.45,VFMVF1
2006-12-08,21853.88,VFMVF1
2006-12-15,24721.5,VFMVF1
2006-12-22,25449.55,VFMVF1
2006-12-29,27140.43,VFMVF1
2006-12-31,25394.5,VFMVF1
2007-01-05,26748.05,VFMVF1
2007-01-12,29774.809999999998,VFMVF1
2007-01-19,31805.21,VFMVF1
2007-01-26,31596.87,VFMVF1
2007-01-31,33678.01,VFMVF1
2007-02-02,34364.54,VFMVF1
2007-02-09,35137.189999999995,VFMVF1
2007-02-16,36694,VFMVF1
2007-02-28,39523.18,VFMVF1
2007-03-02,39779.96,VFMVF1
2007-03-09,41354.46000000001,VFMVF1
2007-03-16,39514.73,VFMVF1
2007-03-23,37768.79,VFMVF1
2007-03-30,35512.36,VFMVF1
2007-03-31,35742.229999999996,VFMVF1
2007-04-06,34740.49,VFMVF1
2007-04-13,34387.61,VFMVF1
2007-04-20,32620.14,VFMVF1
2007-04-27,32273.41,VFMVF1
2007-04-30,32897.68,VFMVF1
2007-05-04,32640.9,VFMVF1
2007-05-11,33974.76,VFMVF1
2007-05-18,33859.44,VFMVF1
2007-05-25,34692.82,VFMVF1
2007-05-30,34186.950000000004,VFMVF1
2007-06-01,34161.58,VFMVF1
2007-06-08,33512.71,VFMVF1
2007-06-15,33573.450000000004,VFMVF1
2007-06-22,33820.23,VFMVF1
2007-06-29,34066.25,VFMVF1
2007-06-30,34215.4,VFMVF1
2007-07-06,30271.460000000003,VFMVF1
2007-07-13,30784.25,VFMVF1
2007-07-20,30345.26,VFMVF1
2007-07-27,30114.62,VFMVF1
2007-07-31,29820.94,VFMVF1
2007-08-03,29757.13,VFMVF1
2007-08-10,29437.31,VFMVF1
2007-08-17,28813.05,VFMVF1
2007-08-24,29188.22,VFMVF1
2007-08-31,29220.510000000002,VFMVF1
2007-09-07,29259.72,VFMVF1
2007-09-14,29967.01,VFMVF1
2007-09-21,30371.4,VFMVF1
2007-09-28,31834.43,VFMVF1
2007-09-30,31592.25,VFMVF1
2007-10-05,33045.28,VFMVF1
2007-10-12,33870.21,VFMVF1
2007-10-19,34476.79,VFMVF1
2007-10-26,35044.93,VFMVF1
2007-11-02,34525.219999999994,VFMVF1
2007-11-09,33404.310000000005,VFMVF1
2007-11-16,32966.87,VFMVF1
2007-11-23,32633.21,VFMVF1
2007-11-30,32796.19,VFMVF1
2007-12-07,32927.66,VFMVF1
2007-12-14,32249.58,VFMVF1
2007-12-21,32266.489999999998,VFMVF1
2007-12-28,31982.04,VFMVF1
2007-12-31,32151.940000000002,VFMVF1
2008-01-04,31535.36,VFMVF1
2008-01-11,30771.18,VFMVF1
2008-01-18,30112.32,VFMVF1
2008-01-25,29331.219999999998,VFMVF1
2008-02-01,30590.51,VFMVF1
2008-02-08,30586.670000000002,VFMVF1
2008-02-15,30123.08,VFMVF1
2008-02-22,27107.85,VFMVF1
2008-02-29,26215.27,VFMVF1
2008-03-07,25666.350000000002,VFMVF1
2008-03-14,25453.399999999998,VFMVF1
2008-03-21,23386.859999999997,VFMVF1
2008-03-28,22244.43,VFMVF1
2008-03-31,22511.97,VFMVF1
2008-04-04,22791.039999999997,VFMVF1
2008-04-10,22757.989999999998,VFMVF1
2008-04-17,21409.510000000002,VFMVF1
2008-04-24,20818.31,VFMVF1
2008-05-01,20722.21,VFMVF1
2008-05-08,19849.620000000003,VFMVF1
2008-05-15,19459.07,VFMVF1
2008-05-22,18492.69,VFMVF1
2008-05-29,18057.55,VFMVF1
2008-06-05,17544.76,VFMVF1
2008-06-12,17016.600000000002,VFMVF1
2008-06-19,17151.9,VFMVF1
2008-06-26,17267.99,VFMVF1
2008-06-30,17428.670000000002,VFMVF1
2008-07-03,17923.010000000002,VFMVF1
2008-07-10,18394.17,VFMVF1
2008-07-17,19241.78,VFMVF1
2008-07-24,18328.84,VFMVF1
2008-07-31,18356.14,VFMVF1
2008-08-07,18169.789999999997,VFMVF1
2008-08-14,18673.36,VFMVF1
2008-08-21,19545.940000000002,VFMVF1
2008-08-28,20340.879999999997,VFMVF1
2008-08-31,20451.59,VFMVF1
2008-09-04,20873.66,VFMVF1
2008-09-11,19926.010000000002,VFMVF1
2008-09-18,18421.079999999998,VFMVF1
2008-09-25,19169.84,VFMVF1
2008-09-30,18816.23,VFMVF1
2008-10-02,18905.18,VFMVF1
2008-10-09,17943.010000000002,VFMVF1
2008-10-16,17498.12,VFMVF1
2008-10-23,16922.68,VFMVF1
2008-10-30,16536.07,VFMVF1
2008-10-31,16676.120000000003,VFMVF1
2008-11-06,17109.48,VFMVF1
2008-11-13,16777.59,VFMVF1
2008-11-20,16601.07,VFMVF1
2008-11-27,16362.64,VFMVF1
2008-11-30,16541.879999999997,VFMVF1
2008-12-04,16455.45,VFMVF1
2008-12-11,16116.3,VFMVF1
2008-12-18,16455.36,VFMVF1
2008-12-25,16557.07,VFMVF1
2008-12-31,16621.22,VFMVF1
2009-01-01,16621.57,VFMVF1
2009-01-08,16625.07,VFMVF1
2009-01-15,16460.809999999998,VFMVF1
2009-01-22,16438.35,VFMVF1
2009-01-29,16442.8,VFMVF1
2009-01-31,16443.35,VFMVF1
2009-02-05,15924.51,VFMVF1
2009-02-12,15978.160000000002,VFMVF1
2009-02-19,15594.93,VFMVF1
2009-02-26,15435.94,VFMVF1
2009-02-28,15475.88,VFMVF1
2009-03-05,15429.58,VFMVF1
2009-03-12,15519.21,VFMVF1
2009-03-19,15903.41,VFMVF1
2009-03-26,16191.15,VFMVF1
2009-03-31,16012.380000000001,VFMVF1
2009-04-02,16299,VFMVF1
2009-04-09,16664.58,VFMVF1
2009-04-16,17630.26,VFMVF1
2009-04-23,17021.29,VFMVF1
2009-04-30,17087.66,VFMVF1
2009-05-07,17944.030000000002,VFMVF1
2009-05-14,17932.300000000003,VFMVF1
2009-05-21,18478.11,VFMVF1
2009-05-28,18606.69,VFMVF1
2009-05-31,18531.739999999998,VFMVF1
2009-06-04,19493.670000000002,VFMVF1
2009-06-11,20593.61,VFMVF1
2009-06-18,20508.57,VFMVF1
2009-06-25,20046.24,VFMVF1
2009-06-30,19791.55,VFMVF1
2009-07-02,19590.64,VFMVF1
2009-07-09,20120.58,VFMVF1
2009-07-16,20114.58,VFMVF1
2009-07-23,20075.28,VFMVF1
2009-07-30,20538.96,VFMVF1
2009-07-31,21044.149999999998,VFMVF1
2009-08-06,21449.010000000002,VFMVF1
2009-08-13,22216.44,VFMVF1
2009-08-20,22734.11,VFMVF1
2009-08-27,22949.5,VFMVF1
2009-08-31,23539.46,VFMVF1
2009-09-03,23586.29,VFMVF1
2009-09-10,24077.69,VFMVF1
2009-09-17,24843.15,VFMVF1
2009-09-24,25349.36,VFMVF1
2009-09-30,25240.66,VFMVF1
2009-10-01,25033.98,VFMVF1
2009-10-08,25229.489999999998,VFMVF1
2009-10-15,25991.27,VFMVF1
2009-10-22,25805.68,VFMVF1
2009-10-29,25044.63,VFMVF1
2009-10-31,25116.64,VFMVF1
2009-11-05,24310.18,VFMVF1
2009-11-12,24171.83,VFMVF1
2009-11-19,24831.600000000002,VFMVF1
2009-11-26,22579.3,VFMVF1
2009-11-30,23258.01,VFMVF1
2009-12-03,23226.64,VFMVF1
2009-12-10,21539.53,VFMVF1
2009-12-17,20662.79,VFMVF1
2009-12-24,21891.780000000002,VFMVF1
2009-12-31,23548.38,VFMVF1
2010-01-07,24424.64,VFMVF1
2010-01-14,24086.13,VFMVF1
2010-01-21,23067.76,VFMVF1
2010-01-28,23388.29,VFMVF1
2010-01-31,23410.65,VFMVF1
2010-02-04,24023.19,VFMVF1
2010-02-11,23820.45,VFMVF1
2010-02-18,23928.51,VFMVF1
2010-02-25,23559.51,VFMVF1
2010-02-28,23532.02,VFMVF1
2010-03-04,24141.780000000002,VFMVF1
2010-03-11,24717.300000000003,VFMVF1
2010-03-18,24578.68,VFMVF1
2010-03-25,24055.12,VFMVF1
2010-03-31,23971.309999999998,VFMVF1
2010-04-01,24222.78,VFMVF1
2010-04-08,24493.57,VFMVF1
2010-04-15,24613.41,VFMVF1
2010-04-22,23746.93,VFMVF1
2010-04-29,24184.329999999998,VFMVF1
2010-04-30,24183.879999999997,VFMVF1
2010-05-06,24170.98,VFMVF1
2010-05-13,24686.18,VFMVF1
2010-05-20,24441,VFMVF1
2010-05-27,24168,VFMVF1
2010-06-03,24300,VFMVF1
2010-06-10,24300,VFMVF1
2010-06-17,24282,VFMVF1
2010-06-24,24398,VFMVF1
2010-07-01,24306,VFMVF1
2010-07-08,24102,VFMVF1
2010-07-15,24358,VFMVF1
2010-07-22,24054,VFMVF1
2010-07-29,23983,VFMVF1
2010-08-05,23896,VFMVF1
2010-08-12,22228,VFMVF1
2010-08-19,22275,VFMVF1
2010-08-26,21221,VFMVF1
2010-09-02,22177,VFMVF1
2010-09-09,22444,VFMVF1
2010-09-16,21874,VFMVF1
2010-09-23,21978,VFMVF1
2010-09-30,22001,VFMVF1
2010-10-07,21770,VFMVF1
2010-10-14,21532,VFMVF1
2010-10-21,20958,VFMVF1
2010-10-28,21603,VFMVF1
2010-11-04,21619,VFMVF1
2010-11-11,21231,VFMVF1
2010-11-18,20230,VFMVF1
2010-11-25,20657,VFMVF1
2010-12-02,21233,VFMVF1
2010-12-09,21175,VFMVF1
2010-12-16,21575,VFMVF1
2010-12-23,21514,VFMVF1
2010-12-30,21682,VFMVF1
2011-01-06,21026,VFMVF1
2011-01-13,20815,VFMVF1
2011-01-20,21183,VFMVF1
2011-01-27,21501,VFMVF1
2011-02-03,21723,VFMVF1
2011-02-10,21891,VFMVF1
2011-02-17,21233,VFMVF1
2011-02-24,19404,VFMVF1
2011-03-03,18599,VFMVF1
2011-03-10,19430,VFMVF1
2011-03-17,19181,VFMVF1
2011-03-24,19210,VFMVF1
2011-03-31,19052,VFMVF1
2011-04-07,19052,VFMVF1
2011-04-14,18980,VFMVF1
2011-04-21,18243,VFMVF1
2011-04-28,17940,VFMVF1
2011-05-05,18006,VFMVF1
2011-05-12,17894,VFMVF1
2011-05-19,17282,VFMVF1
2011-05-26,15893,VFMVF1
2011-06-02,17042,VFMVF1
2011-06-09,17348,VFMVF1
2011-06-16,17124,VFMVF1
2011-06-23,16851,VFMVF1
2011-06-30,16484,VFMVF1
2011-07-07,16268.999999999998,VFMVF1
2011-07-14,15956,VFMVF1
2011-07-21,15892,VFMVF1
2011-07-28,15740,VFMVF1
2011-08-04,15346,VFMVF1
2011-08-11,14810,VFMVF1
2011-08-18,15541,VFMVF1
2011-08-25,15705,VFMVF1
2011-09-01,16550,VFMVF1
2011-09-08,16638,VFMVF1
2011-09-15,16626,VFMVF1
2011-09-22,16548,VFMVF1
2011-09-29,15958,VFMVF1
2011-10-06,15828,VFMVF1
2011-10-13,15296,VFMVF1
2011-10-20,15493,VFMVF1
2011-10-27,15166,VFMVF1
2011-11-03,14874,VFMVF1
2011-11-10,14318,VFMVF1
2011-11-17,13781,VFMVF1
2011-11-24,13941,VFMVF1
2011-12-01,13597,VFMVF1
2011-12-08,13963,VFMVF1
2011-12-15,13109,VFMVF1
2011-12-22,12848,VFMVF1
2011-12-29,12868,VFMVF1
2012-01-05,12615,VFMVF1
2012-01-12,12654,VFMVF1
2012-01-19,13161,VFMVF1
2012-01-26,13276,VFMVF1
2012-02-02,13989,VFMVF1
2012-02-09,13936,VFMVF1
2012-02-16,13826,VFMVF1
2012-02-23,14915,VFMVF1
2012-03-01,15144,VFMVF1
2012-03-08,15027,VFMVF1
2012-03-15,15218,VFMVF1
2012-03-22,15188,VFMVF1
2012-03-29,14987,VFMVF1
2012-04-05,15218,VFMVF1
2012-04-12,15904,VFMVF1
2012-04-19,15967,VFMVF1
2012-04-26,16387,VFMVF1
2012-05-03,16596,VFMVF1
2012-05-10,17269,VFMVF1
2012-05-17,16053,VFMVF1
2012-05-24,16053,VFMVF1
2012-05-31,15664,VFMVF1
2012-06-07,15814,VFMVF1
2012-06-14,15635,VFMVF1
2012-06-21,15771,VFMVF1
2012-06-28,15344,VFMVF1
2012-07-05,15255,VFMVF1
2012-07-12,15129,VFMVF1
2012-07-19,15889,VFMVF1
2012-07-26,15385,VFMVF1
2012-08-02,15336,VFMVF1
2012-08-09,15739,VFMVF1
2012-08-16,15978,VFMVF1
2012-08-23,14926,VFMVF1
2012-08-30,14904,VFMVF1
2012-09-06,14852,VFMVF1
2012-09-13,14782,VFMVF1
2012-09-20,14403,VFMVF1
2012-09-27,14590,VFMVF1
2012-10-04,14349,VFMVF1
2012-10-11,14791,VFMVF1
2012-10-18,14996,VFMVF1
2012-10-25,14702,VFMVF1
2012-11-01,14635,VFMVF1
2012-11-08,14480,VFMVF1
2012-11-15,14704,VFMVF1
2012-11-22,14402,VFMVF1
2012-11-29,14258,VFMVF1
2012-12-06,14467,VFMVF1
2012-12-13,14575,VFMVF1
2012-12-20,14829,VFMVF1
2012-12-27,15087,VFMVF1
2013-01-03,15308,VFMVF1
2013-01-10,16549,VFMVF1
2013-01-17,16511,VFMVF1
2013-01-24,16314,VFMVF1
2013-01-31,16962,VFMVF1
2013-02-07,17175,VFMVF1
2013-02-14,17206,VFMVF1
2013-02-21,16884,VFMVF1
2013-02-28,16617,VFMVF1
2013-03-07,16550,VFMVF1
2013-03-14,16848,VFMVF1
2013-03-21,17330,VFMVF1
2013-03-28,17348,VFMVF1
2013-04-04,17568,VFMVF1
2013-04-11,17793,VFMVF1
2013-04-18,17062,VFMVF1
2013-04-25,17135,VFMVF1
2013-05-02,16969,VFMVF1
2013-05-09,17327,VFMVF1
2013-05-16,17485,VFMVF1
2013-05-23,17917,VFMVF1
2013-05-30,18669,VFMVF1
2013-06-06,18733,VFMVF1
2013-06-16,18681,VFMVF1
2013-06-20,18212,VFMVF1
2013-06-27,17809,VFMVF1
2013-07-04,18039,VFMVF1
2013-07-11,17927,VFMVF1
2013-07-18,18262,VFMVF1
2013-07-25,18189,VFMVF1
2013-08-01,18240,VFMVF1
2013-08-08,18426,VFMVF1
2013-08-15,18837,VFMVF1
2013-08-22,18626,VFMVF1
2013-08-29,18024,VFMVF1
2013-09-05,18334,VFMVF1
2013-09-12,18341,VFMVF1
2013-09-19,18430,VFMVF1
2013-09-26,18678,VFMVF1
2013-10-03,18706,VFMVF1
2013-10-09,18930.37,VFMVF1
2013-10-16,18884.23,VFMVF1
2013-10-23,18963.98,VFMVF1
2013-10-30,18875.43,VFMVF1
2013-11-06,18940.010000000002,VFMVF1
2013-11-13,18812.26,VFMVF1
2013-11-20,19182.04,VFMVF1
2013-11-27,19342.88,VFMVF1
2013-12-04,19334.54,VFMVF1
2013-12-11,19103.53,VFMVF1
2013-12-18,19133.9,VFMVF1
2013-12-25,18988.66,VFMVF1
2014-01-01,19050.27,VFMVF1
2014-01-08,19380.31,VFMVF1
2014-01-15,20005.19,VFMVF1
2014-01-22,20757.64,VFMVF1
2014-02-05,21013.23,VFMVF1
2014-02-12,21236.36,VFMVF1
2014-02-19,21897.2,VFMVF1
2014-02-26,22373.96,VFMVF1
2014-03-05,21697.32,VFMVF1
2014-03-12,22320,VFMVF1
2014-03-19,23018.36,VFMVF1
2014-03-26,22323.25,VFMVF1
2014-04-02,22230.74,VFMVF1
2014-04-09,22982.21,VFMVF1
2014-04-16,21844.82,VFMVF1
2014-04-23,21500.32,VFMVF1
2014-05-04,21917.670000000002,VFMVF1
2014-05-07,21227.94,VFMVF1
2014-05-14,19816.41,VFMVF1
2014-05-21,20387.21,VFMVF1
2014-05-28,20682.26,VFMVF1
2014-06-04,20384.42,VFMVF1
2014-06-11,20784.09,VFMVF1
2014-06-18,20974.29,VFMVF1
2014-06-25,21100.91,VFMVF1
2014-07-02,21377.57,VFMVF1
2014-07-09,21738.21,VFMVF1
2014-07-16,21961.71,VFMVF1
2014-07-23,22261.43,VFMVF1
2014-07-30,21759.34,VFMVF1
2014-08-06,22263.739999999998,VFMVF1
2014-08-13,22289.239999999998,VFMVF1
2014-08-20,22541.989999999998,VFMVF1
2014-08-27,23444.600000000002,VFMVF1
2014-09-03,23744.59,VFMVF1
2014-09-10,23531.19,VFMVF1
2014-09-17,23917.23,VFMVF1
2014-09-24,23041.54,VFMVF1
2014-09-25,23267.64,VFMVF1
2014-09-26,23116.61,VFMVF1
2014-09-29,23005.289999999997,VFMVF1
2014-09-30,23000.2,VFMVF1
2014-10-01,23423.739999999998,VFMVF1
2014-10-02,23669.65,VFMVF1
2014-10-03,23621.49,VFMVF1
2014-10-06,23714.7,VFMVF1
2014-10-07,23723.35,VFMVF1
2014-10-08,23728.89,VFMVF1
2014-10-09,23855.039999999997,VFMVF1
2014-10-10,23549.2,VFMVF1
2014-10-13,23525.030000000002,VFMVF1
2014-10-14,23197.72,VFMVF1
2014-10-15,23083.34,VFMVF1
2014-10-16,22346,VFMVF1
2014-10-17,22337.050000000003,VFMVF1
2014-10-20,22421.81,VFMVF1
2014-10-21,22707.02,VFMVF1
2014-10-22,22908.359999999997,VFMVF1
2014-10-23,22611.75,VFMVF1
2014-10-24,22546.71,VFMVF1
2014-10-27,22059.35,VFMVF1
2014-10-28,22237.45,VFMVF1
2014-10-29,22601.289999999997,VFMVF1
2014-10-30,22604.04,VFMVF1
2014-10-31,22943.91,VFMVF1
2014-11-03,23093.620000000003,VFMVF1
2014-11-04,22904.489999999998,VFMVF1
2014-11-05,22828.16,VFMVF1
2014-11-06,22801.45,VFMVF1
2014-11-07,22946.329999999998,VFMVF1
2014-11-10,22910.12,VFMVF1
2014-11-11,23019.46,VFMVF1
2014-11-12,22989.52,VFMVF1
2014-11-13,22966.61,VFMVF1
2014-11-14,22792.809999999998,VFMVF1
2014-11-17,22762.12,VFMVF1
2014-11-18,22545.92,VFMVF1
2014-11-19,22293.39,VFMVF1
2014-11-20,22477.25,VFMVF1
2014-11-21,22241.87,VFMVF1
2014-11-24,22042.61,VFMVF1
2014-11-25,22180.64,VFMVF1
2014-11-26,22025.81,VFMVF1
2014-11-27,21999.77,VFMVF1
2014-11-28,21610.52,VFMVF1
2014-12-01,21602.06,VFMVF1
2014-12-02,21723.84,VFMVF1
2014-12-03,21927.24,VFMVF1
2014-12-04,21932.4,VFMVF1
2014-12-05,21907.28,VFMVF1
2014-12-08,21538.18,VFMVF1
2014-12-09,20815.190000000002,VFMVF1
2014-12-10,21111.88,VFMVF1
2014-12-11,20890.82,VFMVF1
2014-12-12,20980.72,VFMVF1
2014-12-15,20844.670000000002,VFMVF1
2014-12-16,20342.199999999997,VFMVF1
2014-12-17,19727.5,VFMVF1
2014-12-18,20134.64,VFMVF1
2014-12-19,19942.94,VFMVF1
2014-12-22,20387.28,VFMVF1
2014-12-23,20375.15,VFMVF1
2014-12-24,20467.870000000003,VFMVF1
2014-12-25,20250.85,VFMVF1
2014-12-26,20149.13,VFMVF1
2014-12-29,20106.850000000002,VFMVF1
2014-12-30,20387.81,VFMVF1
2015-01-05,20682.14,VFMVF1
2015-01-06,20794.579999999998,VFMVF1
2015-01-07,20915.75,VFMVF1
2015-01-08,20840.29,VFMVF1
2015-01-09,21203.16,VFMVF1
2015-01-12,21133.45,VFMVF1
2015-01-13,21250.01,VFMVF1
2015-01-14,21304.49,VFMVF1
2015-01-15,21432.43,VFMVF1
2015-01-16,21325.22,VFMVF1
2015-01-19,21221.81,VFMVF1
2015-01-20,21278.7,VFMVF1
2015-01-21,21269.77,VFMVF1
2015-01-22,21354.26,VFMVF1
2015-01-23,21501.34,VFMVF1
2015-01-26,21480.51,VFMVF1
2015-01-27,21418.87,VFMVF1
2015-01-28,21452.3,VFMVF1
2015-01-29,21515.28,VFMVF1
2015-01-30,21342.94,VFMVF1
2015-02-02,21222.23,VFMVF1
2015-02-03,21008.52,VFMVF1
2015-02-04,21100.58,VFMVF1
2015-02-05,21170.86,VFMVF1
2015-02-06,21348.859999999997,VFMVF1
2015-02-09,21220.690000000002,VFMVF1
2015-02-10,21213.39,VFMVF1
2015-02-11,21484.33,VFMVF1
2015-02-12,21649.18,VFMVF1
2015-02-13,21718.55,VFMVF1
2015-02-24,21783.07,VFMVF1
2015-02-25,21619.890000000003,VFMVF1
2015-02-26,21778.76,VFMVF1
2015-02-27,21707.13,VFMVF1
2015-03-02,21592.43,VFMVF1
2015-03-03,21809.51,VFMVF1
2015-03-04,22025.11,VFMVF1
2015-03-05,21987.210000000003,VFMVF1
2015-03-06,21999.82,VFMVF1
2015-03-09,21872.129999999997,VFMVF1
2015-03-10,21879.329999999998,VFMVF1
2015-03-11,21757.21,VFMVF1
2015-03-12,21772.5,VFMVF1
2015-03-13,21715.76,VFMVF1
2015-03-16,21539.79,VFMVF1
2015-03-17,21585.89,VFMVF1
2015-03-18,21443.97,VFMVF1
2015-03-19,21280.940000000002,VFMVF1
2015-03-20,21410.309999999998,VFMVF1
2015-03-23,21207.3,VFMVF1
2015-03-24,21086.98,VFMVF1
2015-03-25,20996.379999999997,VFMVF1
2015-03-26,20951.41,VFMVF1
2015-03-27,20811.52,VFMVF1
2015-03-30,20615.030000000002,VFMVF1
2015-03-31,20737.23,VFMVF1
2015-04-01,20433.399999999998,VFMVF1
2015-04-02,20683.77,VFMVF1
2015-04-03,20758.41,VFMVF1
2015-04-06,20645.36,VFMVF1
2015-04-07,20847.29,VFMVF1
2015-04-08,20821.57,VFMVF1
2015-04-09,20968.73,VFMVF1
2015-04-10,21084.67,VFMVF1
2015-04-13,21066.52,VFMVF1
2015-04-14,20973.02,VFMVF1
2015-04-15,21202,VFMVF1
2015-04-16,21303.61,VFMVF1
2015-04-17,21357.399999999998,VFMVF1
2015-04-20,21260.2,VFMVF1
2015-04-21,21153.420000000002,VFMVF1
2015-04-22,21178.370000000003,VFMVF1
2015-04-23,21052.68,VFMVF1
2015-04-24,21111.760000000002,VFMVF1
2015-04-27,20989.62,VFMVF1
2015-05-04,20423.420000000002,VFMVF1
2015-05-05,20671.95,VFMVF1
2015-05-06,20520.140000000003,VFMVF1
2015-05-07,20675.010000000002,VFMVF1
2015-05-08,20757.41,VFMVF1
2015-05-11,20635.79,VFMVF1
2015-05-12,20442.329999999998,VFMVF1
2015-05-13,20388.37,VFMVF1
2015-05-14,20545.100000000002,VFMVF1
2015-05-15,20235.72,VFMVF1
2015-05-18,19846.43,VFMVF1
2015-05-19,20075.52,VFMVF1
2015-05-20,20649.65,VFMVF1
2015-05-21,20754.57,VFMVF1
2015-05-22,21328.78,VFMVF1
2015-05-25,21416.28,VFMVF1
2015-05-26,21341.12,VFMVF1
2015-05-27,21355.2,VFMVF1
2015-05-28,21522,VFMVF1
2015-05-29,21497.69,VFMVF1
2015-06-01,21500.18,VFMVF1
2015-06-02,21381.87,VFMVF1
2015-06-03,21477.789999999997,VFMVF1
2015-06-04,21575.379999999997,VFMVF1
2015-06-05,21851.46,VFMVF1
2015-06-08,21909.52,VFMVF1
2015-06-09,21831.410000000003,VFMVF1
2015-06-10,21884.609999999997,VFMVF1
2015-06-11,22053.58,VFMVF1
2015-06-12,22230.36,VFMVF1
2015-06-15,22169.23,VFMVF1
2015-06-16,21967.45,VFMVF1
2015-06-17,21861.41,VFMVF1
2015-06-18,21904.25,VFMVF1
2015-06-19,22024.11,VFMVF1
2015-06-22,22266.75,VFMVF1
2015-06-23,22273.79,VFMVF1
2015-06-24,22121.24,VFMVF1
2015-06-25,22071.79,VFMVF1
2015-06-26,21987.94,VFMVF1
2015-06-29,22299.55,VFMVF1
2015-06-30,22260.850000000002,VFMVF1
2015-07-01,22340.5,VFMVF1
2015-07-02,22728.6,VFMVF1
2015-07-03,22992.05,VFMVF1
2015-07-06,23205.11,VFMVF1
2015-07-07,23175.18,VFMVF1
2015-07-08,23016.300000000003,VFMVF1
2015-07-09,23092.07,VFMVF1
2015-07-10,23245.29,VFMVF1
2015-07-13,23436.54,VFMVF1
2015-07-14,23391.079999999998,VFMVF1
2015-07-15,23097.2,VFMVF1
2015-07-16,23097.42,VFMVF1
2015-07-17,23068.940000000002,VFMVF1
2015-07-20,22912.22,VFMVF1
2015-07-21,22863.64,VFMVF1
2015-07-22,23321.11,VFMVF1
2015-07-23,23346.129999999997,VFMVF1
2015-07-24,23511.9,VFMVF1
2015-07-27,23763.57,VFMVF1
2015-07-28,23718.399999999998,VFMVF1
2015-07-29,23582.25,VFMVF1
2015-07-30,23561.73,VFMVF1
2015-07-31,23461.760000000002,VFMVF1
2015-08-03,23136.53,VFMVF1
2015-08-04,23054.31,VFMVF1
2015-08-05,23398.28,VFMVF1
2015-08-06,23349.06,VFMVF1
2015-08-07,23479.39,VFMVF1
2015-08-10,23907.06,VFMVF1
2015-08-11,23793.199999999997,VFMVF1
2015-08-12,23537.25,VFMVF1
2015-08-13,23279.699999999997,VFMVF1
2015-08-14,23201.36,VFMVF1
2015-08-17,22748.629999999997,VFMVF1
2015-08-18,22967.52,VFMVF1
2015-08-19,23011.85,VFMVF1
2015-08-20,22710.989999999998,VFMVF1
2015-08-21,22386.27,VFMVF1
2015-08-24,21362.829999999998,VFMVF1
2015-08-25,21428.93,VFMVF1
2015-08-26,22015.7,VFMVF1
2015-08-27,22191.72,VFMVF1
2015-08-28,22513.52,VFMVF1
2015-08-31,22256.1,VFMVF1
2015-09-01,22314.46,VFMVF1
2015-09-03,22009.98,VFMVF1
2015-09-04,22045.07,VFMVF1
2015-09-07,21946.760000000002,VFMVF1
2015-09-08,22275.9,VFMVF1
2015-09-09,22496.14,VFMVF1
2015-09-10,22509.219999999998,VFMVF1
2015-09-11,22393.850000000002,VFMVF1
2015-09-14,22358.989999999998,VFMVF1
2015-09-15,22398.64,VFMVF1
2015-09-16,22347.07,VFMVF1
2015-09-17,22335.5,VFMVF1
2015-09-18,22631.699999999997,VFMVF1
2015-09-21,22894.18,VFMVF1
2015-09-22,22989.91,VFMVF1
2015-09-23,22939.09,VFMVF1
2015-09-24,22966.58,VFMVF1
2015-09-25,22982.85,VFMVF1
2015-09-28,22777.13,VFMVF1
2015-09-29,22651.93,VFMVF1
2015-09-30,22699.37,VFMVF1
2015-10-01,22761.7,VFMVF1
2015-10-02,22777.45,VFMVF1
2015-10-05,23034.079999999998,VFMVF1
2015-10-06,23386.030000000002,VFMVF1
2015-10-07,23236.280000000002,VFMVF1
2015-10-08,23451.51,VFMVF1
2015-10-09,23382.42,VFMVF1
2015-10-12,23478.539999999997,VFMVF1
2015-10-13,23454.149999999998,VFMVF1
2015-10-14,23545.89,VFMVF1
2015-10-15,23599.55,VFMVF1
2015-10-16,23653.030000000002,VFMVF1
2015-10-19,23808.09,VFMVF1
2015-10-20,23647.11,VFMVF1
2015-10-21,23593.69,VFMVF1
2015-10-22,23742.53,VFMVF1
2015-10-23,23959.980000000003,VFMVF1
2015-10-26,23881.41,VFMVF1
2015-10-27,23909.82,VFMVF1
2015-10-28,23992.3,VFMVF1
2015-10-29,24235.34,VFMVF1
2015-10-30,24241.77,VFMVF1
2015-11-02,23972.57,VFMVF1
2015-11-03,24388.17,VFMVF1
2015-11-04,24267.620000000003,VFMVF1
2015-11-05,24505.71,VFMVF1
2015-11-06,24427.3,VFMVF1
2015-11-09,24220.49,VFMVF1
2015-11-10,24092.43,VFMVF1
2015-11-11,24055.43,VFMVF1
2015-11-12,24290.43,VFMVF1
2015-11-13,24638.539999999997,VFMVF1
2015-11-16,24659.99,VFMVF1
2015-11-17,24379.12,VFMVF1
2015-11-18,24334.320000000003,VFMVF1
2015-11-19,24199.41,VFMVF1
2015-11-20,24269,VFMVF1
2015-11-23,24081.170000000002,VFMVF1
2015-11-24,23764.01,VFMVF1
2015-11-25,23903.8,VFMVF1
2015-11-26,23671.54,VFMVF1
2015-11-27,23444.079999999998,VFMVF1
2015-11-30,23237.89,VFMVF1
2015-12-01,23238.11,VFMVF1
2015-12-02,23411.65,VFMVF1
2015-12-03,23426.33,VFMVF1
2015-12-04,23289.05,VFMVF1
2015-12-07,23106.61,VFMVF1
2015-12-08,23552.74,VFMVF1
2015-12-09,23294.05,VFMVF1
2015-12-10,23138.96,VFMVF1
2015-12-11,23247.77,VFMVF1
2015-12-14,23253.19,VFMVF1
2015-12-15,23530.48,VFMVF1
2015-12-16,23685.13,VFMVF1
2015-12-17,23829.670000000002,VFMVF1
2015-12-18,23607,VFMVF1
2015-12-21,23491.16,VFMVF1
2015-12-22,23345.98,VFMVF1
2015-12-23,23256.530000000002,VFMVF1
2015-12-24,23285.86,VFMVF1
2015-12-25,23261.91,VFMVF1
2015-12-28,23340.91,VFMVF1
2015-12-29,23520.530000000002,VFMVF1
2015-12-30,23580.300000000003,VFMVF1
2015-12-31,23598.97,VFMVF1
2016-01-03,23597.97,VFMVF1
2016-01-04,23481.89,VFMVF1
2016-01-05,23323.41,VFMVF1
2016-01-06,23460.86,VFMVF1
2016-01-07,23081.1,VFMVF1
2016-01-08,22909.52,VFMVF1
2016-01-11,22766.670000000002,VFMVF1
2016-01-12,23118.649999999998,VFMVF1
2016-01-13,23049.800000000003,VFMVF1
2016-01-14,22845.35,VFMVF1
2016-01-15,22592.73,VFMVF1
2016-01-18,22131.789999999997,VFMVF1
2016-01-19,22423.079999999998,VFMVF1
2016-01-20,22274.93,VFMVF1
2016-01-21,22139.06,VFMVF1
2016-01-22,22094.14,VFMVF1
2016-01-25,22692.99,VFMVF1
2016-01-26,22336.62,VFMVF1
2016-01-27,22535.28,VFMVF1
2016-01-28,22482.829999999998,VFMVF1
2016-01-29,22613.800000000003,VFMVF1
2016-01-31,22613.399999999998,VFMVF1
2016-02-01,22515.86,VFMVF1
2016-02-02,22408.97,VFMVF1
2016-02-03,22484.84,VFMVF1
2016-02-04,22629.2,VFMVF1
2016-02-05,22726.92,VFMVF1
2016-02-14,22725.149999999998,VFMVF1
2016-02-15,22739.71,VFMVF1
2016-02-16,22996.25,VFMVF1
2016-02-17,23109.059999999998,VFMVF1
2016-02-18,23322.61,VFMVF1
2016-02-19,23340.21,VFMVF1
2016-02-21,23339.48,VFMVF1
2016-02-22,23520.55,VFMVF1
2016-02-23,23434.44,VFMVF1
2016-02-24,23548.38,VFMVF1
2016-02-25,23385.92,VFMVF1
2016-02-26,23578.82,VFMVF1
2016-02-28,23578.11,VFMVF1
2016-02-29,23480,VFMVF1
2016-03-01,23589.01,VFMVF1
2016-03-02,23788.73,VFMVF1
2016-03-03,23854.82,VFMVF1
2016-03-04,24075.19,VFMVF1
2016-03-06,24074.44,VFMVF1
2016-03-07,24059.059999999998,VFMVF1
2016-03-08,23929.8,VFMVF1
2016-03-09,23990.690000000002,VFMVF1
2016-03-10,24194.949999999997,VFMVF1
2016-03-11,24277.8,VFMVF1
2016-03-13,24276.96,VFMVF1
2016-03-14,24158.91,VFMVF1
2016-03-15,24109.95,VFMVF1
2016-03-16,24254.47,VFMVF1
2016-03-17,24348.92,VFMVF1
2016-03-18,24319.04,VFMVF1
2016-03-20,24318.18,VFMVF1
2016-03-21,24152.280000000002,VFMVF1
2016-03-22,24063.199999999997,VFMVF1
2016-03-23,24206.45,VFMVF1
2016-03-24,24162.88,VFMVF1
2016-03-25,24070.239999999998,VFMVF1
2016-03-27,24069.36,VFMVF1
2016-03-28,24205.98,VFMVF1
2016-03-29,24088.83,VFMVF1
2016-03-30,24207.899999999998,VFMVF1
2016-03-31,23849.989999999998,VFMVF1
2016-04-01,23772.84,VFMVF1
2016-04-03,23772.23,VFMVF1
2016-04-04,23759.37,VFMVF1
2016-04-05,24027.65,VFMVF1
2016-04-06,24256.75,VFMVF1
2016-04-07,24484.42,VFMVF1
2016-04-08,24559.760000000002,VFMVF1
2016-04-10,24559.059999999998,VFMVF1
2016-04-11,24739.78,VFMVF1
2016-04-12,24750.11,VFMVF1
2016-04-13,24660.350000000002,VFMVF1
2016-04-14,24688.649999999998,VFMVF1
2016-04-15,24713.36,VFMVF1
2016-04-18,24712.46,VFMVF1
2016-04-19,24345.559999999998,VFMVF1
2016-04-20,24220.32,VFMVF1
2016-04-21,24424.56,VFMVF1
2016-04-22,24775.52,VFMVF1
2016-04-24,24774.920000000002,VFMVF1
2016-04-25,24734.870000000003,VFMVF1
2016-04-26,24880.55,VFMVF1
2016-04-27,24696.280000000002,VFMVF1
2016-04-28,24701.25,VFMVF1
2016-04-29,24843.68,VFMVF1
2016-05-03,24842.57,VFMVF1
2016-05-04,24978.190000000002,VFMVF1
2016-05-05,25141.32,VFMVF1
2016-05-08,25156.649999999998,VFMVF1
2016-05-09,25104.120000000003,VFMVF1
2016-05-10,25088.640000000003,VFMVF1
2016-05-11,25353.149999999998,VFMVF1
2016-05-12,25323.76,VFMVF1
2016-05-13,25291.93,VFMVF1
2016-05-15,25291.579999999998,VFMVF1
2016-05-16,25450.17,VFMVF1
2016-05-17,25675.38,VFMVF1
2016-05-18,25571.79,VFMVF1
2016-05-19,25549.920000000002,VFMVF1
2016-05-20,25521.12,VFMVF1
2016-05-22,25520.66,VFMVF1
2016-05-23,25439.83,VFMVF1
2016-05-24,25451.19,VFMVF1
2016-05-25,25446.68,VFMVF1
2016-05-26,25224.440000000002,VFMVF1
2016-05-29,25454.53,VFMVF1
2016-05-30,25573.18,VFMVF1
2016-05-31,25648.82,VFMVF1
2016-06-01,25698.57,VFMVF1
2016-06-02,25904.06,VFMVF1
2016-06-03,25934.04,VFMVF1
2016-06-06,25738.79,VFMVF1
2016-06-07,25923.37,VFMVF1
2016-06-08,26037.34,VFMVF1
2016-06-09,26043.98,VFMVF1
2016-06-10,25990.670000000002,VFMVF1
2016-06-12,25989.74,VFMVF1
2016-06-13,25888.100000000002,VFMVF1
2016-06-14,26043.01,VFMVF1
2016-06-15,26082.75,VFMVF1
2016-06-16,26051.98,VFMVF1
2016-06-17,25909.91,VFMVF1
2016-06-19,25909.289999999997,VFMVF1
2016-06-20,26347.25,VFMVF1
2016-06-21,26510.2,VFMVF1
2016-06-22,26453.76,VFMVF1
2016-06-23,26689.710000000003,VFMVF1
2016-06-24,26447.97,VFMVF1
2016-06-27,26437.16,VFMVF1
2016-06-28,26580.13,VFMVF1
2016-06-29,26816.22,VFMVF1
2016-06-30,26949.32,VFMVF1
2016-07-03,27172.08,VFMVF1
2016-07-04,27522.420000000002,VFMVF1
2016-07-05,27517.15,VFMVF1
2016-07-06,27593,VFMVF1
2016-07-07,28118.85,VFMVF1
2016-07-10,28173.390000000003,VFMVF1
2016-07-11,27784.82,VFMVF1
2016-07-12,27943.98,VFMVF1
2016-07-13,28292.100000000002,VFMVF1
2016-07-14,28052.980000000003,VFMVF1
2016-07-15,27974.19,VFMVF1
2016-07-18,28230.38,VFMVF1
2016-07-19,28044.27,VFMVF1
2016-07-20,27902.059999999998,VFMVF1
2016-07-21,27843.399999999998,VFMVF1
2016-07-24,27543.18,VFMVF1
2016-07-25,27476.39,VFMVF1
2016-07-26,27528.199999999997,VFMVF1
2016-07-27,27747.38,VFMVF1
2016-07-28,27888.35,VFMVF1
2016-07-29,27907.699999999997,VFMVF1
2016-07-31,27907.9,VFMVF1
2016-08-01,27676.55,VFMVF1
2016-08-02,27357.769999999997,VFMVF1
2016-08-03,27308.29,VFMVF1
2016-08-04,27329.74,VFMVF1
2016-08-05,27341.51,VFMVF1
2016-08-07,27341.87,VFMVF1
2016-08-08,27413.48,VFMVF1
2016-08-09,27661.989999999998,VFMVF1
2016-08-10,27922.850000000002,VFMVF1
2016-08-11,28276.69,VFMVF1
2016-08-12,28142.82,VFMVF1
2016-08-14,28143.34,VFMVF1
2016-08-15,28272.94,VFMVF1
2016-08-16,28407.129999999997,VFMVF1
2016-08-17,28696.09,VFMVF1
2016-08-18,28832.23,VFMVF1
2016-08-19,28819.25,VFMVF1
2016-08-21,28819.26,VFMVF1
2016-08-22,28561.15,VFMVF1
2016-08-23,28778.15,VFMVF1
2016-08-24,28774.14,VFMVF1
2016-08-25,28758.52,VFMVF1
2016-08-26,28992.670000000002,VFMVF1
2016-08-28,28992.13,VFMVF1
2016-08-29,28920.899999999998,VFMVF1
2016-08-30,29106.51,VFMVF1
2016-08-31,29333.94,VFMVF1
2016-09-04,29228.79,VFMVF1
2016-09-05,29158.21,VFMVF1
2016-09-06,29100.059999999998,VFMVF1
2016-09-07,29080.469999999998,VFMVF1
2016-09-08,29247.01,VFMVF1
2016-09-09,29147.66,VFMVF1
2016-09-11,29146.629999999997,VFMVF1
2016-09-12,28809.65,VFMVF1
2016-09-13,28938.379999999997,VFMVF1
2016-09-14,28909.379999999997,VFMVF1
2016-09-15,28866.260000000002,VFMVF1
2016-09-16,28670.829999999998,VFMVF1
2016-09-18,28669.42,VFMVF1
2016-09-19,28669.98,VFMVF1
2016-09-20,28739.32,VFMVF1
2016-09-21,28854.489999999998,VFMVF1
2016-09-22,29012.27,VFMVF1
2016-09-25,29156.44,VFMVF1
2016-09-26,29250.9,VFMVF1
2016-09-27,29298.300000000003,VFMVF1
2016-09-28,29367.52,VFMVF1
2016-09-29,29392.219999999998,VFMVF1
2016-10-02,29259.38,VFMVF1
2016-10-03,29210.65,VFMVF1
2016-10-04,29106.989999999998,VFMVF1
2016-10-05,29124.49,VFMVF1
2016-10-06,29173.79,VFMVF1
2016-10-09,29005.31,VFMVF1
2016-10-10,28704.89,VFMVF1
2016-10-11,28910.21,VFMVF1
2016-10-12,28920.010000000002,VFMVF1
2016-10-13,29040.88,VFMVF1
2016-10-16,29067.039999999997,VFMVF1
2016-10-17,28806.11,VFMVF1
2016-10-18,28902.170000000002,VFMVF1
2016-10-19,29057.5,VFMVF1
2016-10-20,29079,VFMVF1
2016-10-23,29016.850000000002,VFMVF1
2016-10-24,28651.48,VFMVF1
2016-10-25,28500.350000000002,VFMVF1
2016-10-26,28479.39,VFMVF1
2016-10-27,28559.010000000002,VFMVF1
2016-10-30,28674.39,VFMVF1
2016-10-31,28525.75,VFMVF1
2016-11-01,28596.68,VFMVF1
2016-11-02,28409.079999999998,VFMVF1
2016-11-03,28378.52,VFMVF1
2016-11-06,28359.27,VFMVF1
2016-11-07,28527.62,VFMVF1
2016-11-08,28588.03,VFMVF1
2016-11-09,28420.25,VFMVF1
2016-11-10,28580.06,VFMVF1
2016-11-13,28617.25,VFMVF1
2016-11-14,28411.03,VFMVF1
2016-11-15,28352.07,VFMVF1
2016-11-16,28358.29,VFMVF1
2016-11-17,28366.39,VFMVF1
2016-11-20,28267.38,VFMVF1
2016-11-21,28309.52,VFMVF1
2016-11-22,28537.210000000003,VFMVF1
2016-11-23,28424.38,VFMVF1
2016-11-24,28344.629999999997,VFMVF1
2016-11-27,28486.31,VFMVF1
2016-11-28,28142.25,VFMVF1
2016-11-29,28196.97,VFMVF1
2016-11-30,28497.08,VFMVF1
2016-12-01,28508.92,VFMVF1
2016-12-04,28474.02,VFMVF1
2016-12-05,28189.170000000002,VFMVF1
2016-12-06,27884.579999999998,VFMVF1
2016-12-07,27792.88,VFMVF1
2016-12-08,27971.800000000003,VFMVF1
2016-12-11,28108.47,VFMVF1
2016-12-12,27870.12,VFMVF1
2016-12-13,27754.41,VFMVF1
2016-12-14,27922.350000000002,VFMVF1
2016-12-15,27799.43,VFMVF1
2016-12-18,27971.050000000003,VFMVF1
2016-12-19,27868.84,VFMVF1
2016-12-20,27710.940000000002,VFMVF1
2016-12-21,27806.35,VFMVF1
2016-12-22,27653.06,VFMVF1
2016-12-25,27677.800000000003,VFMVF1
2016-12-26,27759.5,VFMVF1
2016-12-27,27860.61,VFMVF1
2016-12-28,27959.18,VFMVF1
2016-12-29,27993.4,VFMVF1
2017-01-02,28146.87,VFMVF1
2017-01-03,28365.35,VFMVF1
2017-01-04,28440.239999999998,VFMVF1
2017-01-05,28441.33,VFMVF1
2017-01-08,28506.239999999998,VFMVF1
2017-01-09,28674.420000000002,VFMVF1
2017-01-10,28696.13,VFMVF1
2017-01-11,28879.760000000002,VFMVF1
2017-01-12,28817.91,VFMVF1
2017-01-15,28731.850000000002,VFMVF1
2017-01-16,28525.5,VFMVF1
2017-01-17,28604.33,VFMVF1
2017-01-18,28556.329999999998,VFMVF1
2017-01-19,28531.82,VFMVF1
2017-01-22,28655,VFMVF1
2017-01-23,28658.38,VFMVF1
2017-01-24,28705.190000000002,VFMVF1
2017-02-01,28903.72,VFMVF1
2017-02-02,29168.21,VFMVF1
2017-02-05,29038.170000000002,VFMVF1
2017-02-06,29058.77,VFMVF1
2017-02-07,29133.62,VFMVF1
2017-02-08,29121.57,VFMVF1
2017-02-09,29163.28,VFMVF1
2017-02-12,29197.420000000002,VFMVF1
2017-02-13,29376.6,VFMVF1
2017-02-14,29414,VFMVF1
2017-02-15,29456.579999999998,VFMVF1
2017-02-16,29468.55,VFMVF1
2017-02-19,29320.36,VFMVF1
2017-02-20,29311.85,VFMVF1
2017-02-21,29498.89,VFMVF1
2017-02-22,29449.11,VFMVF1
2017-02-23,29491.7,VFMVF1
2017-02-26,29422.8,VFMVF1
2017-02-27,29621.94,VFMVF1
2017-02-28,29437.25,VFMVF1
2017-03-01,29486.640000000003,VFMVF1
2017-03-02,29520.9,VFMVF1
2017-03-05,29586.18,VFMVF1
2017-03-06,29602.879999999997,VFMVF1
2017-03-07,29646.010000000002,VFMVF1
2017-03-08,29811.96,VFMVF1
2017-03-09,29888.43,VFMVF1
2017-03-12,29806.69,VFMVF1
2017-03-13,29732.829999999998,VFMVF1
2017-03-14,29951.03,VFMVF1
2017-03-15,29884.620000000003,VFMVF1
2017-03-16,29938.48,VFMVF1
2017-03-19,29832.83,VFMVF1
2017-03-20,30079.47,VFMVF1
2017-03-21,30280.13,VFMVF1
2017-03-22,30117.4,VFMVF1
2017-03-23,30295.62,VFMVF1
2017-03-26,30418,VFMVF1
2017-03-27,30442.63,VFMVF1
2017-03-28,30389.75,VFMVF1
2017-03-29,30380.15,VFMVF1
2017-03-30,30414.17,VFMVF1
2017-04-02,30427.99,VFMVF1
2017-04-03,30442.09,VFMVF1
2017-04-04,30480.84,VFMVF1
2017-04-06,30387.5,VFMVF1
2017-04-09,30414.87,VFMVF1
2017-04-10,30501.670000000002,VFMVF1
2017-04-11,30583.53,VFMVF1
2017-04-12,30402.56,VFMVF1
2017-04-13,30302.08,VFMVF1
2017-04-16,30025.300000000003,VFMVF1
2017-04-17,29788.530000000002,VFMVF1
2017-04-18,29878.789999999997,VFMVF1
2017-04-19,30121.76,VFMVF1
2017-04-20,30023.33,VFMVF1
2017-04-23,30060.18,VFMVF1
2017-04-24,30038.51,VFMVF1
2017-04-25,29892.52,VFMVF1
2017-04-26,30016.89,VFMVF1
2017-04-27,30198.55,VFMVF1
2017-05-02,30236.02,VFMVF1
2017-05-03,30320.350000000002,VFMVF1
2017-05-04,30555.93,VFMVF1
2017-05-07,30551.33,VFMVF1
2017-05-08,30474.87,VFMVF1
2017-05-09,30655.36,VFMVF1
2017-05-10,30603.55,VFMVF1
2017-05-11,30581.46,VFMVF1
2017-05-14,30626.83,VFMVF1
2017-05-15,30738.03,VFMVF1
2017-05-16,30567.21,VFMVF1
2017-05-17,30752.5,VFMVF1
2017-05-18,30632.03,VFMVF1
2017-05-21,30744.230000000003,VFMVF1
2017-05-22,30999.27,VFMVF1
2017-05-23,30997.06,VFMVF1
2017-05-24,31283.78,VFMVF1
2017-05-25,31193.010000000002,VFMVF1
2017-05-28,31302.29,VFMVF1
2017-05-29,31389.67,VFMVF1
2017-05-30,31155.52,VFMVF1
2017-05-31,31194.35,VFMVF1
2017-06-01,31399.760000000002,VFMVF1
2017-06-04,31387.609999999997,VFMVF1
2017-06-05,31486.39,VFMVF1
2017-06-06,31710.18,VFMVF1
2017-06-07,31822.829999999998,VFMVF1
2017-06-08,31964.510000000002,VFMVF1
2017-06-11,31932.81,VFMVF1
2017-06-12,31811.43,VFMVF1
2017-06-13,31985.96,VFMVF1
2017-06-14,32111.3,VFMVF1
2017-06-15,32130.62,VFMVF1
2017-06-18,32137.569999999996,VFMVF1
2017-06-19,32251.260000000002,VFMVF1
2017-06-20,32308.059999999998,VFMVF1
2017-06-21,32262.94,VFMVF1
2017-06-22,32361.980000000003,VFMVF1
2017-06-25,32558.230000000003,VFMVF1
2017-06-26,32577,VFMVF1
2017-06-27,32336.530000000002,VFMVF1
2017-06-28,32466.19,VFMVF1
2017-06-29,32585.91,VFMVF1
2017-07-02,32774.24,VFMVF1
2017-07-03,32756.489999999998,VFMVF1
2017-07-04,32703.159999999996,VFMVF1
2017-07-05,32741.83,VFMVF1
2017-07-06,32844.299999999996,VFMVF1
2017-07-09,32763.03,VFMVF1
2017-07-10,32440.08,VFMVF1
2017-07-11,32444.229999999996,VFMVF1
2017-07-12,32654.000000000004,VFMVF1
2017-07-13,32733.559999999998,VFMVF1
2017-07-16,32554.519999999997,VFMVF1
2017-07-17,32173.879999999997,VFMVF1
2017-07-18,32194.920000000002,VFMVF1
2017-07-19,32162.489999999998,VFMVF1
2017-07-20,32058.770000000004,VFMVF1
2017-07-23,31703.399999999998,VFMVF1
2017-07-24,31766.5,VFMVF1
2017-07-25,32058.67,VFMVF1
2017-07-26,32335.65,VFMVF1
2017-07-27,32263.52,VFMVF1
2017-07-30,32516.68,VFMVF1
2017-07-31,32521.18,VFMVF1
2017-08-01,32598.69,VFMVF1
2017-08-02,32485.399999999998,VFMVF1
2017-08-03,32608.5,VFMVF1
2017-08-06,32804.020000000004,VFMVF1
2017-08-07,32989.3,VFMVF1
2017-08-08,32766.79,VFMVF1
2017-08-09,32336.120000000003,VFMVF1
2017-08-10,32678.14,VFMVF1
2017-08-13,32706.159999999996,VFMVF1
2017-08-14,32953.51,VFMVF1
2017-08-15,32882.219999999994,VFMVF1
2017-08-16,32985.55,VFMVF1
2017-08-17,32740.250000000004,VFMVF1
2017-08-20,32672.199999999997,VFMVF1
2017-08-21,32635.14,VFMVF1
2017-08-22,32441.39,VFMVF1
2017-08-23,32474.12,VFMVF1
2017-08-24,32631.07,VFMVF1
2017-08-27,32649.78,VFMVF1
2017-08-28,32815.85,VFMVF1
2017-08-29,32790.49,VFMVF1
2017-08-30,32930.22,VFMVF1
2017-08-31,32994.92,VFMVF1
2017-09-04,33122.329999999994,VFMVF1
2017-09-05,33138.49,VFMVF1
2017-09-06,33177.12,VFMVF1
2017-09-07,33214.759999999995,VFMVF1
2017-09-10,33243.119999999995,VFMVF1
2017-09-11,33021.69,VFMVF1
2017-09-12,33192.909999999996,VFMVF1
2017-09-13,33566.32,VFMVF1
2017-09-14,33534.73,VFMVF1
2017-09-17,33564.979999999996,VFMVF1
2017-09-18,33649.009999999995,VFMVF1
2017-09-19,33683.06,VFMVF1
2017-09-20,33787.85,VFMVF1
2017-09-21,33827.54,VFMVF1
2017-09-24,34074.72,VFMVF1
2017-09-25,34129.03,VFMVF1
2017-09-26,34201.07,VFMVF1
2017-09-27,33969.64,VFMVF1
2017-09-28,34075.98,VFMVF1
2017-10-01,34215.69,VFMVF1
2017-10-02,34165.18,VFMVF1
2017-10-03,34042.299999999996,VFMVF1
2017-10-04,34507.350000000006,VFMVF1
2017-10-05,34344.5,VFMVF1
2017-10-08,34494.81,VFMVF1
2017-10-09,34662.32,VFMVF1
2017-10-10,34961.96,VFMVF1
2017-10-11,35024.02,VFMVF1
2017-10-12,35104.950000000004,VFMVF1
2017-10-15,35308.13,VFMVF1
2017-10-16,35391.42,VFMVF1
2017-10-17,35633.380000000005,VFMVF1
2017-10-18,35490.560000000005,VFMVF1
2017-10-19,35533.9,VFMVF1
2017-10-22,35175.77,VFMVF1
2017-10-23,34792.369999999995,VFMVF1
2017-10-24,34994.41,VFMVF1
2017-10-25,35248.07,VFMVF1
2017-10-26,35107.89,VFMVF1
2017-10-29,35279.82,VFMVF1
2017-10-30,35197.61,VFMVF1
2017-10-31,35069.14,VFMVF1
2017-11-01,35039.82,VFMVF1
2017-11-02,34382.72,VFMVF1
2017-11-05,34778.38,VFMVF1
2017-11-06,35137.69,VFMVF1
2017-11-07,35120.59,VFMVF1
2017-11-08,35626.1,VFMVF1
2017-11-09,35804.96,VFMVF1
2017-11-12,36198.799999999996,VFMVF1
2017-11-13,36563.920000000006,VFMVF1
2017-11-14,36851.94,VFMVF1
2017-11-15,37018.68,VFMVF1
2017-11-16,37395.53999999999,VFMVF1
2017-11-19,37262.13,VFMVF1
2017-11-20,37600.08,VFMVF1
2017-11-21,37709.899999999994,VFMVF1
2017-11-22,38151.59,VFMVF1
2017-11-23,38292.65,VFMVF1
2017-11-26,38478.369999999995,VFMVF1
2017-11-27,38372.81,VFMVF1
2017-11-28,38478.07,VFMVF1
2017-11-29,38983.74,VFMVF1
2017-11-30,39133.5,VFMVF1
2017-12-03,39387.2,VFMVF1
2017-12-04,39753.69,VFMVF1
2017-12-05,39028.64,VFMVF1
2017-12-06,38847.32000000001,VFMVF1
2017-12-07,39041.049999999996,VFMVF1
2017-12-10,38879.85,VFMVF1
2017-12-11,38301.560000000005,VFMVF1
2017-12-12,38387.2,VFMVF1
2017-12-13,38229.54,VFMVF1
2017-12-14,38766.28,VFMVF1
2017-12-17,39204.23,VFMVF1
2017-12-18,39612.9,VFMVF1
2017-12-19,39485.729999999996,VFMVF1
2017-12-20,39425.579999999994,VFMVF1
2017-12-21,39269.09,VFMVF1
2017-12-24,39684.5,VFMVF1
2017-12-25,39663.93,VFMVF1
2017-12-26,39833.3,VFMVF1
2017-12-27,39936.23,VFMVF1
2017-12-28,40334.81,VFMVF1
2018-01-01,40768.700000000004,VFMVF1
2018-01-02,41429.32,VFMVF1
2018-01-03,41533.549999999996,VFMVF1
2018-01-04,41962.73,VFMVF1
2018-01-07,42075.96,VFMVF1
2018-01-08,42495.63,VFMVF1
2018-01-09,42833.37,VFMVF1
2018-01-10,42913.7,VFMVF1
2018-01-11,42926.380000000005,VFMVF1
2018-01-14,42842.66,VFMVF1
2018-01-15,43181.96,VFMVF1
2018-01-16,43220.19,VFMVF1
2018-01-17,42408.05,VFMVF1
2018-01-18,42841.74,VFMVF1
2018-01-21,43288.049999999996,VFMVF1
2018-01-22,44123.17,VFMVF1
2018-01-23,44315.759999999995,VFMVF1
2018-01-24,44290.520000000004,VFMVF1
2018-01-25,44840.82,VFMVF1
2018-01-28,44984.03,VFMVF1
2018-01-29,44680.67,VFMVF1
2018-01-30,44947.73,VFMVF1
2018-01-31,44872.67,VFMVF1
2018-02-01,44599.11,VFMVF1
2018-02-04,44783.009999999995,VFMVF1
2018-02-05,43024.23,VFMVF1
2018-02-06,41722.22,VFMVF1
2018-02-07,42936,VFMVF1
2018-02-08,42485.689999999995,VFMVF1
2018-02-11,42207.24,VFMVF1
2018-02-12,43382.85,VFMVF1
2018-02-15,44166.36,VFMVF1
2018-02-20,44157.54,VFMVF1
2018-02-21,44881.729999999996,VFMVF1
2018-02-22,44391.29,VFMVF1
2018-02-25,45124.68,VFMVF1
2018-02-26,45146.83,VFMVF1
2018-02-27,45495.28999999999,VFMVF1
2018-02-28,45717.840000000004,VFMVF1
2018-03-01,45728.96,VFMVF1
2018-03-04,46097.62,VFMVF1
2018-03-05,45171.94,VFMVF1
2018-03-06,46186.47,VFMVF1
2018-03-07,45751,VFMVF1
2018-03-08,46231.94,VFMVF1
2018-03-11,46304.920000000006,VFMVF1
2018-03-12,46391.1,VFMVF1
2018-03-13,46556.399999999994,VFMVF1
2018-03-14,46627.920000000006,VFMVF1
2018-03-15,46527.58,VFMVF1
2018-03-18,47051.60999999999,VFMVF1
2018-03-19,47377.65,VFMVF1
2018-03-20,47600.29,VFMVF1
2018-03-21,47675.55,VFMVF1
2018-03-22,47664.94,VFMVF1
2018-03-25,47002.43,VFMVF1
2018-03-26,47619.65,VFMVF1
2018-03-27,47833.01,VFMVF1
2018-03-28,47917.009999999995,VFMVF1
2018-03-29,47868.68,VFMVF1
2018-04-01,48258.35,VFMVF1
2018-04-02,48984.85,VFMVF1
2018-04-03,48678.67,VFMVF1
2018-04-04,48825.42,VFMVF1
2018-04-05,48962.75,VFMVF1
2018-04-08,49162.07,VFMVF1
2018-04-09,49328.490000000005,VFMVF1
2018-04-10,49190.14,VFMVF1
2018-04-11,48183.100000000006,VFMVF1
2018-04-12,48446.54,VFMVF1
2018-04-15,47899.96,VFMVF1
2018-04-16,47647.52,VFMVF1
2018-04-17,47802.79,VFMVF1
2018-04-18,47332.24,VFMVF1
2018-04-19,45944.719999999994,VFMVF1
2018-04-22,46688.42,VFMVF1
2018-04-23,45119.729999999996,VFMVF1
2018-04-25,45027.49,VFMVF1
2018-04-26,43658.659999999996,VFMVF1
2018-05-01,44193.170000000006,VFMVF1
2018-05-02,43649.619999999995,VFMVF1
2018-05-03,43733.780000000006,VFMVF1
2018-05-06,43699.39,VFMVF1
2018-05-07,45062.579999999994,VFMVF1
2018-05-08,44756.15,VFMVF1
2018-05-09,44423.94,VFMVF1
2018-05-10,43449.770000000004,VFMVF1
2018-05-13,44058.49,VFMVF1
2018-05-14,44427.64,VFMVF1
2018-05-15,44507.02,VFMVF1
2018-05-16,43818.7,VFMVF1
2018-05-17,43240.46,VFMVF1
2018-05-20,43422.01,VFMVF1
2018-05-21,42912.22,VFMVF1
2018-05-22,41867.17,VFMVF1
2018-05-23,42056.03,VFMVF1
2018-05-24,41811.92,VFMVF1
2018-05-27,41043.86,VFMVF1
2018-05-28,39406.08,VFMVF1
2018-05-29,40385.73,VFMVF1
2018-05-30,40331.490000000005,VFMVF1
2018-05-31,41256.12,VFMVF1
2018-06-03,41971.9,VFMVF1
2018-06-04,42507.28,VFMVF1
2018-06-05,42695.9,VFMVF1
2018-06-06,43220.170000000006,VFMVF1
2018-06-07,43392.380000000005,VFMVF1
2018-06-10,43738.09,VFMVF1
2018-06-11,43874.51,VFMVF1
2018-06-12,43129.62,VFMVF1
2018-06-13,43296.05,VFMVF1
2018-06-14,42806.420000000006,VFMVF1
2018-06-17,42922.4,VFMVF1
2018-06-18,41573.67,VFMVF1
2018-06-19,40413.3,VFMVF1
2018-06-20,41186.79,VFMVF1
2018-06-21,40789.24,VFMVF1
2018-06-24,41448.47,VFMVF1
2018-06-25,41579.54,VFMVF1
2018-06-26,41256.74,VFMVF1
2018-06-27,40583.39,VFMVF1
2018-06-28,39819.95,VFMVF1
2018-07-01,39670.18,VFMVF1
2018-07-02,38784.509999999995,VFMVF1
2018-07-03,37339.3,VFMVF1
2018-07-04,37842.75,VFMVF1
2018-07-05,37328.07,VFMVF1
2018-07-08,38271.74,VFMVF1
2018-07-09,38038.58,VFMVF1
2018-07-10,38128.96,VFMVF1
2018-07-11,37179.020000000004,VFMVF1
2018-07-12,37370.5,VFMVF1
2018-07-15,37948.65,VFMVF1
2018-07-16,38166.39,VFMVF1
2018-07-17,38742.17,VFMVF1
2018-07-18,39365.83,VFMVF1
2018-07-19,39329.94,VFMVF1
2018-07-22,39281.47,VFMVF1
2018-07-23,38965.03,VFMVF1
2018-07-24,38651.200000000004,VFMVF1
2018-07-25,38374.83,VFMVF1
2018-07-26,38432.64,VFMVF1
2018-07-29,38841.25,VFMVF1
2018-07-30,39306.14,VFMVF1
2018-07-31,39470.73,VFMVF1
2018-08-01,39243.59,VFMVF1
2018-08-02,39320.43,VFMVF1
2018-08-05,39314.05,VFMVF1
2018-08-06,39146.13,VFMVF1
2018-08-07,39068.45,VFMVF1
2018-08-08,39393.009999999995,VFMVF1
2018-08-09,39509.86,VFMVF1
2018-08-12,39639.270000000004,VFMVF1
2018-08-13,40001.92,VFMVF1
2018-08-14,40119.96,VFMVF1
2018-08-15,39517.84,VFMVF1
2018-08-16,39633.119999999995,VFMVF1
2018-08-19,39585.51,VFMVF1
2018-08-20,39552.07,VFMVF1
2018-08-21,40027.659999999996,VFMVF1
2018-08-22,40083.41,VFMVF1
2018-08-23,40118.87,VFMVF1
2018-08-26,40166.88,VFMVF1
2018-08-27,40314.89,VFMVF1
2018-08-28,40439.42,VFMVF1
2018-08-29,40358.99,VFMVF1
2018-08-30,40678.26,VFMVF1
2018-09-03,40385.240000000005,VFMVF1
2018-09-04,39814.89,VFMVF1
2018-09-05,39511.34,VFMVF1
2018-09-06,39216.1,VFMVF1
2018-09-09,39678.26,VFMVF1
2018-09-10,39556.3,VFMVF1
2018-09-11,39970.799999999996,VFMVF1
2018-09-12,39922.3,VFMVF1
2018-09-13,40059.01,VFMVF1
2018-09-16,40214.31,VFMVF1
2018-09-17,40035.19,VFMVF1
2018-09-18,40250.28,VFMVF1
2018-09-19,40440.99,VFMVF1
2018-09-20,40832.729999999996,VFMVF1
2018-09-23,41184.54,VFMVF1
2018-09-24,41297.97,VFMVF1
2018-09-25,41224.52,VFMVF1
2018-09-26,41186.25,VFMVF1
2018-09-27,41449.71000000001,VFMVF1
2018-09-30,41558.24,VFMVF1
2018-10-01,41347.880000000005,VFMVF1
2018-10-02,41312.26,VFMVF1
2018-10-03,41490,VFMVF1
2018-10-04,41758.8,VFMVF1
2018-10-07,41329.31,VFMVF1
2018-10-08,41131.86,VFMVF1
2018-10-09,41173.340000000004,VFMVF1
2018-10-10,41171.75,VFMVF1
2018-10-11,39222.87,VFMVF1
2018-10-14,40060.369999999995,VFMVF1
2018-10-15,39387.25,VFMVF1
2018-10-16,39713.369999999995,VFMVF1
2018-10-17,39980.54,VFMVF1
2018-10-18,39687.52,VFMVF1
2018-10-21,39529.45,VFMVF1
2018-10-22,39221.159999999996,VFMVF1
2018-10-23,38441.6,VFMVF1
2018-10-24,37751,VFMVF1
2018-10-25,37252.450000000004,VFMVF1
2018-10-28,36720.74,VFMVF1
2018-10-29,36212.829999999994,VFMVF1
2018-10-30,36354.02,VFMVF1
2018-10-31,37522.71,VFMVF1
2018-11-01,37136.130000000005,VFMVF1
2018-11-04,37830.19,VFMVF1
2018-11-05,37806.15,VFMVF1
2018-11-06,37544.490000000005,VFMVF1
2018-11-07,37489.10999999999,VFMVF1
2018-11-08,37515.39,VFMVF1
2018-11-11,36849.59,VFMVF1
2018-11-12,37085.70,VFMVF1
2018-11-13,36606.54,VFMVF1
2018-11-14,36365.73,VFMVF1
2018-11-15,36197.06,VFMVF1
2018-11-18,36473.68,VFMVF1
2018-11-19,37083.18,VFMVF1
2018-11-20,37140.41,VFMVF1
2018-11-21,37260.52,VFMVF1
2018-11-22,37367.18,VFMVF1
2018-11-25,37010.14,VFMVF1
2018-11-26,37072.16,VFMVF1
2018-11-27,37007.06,VFMVF1
2018-11-28,37247.55,VFMVF1
2018-11-29,37042.88,VFMVF1
2018-12-02,37044.21,VFMVF1
2018-12-03,38093.41,VFMVF1
2018-12-04,38214.95,VFMVF1
2018-12-05,38247.12,VFMVF1
2018-12-06,38155.41,VFMVF1
2018-12-09,38335.72,VFMVF1
2018-12-10,38086.62,VFMVF1
2018-12-11,38059.27,VFMVF1
2018-12-12,38428.34,VFMVF1
2018-12-13,38390.69,VFMVF1
2018-12-16,38067.37,VFMVF1
2018-12-17,37393.63,VFMVF1
2018-12-18,37465.48,VFMVF1
2018-12-19,37293.35,VFMVF1
2018-12-20,37257.11,VFMVF1
2018-12-23,37106.32,VFMVF1
2018-12-23,37106.32,VFMVF1
2018-12-24,36932.82,VFMVF1
2018-12-24,36932.82,VFMVF1
2018-12-25,36529.98,VFMVF1
2018-12-25,36529.98,VFMVF1
2018-12-26,36423.11,VFMVF1
2018-12-26,36423.11,VFMVF1
2018-12-27,36847.31,VFMVF1
2018-12-27,36847.31,VFMVF1
2019-01-01,36842.7,VFMVF1
2019-01-01,36842.7,VFMVF1
2019-01-02,36481.409999999996,VFMVF1
2019-01-02,36481.409999999996,VFMVF1
2019-01-03,35866.3,VFMVF1
2019-01-03,35866.3,VFMVF1
2019-01-06,35960.979999999996,VFMVF1
2019-01-06,35960.979999999996,VFMVF1
2019-01-07,36233.57,VFMVF1
2019-01-07,36233.57,VFMVF1
2019-01-08,36102.060000000005,VFMVF1
2019-01-08,36102.060000000005,VFMVF1
2019-01-09,36464.590000000004,VFMVF1
2019-01-09,36464.590000000004,VFMVF1
2019-01-10,36472.72,VFMVF1
2019-01-10,36472.72,VFMVF1
2019-01-13,36473.39,VFMVF1
2019-01-13,36473.39,VFMVF1
2019-01-14,36406.02,VFMVF1
2019-01-14,36406.02,VFMVF1
2019-01-15,36682.59,VFMVF1
2019-01-15,36682.59,VFMVF1
2019-01-16,36945.079999999994,VFMVF1
2019-01-16,36945.079999999994,VFMVF1
2019-01-17,36762.22,VFMVF1
2019-01-17,36762.22,VFMVF1
2019-01-20,36721.29,VFMVF1
2019-01-20,36721.29,VFMVF1
2019-01-21,36929.5,VFMVF1
2019-01-21,36929.5,VFMVF1
2019-01-22,36731.380000000005,VFMVF1
2019-01-22,36731.380000000005,VFMVF1
2019-01-23,36720.42,VFMVF1
2019-01-23,36720.42,VFMVF1
2019-01-24,36765.84,VFMVF1
2019-01-24,36765.84,VFMVF1
2019-01-27,36766.03999999999,VFMVF1
2019-01-27,36766.03999999999,VFMVF1
2019-01-28,36830.07,VFMVF1
2019-01-28,36830.07,VFMVF1
2019-01-29,37016.91,VFMVF1
2019-01-29,37016.91,VFMVF1
2019-01-30,36958.62,VFMVF1
2019-01-30,36958.62,VFMVF1
2019-01-31,36859.69,VFMVF1
2019-01-31,36859.69,VFMVF1
2019-02-10,36855.14,VFMVF1
2019-02-10,36855.14,VFMVF1
2019-02-11,37419.66,VFMVF1
2019-02-11,37419.66,VFMVF1
2019-02-12,37600.13,VFMVF1
2019-02-13,37876.99,VFMVF1
2019-02-14,37901.020000000004,VFMVF1
2019-02-17,37933.74,VFMVF1
2019-02-18,38186.39,VFMVF1
2019-02-19,38241.36,VFMVF1
2019-02-20,38446.32,VFMVF1
2019-02-21,38827.15,VFMVF1
2019-02-24,38977.75,VFMVF1
2019-02-25,39197.409999999996,VFMVF1
2019-02-26,38930.74,VFMVF1
2019-02-27,38903.52,VFMVF1
2019-02-28,38209.93,VFMVF1
2019-03-03,38630.75,VFMVF1
2019-03-04,39135.509999999995,VFMVF1
2019-03-05,38995.91,VFMVF1
2019-03-06,39036.76,VFMVF1
2019-03-07,39020.29,VFMVF1
2019-03-10,38721.18,VFMVF1
2019-03-11,38731.58,VFMVF1
2019-03-12,39279.55,VFMVF1
2019-03-13,39492.310000000005,VFMVF1
2019-03-14,39571.3,VFMVF1
2019-03-17,39404.29,VFMVF1
2019-03-18,39610.909999999996,VFMVF1
2019-03-19,39400.66,VFMVF1
2019-03-20,39240.89,VFMVF1
2019-03-21,38692.630000000005,VFMVF1
2019-03-24,38858.74,VFMVF1
2019-03-25,38156.31,VFMVF1
2019-03-26,38207.270000000004,VFMVF1
2019-03-27,38437.67,VFMVF1
2019-03-28,38615,VFMVF1
2019-03-31,38584.84,VFMVF1
2019-04-01,38723.12,VFMVF1
2019-04-02,38651.899999999994,VFMVF1
2019-04-03,38621.049999999996,VFMVF1
2019-04-04,38739.56,VFMVF1
2019-04-07,38798.380000000005,VFMVF1
2019-04-08,39017.06,VFMVF1
2019-04-09,38798.16,VFMVF1
2019-04-10,38489.240000000005,VFMVF1
2019-04-11,38543.86,VFMVF1
2019-04-15,38531.329999999994,VFMVF1
2019-04-16,38276.8,VFMVF1
2019-04-17,38226.27,VFMVF1
2019-04-18,37976.700000000004,VFMVF1
2019-04-21,38079.030000000006,VFMVF1
2019-04-22,38026.14,VFMVF1
2019-04-23,38058.149999999994,VFMVF1
2019-04-24,38410.19,VFMVF1
2019-04-25,38347.560000000005,VFMVF1
2019-05-01,38595.99,VFMVF1
2019-05-02,38652.74,VFMVF1
2019-05-05,38590.310000000005,VFMVF1
2019-05-06,37938.89,VFMVF1
2019-05-07,38057.25,VFMVF1
2019-05-08,37798.76,VFMVF1
2019-05-09,37620.09,VFMVF1
2019-05-12,37719.17,VFMVF1
2019-05-13,37895.899999999994,VFMVF1
2019-05-14,38012.979999999996,VFMVF1
2019-05-15,38380.44,VFMVF1
2019-05-16,38276.69,VFMVF1
2019-05-19,38257.91,VFMVF1
2019-05-20,38728.32,VFMVF1
2019-05-21,38738.11,VFMVF1
2019-05-22,38713.33,VFMVF1
2019-05-23,38823.700000000004,VFMVF1
2019-05-26,38474.89,VFMVF1
2019-05-27,38468.84,VFMVF1
2019-05-28,38469.090000000004,VFMVF1
2019-05-29,38359.68,VFMVF1
2019-05-30,38290.07,VFMVF1
2019-06-02,37915.71,VFMVF1
2019-06-03,37423.270000000004,VFMVF1
2019-06-04,37584.27,VFMVF1
2019-06-05,37628.82,VFMVF1
2019-06-06,37538.9,VFMVF1
2019-06-09,37962.01,VFMVF1
2019-06-10,38040.689999999995,VFMVF1
2019-06-11,38105.08,VFMVF1
2019-06-12,37907.27,VFMVF1
2019-06-13,37702,VFMVF1
2019-06-16,37789.53,VFMVF1
2019-06-17,37518.340000000004,VFMVF1
2019-06-18,37513.38,VFMVF1
2019-06-19,37727.7,VFMVF1
2019-06-20,38147.37,VFMVF1
2019-06-23,38196.98,VFMVF1
2019-06-24,38195.74,VFMVF1
2019-06-25,38125.36,VFMVF1
2019-06-26,38087.29,VFMVF1
2019-06-27,37633.450000000004,VFMVF1
2019-06-30,38001.51,VFMVF1
2019-07-01,38422.020000000004,VFMVF1
2019-07-02,38354.509999999995,VFMVF1
2019-07-03,38246.57,VFMVF1
2019-07-04,38596.87,VFMVF1
2019-07-07,38634.9,VFMVF1
2019-07-08,38275.329999999994,VFMVF1
2019-07-09,38464.03999999999,VFMVF1
2019-07-10,38580.869999999995,VFMVF1
2019-07-11,38741.2,VFMVF1
2019-07-14,38709.55,VFMVF1
2019-07-15,38816.630000000005,VFMVF1
2019-07-16,39111.36,VFMVF1
2019-07-17,39136.8,VFMVF1
2019-07-18,39099.56,VFMVF1
2019-07-21,39433.340000000004,VFMVF1
2019-07-22,39606.969999999994,VFMVF1
2019-07-23,39890.68,VFMVF1
2019-07-24,39698.94,VFMVF1
2019-07-25,39885.03,VFMVF1
2019-07-28,39860.22,VFMVF1
2019-07-29,39905.69,VFMVF1
2019-07-30,39411.69,VFMVF1
2019-07-31,39771.450000000004,VFMVF1
2019-08-01,40065.49,VFMVF1
2019-08-04,40033.41,VFMVF1
2019-08-05,39729.93,VFMVF1
2019-08-06,39589.05,VFMVF1
2019-08-07,39785.1,VFMVF1
2019-08-08,39953.88,VFMVF1
2019-08-11,40064.82,VFMVF1
2019-08-12,40259.1,VFMVF1
2019-08-13,40123.240000000005,VFMVF1
2019-08-14,40167.520000000004,VFMVF1
2019-08-15,40509.05,VFMVF1
2019-08-18,40440.770000000004,VFMVF1
2019-08-19,40507.79,VFMVF1
2019-08-20,40811.96,VFMVF1
2019-08-21,41041.200000000004,VFMVF1
2019-08-22,40926.72,VFMVF1
2019-08-25,40818.72,VFMVF1
2019-08-26,40654.58,VFMVF1
2019-08-27,40386.119999999995,VFMVF1
2019-08-28,40277.82,VFMVF1
2019-08-29,40419.229999999996,VFMVF1
2019-09-02,40568.93,VFMVF1
2019-09-03,40332.15,VFMVF1
2019-09-04,40336.43,VFMVF1
2019-09-05,40175.310000000005,VFMVF1
2019-09-08,40122.3,VFMVF1
2019-09-09,40003.619999999995,VFMVF1
2019-09-10,39731.68,VFMVF1
2019-09-11,39870.88,VFMVF1
2019-09-12,40286.62,VFMVF1
2019-09-15,40877.4,VFMVF1
2019-09-16,41095.67,VFMVF1
2019-09-17,41309.64,VFMVF1
2019-09-18,41216.85,VFMVF1
2019-09-19,41450.22,VFMVF1
2019-09-22,41340.850000000006,VFMVF1
2019-09-23,41015.009999999995,VFMVF1
2019-09-24,40994.2,VFMVF1
2019-09-25,41171.17,VFMVF1
2019-09-26,41321.759999999995,VFMVF1
2019-09-29,41637.65,VFMVF1
2019-09-30,41447.91,VFMVF1
2019-10-01,41675.79,VFMVF1
2019-10-02,41391,VFMVF1
2019-10-03,41450.97,VFMVF1
2019-10-06,41171.16,VFMVF1
2019-10-07,40813.61,VFMVF1
2019-10-08,41106.14000000001,VFMVF1
2019-10-09,41156.04,VFMVF1
2019-10-10,41190.88,VFMVF1
2019-10-13,41260.08,VFMVF1
2019-10-14,41445.39000000001,VFMVF1
2019-10-15,41466.18,VFMVF1
2019-10-16,41520.899999999994,VFMVF1
2019-10-17,41348.350000000006,VFMVF1
2019-10-20,41346.19,VFMVF1
2019-10-21,41096.18,VFMVF1
2019-10-22,41253,VFMVF1
2019-10-23,41284.19,VFMVF1
2019-10-24,41736.73,VFMVF1
2019-10-27,41821.2,VFMVF1
2019-10-28,41822.899999999994,VFMVF1
2019-10-29,41693.83,VFMVF1
2019-10-30,41696.79,VFMVF1
2019-10-31,41652.06,VFMVF1
2019-11-03,42018.450000000004,VFMVF1
2019-11-04,42457.29,VFMVF1
2019-11-05,42482.5,VFMVF1
2019-11-06,42482.78,VFMVF1
2019-11-07,42537.25,VFMVF1
2019-11-10,42469.08,VFMVF1
2019-11-11,42280.6,VFMVF1
2019-11-12,42361.57,VFMVF1
2019-11-13,42133.43,VFMVF1
2019-11-14,41834.88,VFMVF1
2019-11-17,41836.13,VFMVF1
2019-11-18,41510.34,VFMVF1
2019-11-19,41820.02,VFMVF1
2019-11-20,41524.38,VFMVF1
2019-11-21,41048.53,VFMVF1
2019-11-24,40634.89,VFMVF1
2019-11-25,40606.14000000001,VFMVF1
2019-11-26,40756.71,VFMVF1
2019-11-27,40760.02,VFMVF1
2019-11-28,40279.89,VFMVF1
2019-12-01,40318.7,VFMVF1
2019-12-02,39782.44,VFMVF1
2019-12-03,39660.26,VFMVF1
2019-12-04,40266.689999999995,VFMVF1
2019-12-05,40057.68,VFMVF1
2019-12-08,40075.07,VFMVF1
2019-12-09,40112.659999999996,VFMVF1
2019-12-10,40006.630000000005,VFMVF1
2019-12-11,40237.39,VFMVF1
2019-12-12,40475.31,VFMVF1
2019-12-15,40489.240000000005,VFMVF1
2019-12-16,40466.69,VFMVF1
2019-12-17,40109.75,VFMVF1
2019-12-18,39930.29,VFMVF1
2019-12-19,40001.51,VFMVF1
2019-12-22,40202.71000000001,VFMVF1
2019-12-23,40383.69,VFMVF1
2019-12-24,40386.479999999996,VFMVF1
2019-12-25,40623.840000000004,VFMVF1
2019-12-26,40532.94,VFMVF1
2019-12-29,40746.54,VFMVF1
2019-12-30,40895.76,VFMVF1
2020-01-01,40749.71,VFMVF1
2020-01-02,41030.86,VFMVF1
2020-01-05,40870.28999999999,VFMVF1
2020-01-06,40467.56,VFMVF1
2020-01-07,40692.84,VFMVF1
2020-01-08,40209.64,VFMVF1
2020-01-09,40703.68,VFMVF1
2020-01-12,40982.55,VFMVF1
2020-01-13,40848.37,VFMVF1
2020-01-14,40948.61,VFMVF1
2020-01-15,40956.77,VFMVF1
2020-01-16,41298.5,VFMVF1
2020-01-19,41442.16,VFMVF1
2020-01-20,41738.340000000004,VFMVF1
2020-01-21,41888.9,VFMVF1
2020-01-29,42117.82,VFMVF1
2020-01-30,40901.7,VFMVF1
2020-02-02,39954.12,VFMVF1
2020-02-03,39676.46,VFMVF1
2020-02-04,39793.12,VFMVF1
2020-02-05,39779.92,VFMVF1
2020-02-06,40407.53,VFMVF1
2020-02-09,40307.46,VFMVF1
2020-02-10,39804.46,VFMVF1
2020-02-11,40028.66,VFMVF1
2020-02-12,40425.4,VFMVF1
2020-02-13,40426.990000000005,VFMVF1
2020-02-16,40468.01,VFMVF1
2020-02-17,40454.49,VFMVF1
2020-02-18,40607.53,VFMVF1
2020-02-19,40741.259999999995,VFMVF1
2020-02-20,40952.86,VFMVF1
2020-02-23,40661.05,VFMVF1
2020-02-24,39292.75,VFMVF1
2020-02-25,39817.189999999995,VFMVF1
2020-02-26,39511.28,VFMVF1
2020-02-27,39829.38,VFMVF1
2020-03-01,39230.4,VFMVF1
2020-03-02,39342.68,VFMVF1
2020-03-03,39618.200000000004,VFMVF1
2020-03-04,39515.79,VFMVF1
2020-03-05,39522.26,VFMVF1
2020-03-08,39333.57,VFMVF1
2020-03-09,37063.91,VFMVF1
2020-03-10,37168.840000000004,VFMVF1
2020-03-11,35956.560000000005,VFMVF1
2020-03-12,34154.75,VFMVF1
2020-03-15,33816.57,VFMVF1
2020-03-16,32986.939999999995,VFMVF1
2020-03-17,33193.31,VFMVF1
2020-03-18,33299.35,VFMVF1
2020-03-19,32555.570000000003,VFMVF1
2020-03-22,32237.229999999996,VFMVF1
2020-03-23,30578.52,VFMVF1
2020-03-24,30381.69,VFMVF1
2020-03-25,31416.3,VFMVF1
2020-03-26,31139.19,VFMVF1
2020-03-29,30824.98,VFMVF1
2020-03-30,29779.52,VFMVF1
2020-03-31,29764.94,VFMVF1
2020-04-02,30470.510000000002,VFMVF1
2020-04-05,31303.93,VFMVF1
2020-04-06,32622.839999999997,VFMVF1
2020-04-07,33052.65,VFMVF1
2020-04-08,33046.54,VFMVF1
2020-04-09,33305.29,VFMVF1
2020-04-12,33097.369999999995,VFMVF1
2020-04-13,33435.83,VFMVF1
2020-04-14,33641.759999999995,VFMVF1
2020-04-15,34103.520000000004,VFMVF1
2020-04-16,34185.6,VFMVF1
2020-04-19,34685.57,VFMVF1
2020-04-20,34927.11,VFMVF1
2020-04-21,33786.57,VFMVF1
2020-04-22,34224.95,VFMVF1
2020-04-23,34342.14,VFMVF1
2020-04-26,34429.33,VFMVF1
2020-04-27,34349,VFMVF1
2020-04-28,34241.509999999995,VFMVF1
2020-05-03,34371.78999999999,VFMVF1
2020-05-04,34029.55,VFMVF1
2020-05-05,34154.47,VFMVF1
2020-05-06,34756.97,VFMVF1
2020-05-07,35274.909999999996,VFMVF1
2020-05-10,35761.53,VFMVF1
2020-05-11,36291.34,VFMVF1
2020-05-12,36551.909999999996,VFMVF1
2020-05-13,36774.76,VFMVF1
2020-05-14,36501.17,VFMVF1
2020-05-17,36216.270000000004,VFMVF1
2020-05-18,36825.409999999996,VFMVF1
2020-05-19,37286.6,VFMVF1
2020-05-20,37428.780000000006,VFMVF1
2020-05-21,37682.07,VFMVF1
2020-05-24,37319.04,VFMVF1
2020-05-25,37770.659999999996,VFMVF1
2020-05-26,38275.799999999996,VFMVF1
2020-05-27,37552.509999999995,VFMVF1
2020-05-28,37754.579999999994,VFMVF1
2020-05-31,37922.07,VFMVF1
2020-06-01,38680.07,VFMVF1
2020-06-02,38329.14,VFMVF1
2020-06-03,38782.59,VFMVF1
2020-06-04,38826.46,VFMVF1
2020-06-07,39019.579999999994,VFMVF1
2020-06-08,39638.399999999994,VFMVF1
2020-06-09,39424.39,VFMVF1
2020-06-10,39519.350000000006,VFMVF1
2020-06-11,37920.83,VFMVF1
2020-06-14,38023.049999999996,VFMVF1
2020-06-15,36687.44,VFMVF1
2020-06-16,37566,VFMVF1
2020-06-17,37501.8,VFMVF1
2020-06-18,37643.46,VFMVF1
2020-06-21,38097.85,VFMVF1
2020-06-22,38210.69,VFMVF1
2020-06-23,38084.7,VFMVF1
2020-06-24,37750.18,VFMVF1
2020-06-25,37565.21,VFMVF1
2020-06-28,37512.880000000005,VFMVF1
2020-06-29,36617.64,VFMVF1
2020-06-30,36401.899999999994,VFMVF1
2020-07-01,37145.43,VFMVF1
2020-07-02,37167.51,VFMVF1
2020-07-05,37183.05,VFMVF1
2020-07-06,37631.18,VFMVF1
2020-07-07,37803.79,VFMVF1
2020-07-08,37866.39,VFMVF1
2020-07-09,38353.77,VFMVF1
2020-07-12,38089.46,VFMVF1
2020-07-13,38046.41,VFMVF1
2020-07-14,38115.31,VFMVF1
2020-07-15,38286.14000000001,VFMVF1
2020-07-16,38462.82,VFMVF1
2020-07-19,38424.85,VFMVF1
2020-07-20,38120.649999999994,VFMVF1
2020-07-21,38229.39,VFMVF1
2020-07-22,37972.200000000004,VFMVF1
2020-07-23,38101.979999999996,VFMVF1
2020-07-26,36892.89,VFMVF1
2020-07-27,35084.76,VFMVF1
2020-07-28,36363.439999999995,VFMVF1
2020-07-29,35569.99,VFMVF1
2020-07-30,35961.48,VFMVF1
2020-08-02,35642.94,VFMVF1
2020-08-03,36515.14,VFMVF1
2020-08-04,37037.24,VFMVF1
2020-08-05,37614.27,VFMVF1
2020-08-06,37639.24,VFMVF1
2020-08-09,37721.81,VFMVF1
2020-08-10,37821.159999999996,VFMVF1
2020-08-11,37886.21,VFMVF1
2020-08-12,38017.63,VFMVF1
2020-08-13,38434.95,VFMVF1
2020-08-16,38308.54,VFMVF1
2020-08-17,38332.42,VFMVF1
2020-08-18,38180.23,VFMVF1
2020-08-19,38420.05,VFMVF1
2020-08-20,38401.63,VFMVF1
2020-08-23,38756.29,VFMVF1
2020-08-24,39249.47,VFMVF1
2020-08-25,39472.13,VFMVF1
2020-08-26,39384.93,VFMVF1
2020-08-27,39602.780000000006,VFMVF1
2020-08-30,39806.96,VFMVF1
2020-08-31,39654.14,VFMVF1
2020-09-02,39949.55,VFMVF1
2020-09-03,40289.87,VFMVF1
2020-09-06,40220.79,VFMVF1
2020-09-07,39533.22,VFMVF1
2020-09-08,39764.91,VFMVF1
2020-09-09,39799.329999999994,VFMVF1
2020-09-10,39847.54,VFMVF1
2020-09-13,39824.509999999995,VFMVF1
2020-09-14,40001.34,VFMVF1
2020-09-15,40096.45,VFMVF1
2020-09-16,40183.05,VFMVF1
2020-09-17,40103.78999999999,VFMVF1
2020-09-20,40440.71000000001,VFMVF1
2020-09-21,40658.04,VFMVF1
2020-09-22,40682.15,VFMVF1
2020-09-23,41033.729999999996,VFMVF1
2020-09-24,40867.79,VFMVF1
2020-09-27,40836.14,VFMVF1
2020-09-28,41111.159999999996,VFMVF1
2020-09-29,40794.46,VFMVF1
2020-09-30,40900.530000000006,VFMVF1
2020-10-01,41243.6,VFMVF1
2020-10-04,41019.09,VFMVF1
2020-10-05,41353.83,VFMVF1
2020-10-06,41567.979999999996,VFMVF1
2020-10-07,41559.060000000005,VFMVF1
2020-10-08,41566.049999999996,VFMVF1
2020-10-11,41602.9,VFMVF1
2020-10-12,41527.41,VFMVF1
2020-10-13,41561,VFMVF1
2020-10-14,42026.92,VFMVF1
2020-10-15,42133.78,VFMVF1
2020-10-18,42390.95,VFMVF1
2020-10-19,42431.03,VFMVF1
2020-10-20,42602.840000000004,VFMVF1
2020-10-21,42370.28,VFMVF1
2020-10-22,42825.51,VFMVF1
2020-10-25,43260.57,VFMVF1
2020-10-26,42892.6,VFMVF1
2020-10-27,42717.71,VFMVF1
2020-10-28,41632.81,VFMVF1
2020-10-29,41509.84,VFMVF1
2020-11-01,41763.13,VFMVF1
2020-11-02,42207.23,VFMVF1
2020-11-03,42422.26,VFMVF1
2020-11-04,42806.45,VFMVF1
2020-11-05,42557.89,VFMVF1
2020-11-08,42614.43,VFMVF1
2020-11-09,43284.23,VFMVF1
2020-11-10,43255.07000000001,VFMVF1
2020-11-11,43374.630000000005,VFMVF1
2020-11-12,43815.31,VFMVF1
2020-11-15,44272.54,VFMVF1
2020-11-16,43979.4,VFMVF1
2020-11-17,44802.48,VFMVF1
2020-11-18,45102.37,VFMVF1
2020-11-19,45670.87,VFMVF1
2020-11-22,46021.75,VFMVF1
2020-11-23,46424.68,VFMVF1
2020-11-24,46303.44,VFMVF1
2020-11-25,46218.1,VFMVF1
2020-11-26,46286.340000000004,VFMVF1
2020-11-29,46707.04,VFMVF1
2020-11-30,46539.94,VFMVF1
2020-12-01,46753.86,VFMVF1
2020-12-02,47080.63,VFMVF1
2020-12-03,47636.920000000006,VFMVF1
2020-12-06,47672.46,VFMVF1
2020-12-07,47883.07,VFMVF1
2020-12-08,47889.22,VFMVF1
2020-12-09,48279.98,VFMVF1
2020-12-10,47645.08,VFMVF1
2020-12-13,48204.46,VFMVF1
2020-12-14,48906.840000000004,VFMVF1
2020-12-15,48833.41,VFMVF1
2020-12-16,49674.01,VFMVF1
2020-12-17,49205.44,VFMVF1
2020-12-20,49908.909999999996,VFMVF1
2020-12-21,50247.84,VFMVF1
2020-12-22,50641.88,VFMVF1
2020-12-23,50200.57,VFMVF1
2020-12-24,49569.28,VFMVF1
2020-12-27,50394.82,VFMVF1
2020-12-28,50480.11,VFMVF1
2020-12-29,50636.229999999996,VFMVF1
2020-12-30,50539.17,VFMVF1
2021-01-03,51025.799999999996,VFMVF1
2021-01-04,51858.310000000005,VFMVF1
2021-01-05,52429.64,VFMVF1
2021-01-06,52856.94,VFMVF1
2021-01-07,53401.91,VFMVF1
2021-01-10,53892.11,VFMVF1
2021-01-11,54590.58,VFMVF1
2021-01-12,54973.39,VFMVF1
2021-01-13,54736.45,VFMVF1
2021-01-14,54854.06,VFMVF1
2021-01-17,55310.58,VFMVF1
2021-01-18,55045.93,VFMVF1
2021-01-19,52399.14,VFMVF1
2021-01-20,52675.759999999995,VFMVF1
2021-01-21,54390.630000000005,VFMVF1
2021-01-24,54733.58,VFMVF1
2021-01-25,54968.63,VFMVF1
2021-01-26,53980.240000000005,VFMVF1
2021-01-27,52161.270000000004,VFMVF1
2021-01-28,48674.83,VFMVF1
2021-01-31,50529.58,VFMVF1
2021-02-01,49302.93,VFMVF1
2021-02-02,50877.899999999994,VFMVF1
2021-02-03,52399.17,VFMVF1
2021-02-04,52686.57,VFMVF1
2021-02-07,53357.25,VFMVF1
2021-02-08,51781.63,VFMVF1
2021-02-16,52904.89,VFMVF1
2021-02-17,54811.590000000004,VFMVF1
2021-02-18,55441.560000000005,VFMVF1
2021-02-21,55213.990000000005,VFMVF1
2021-02-22,55154.69,VFMVF1
2021-02-23,55174.06,VFMVF1