date,symbol,price
2014-10-06,E1VFVN30,10.4
2014-10-07,E1VFVN30,10.3
2014-10-08,E1VFVN30,10.3
2014-10-09,E1VFVN30,10.2
2014-10-10,E1VFVN30,9.9
2014-10-13,E1VFVN30,9.9
2014-10-14,E1VFVN30,9.9
2014-10-15,E1VFVN30,9.9
2014-10-16,E1VFVN30,9.6
2014-10-17,E1VFVN30,9.7
2014-10-20,E1VFVN30,9.8
2014-10-21,E1VFVN30,9.9
2014-10-22,E1VFVN30,9.8
2014-10-23,E1VFVN30,9.8
2014-10-24,E1VFVN30,9.7
2014-10-27,E1VFVN30,9.6
2014-10-28,E1VFVN30,9.5
2014-10-29,E1VFVN30,9.8
2014-10-30,E1VFVN30,9.7
2014-10-31,E1VFVN30,9.9
2014-11-03,E1VFVN30,10.1
2014-11-04,E1VFVN30,10.1
2014-11-05,E1VFVN30,10
2014-11-06,E1VFVN30,10
2014-11-07,E1VFVN30,9.8
2014-11-10,E1VFVN30,9.9
2014-11-11,E1VFVN30,10
2014-11-12,E1VFVN30,9.9
2014-11-13,E1VFVN30,10
2014-11-14,E1VFVN30,9.9
2014-11-17,E1VFVN30,9.9
2014-11-18,E1VFVN30,9.9
2014-11-19,E1VFVN30,9.8
2014-11-20,E1VFVN30,9.9
2014-11-21,E1VFVN30,9.6
2014-11-24,E1VFVN30,9.5
2014-11-25,E1VFVN30,9.7
2014-11-26,E1VFVN30,9.5
2014-11-27,E1VFVN30,9.5
2014-11-28,E1VFVN30,9.5
2014-12-01,E1VFVN30,9.7
2014-12-02,E1VFVN30,9.5
2014-12-03,E1VFVN30,9.6
2014-12-04,E1VFVN30,9.7
2014-12-05,E1VFVN30,9.7
2014-12-08,E1VFVN30,9.6
2014-12-09,E1VFVN30,9.4
2014-12-10,E1VFVN30,9.5
2014-12-11,E1VFVN30,9.5
2014-12-12,E1VFVN30,9.5
2014-12-15,E1VFVN30,9.5
2014-12-16,E1VFVN30,9.3
2014-12-17,E1VFVN30,8.9
2014-12-18,E1VFVN30,9
2014-12-19,E1VFVN30,9
2014-12-22,E1VFVN30,9.2
2014-12-23,E1VFVN30,9.1
2014-12-24,E1VFVN30,9.1
2014-12-25,E1VFVN30,9.1
2014-12-26,E1VFVN30,9.2
2014-12-29,E1VFVN30,9.2
2014-12-30,E1VFVN30,9.3
2014-12-31,E1VFVN30,9.4
2015-01-05,E1VFVN30,9.4
2015-01-06,E1VFVN30,9.4
2015-01-07,E1VFVN30,9.4
2015-01-08,E1VFVN30,9.3
2015-01-09,E1VFVN30,9.5
2015-01-12,E1VFVN30,9.6
2015-01-13,E1VFVN30,9.6
2015-01-14,E1VFVN30,9.6
2015-01-15,E1VFVN30,9.5
2015-01-16,E1VFVN30,9.5
2015-01-19,E1VFVN30,9.5
2015-01-20,E1VFVN30,9.4
2015-01-21,E1VFVN30,9.4
2015-01-22,E1VFVN30,9.4
2015-01-23,E1VFVN30,9.5
2015-01-26,E1VFVN30,9.5
2015-01-27,E1VFVN30,9.5
2015-01-28,E1VFVN30,9.5
2015-01-29,E1VFVN30,9.5
2015-01-30,E1VFVN30,9.5
2015-02-02,E1VFVN30,9.3
2015-02-03,E1VFVN30,9.3
2015-02-04,E1VFVN30,9.3
2015-02-05,E1VFVN30,9.2
2015-02-06,E1VFVN30,9.2
2015-02-09,E1VFVN30,9.3
2015-02-10,E1VFVN30,9.2
2015-02-11,E1VFVN30,9.3
2015-02-12,E1VFVN30,9.4
2015-02-13,E1VFVN30,9.5
2015-02-24,E1VFVN30,9.5
2015-02-25,E1VFVN30,9.6
2015-02-26,E1VFVN30,9.5
2015-02-27,E1VFVN30,9.5
2015-03-02,E1VFVN30,9.5
2015-03-03,E1VFVN30,9.6
2015-03-04,E1VFVN30,9.6
2015-03-05,E1VFVN30,9.6
2015-03-06,E1VFVN30,9.7
2015-03-09,E1VFVN30,9.6
2015-03-10,E1VFVN30,9.6
2015-03-11,E1VFVN30,9.5
2015-03-12,E1VFVN30,9.5
2015-03-13,E1VFVN30,9.5
2015-03-16,E1VFVN30,9.4
2015-03-17,E1VFVN30,9.4
2015-03-18,E1VFVN30,9.4
2015-03-19,E1VFVN30,9.3
2015-03-20,E1VFVN30,9.3
2015-03-23,E1VFVN30,9.4
2015-03-24,E1VFVN30,9.3
2015-03-25,E1VFVN30,9.2
2015-03-26,E1VFVN30,9.2
2015-03-27,E1VFVN30,9.3
2015-03-30,E1VFVN30,9
2015-03-31,E1VFVN30,9.2
2015-04-01,E1VFVN30,8.9
2015-04-02,E1VFVN30,9
2015-04-03,E1VFVN30,9
2015-04-06,E1VFVN30,8.9
2015-04-07,E1VFVN30,9
2015-04-08,E1VFVN30,8.9
2015-04-09,E1VFVN30,9
2015-04-10,E1VFVN30,9.1
2015-04-13,E1VFVN30,9
2015-04-14,E1VFVN30,9
2015-04-15,E1VFVN30,9.1
2015-04-16,E1VFVN30,9.2
2015-04-17,E1VFVN30,9.3
2015-04-20,E1VFVN30,9.2
2015-04-21,E1VFVN30,9.1
2015-04-22,E1VFVN30,9.1
2015-04-23,E1VFVN30,9.1
2015-04-24,E1VFVN30,9.1
2015-04-27,E1VFVN30,9.1
2015-05-04,E1VFVN30,9
2015-05-05,E1VFVN30,8.9
2015-05-06,E1VFVN30,8.9
2015-05-07,E1VFVN30,9
2015-05-08,E1VFVN30,8.9
2015-05-11,E1VFVN30,9
2015-05-12,E1VFVN30,8.8
2015-05-13,E1VFVN30,8.8
2015-05-14,E1VFVN30,8.9
2015-05-15,E1VFVN30,8.7
2015-05-18,E1VFVN30,8.7
2015-05-19,E1VFVN30,8.7
2015-05-20,E1VFVN30,8.8
2015-05-21,E1VFVN30,8.8
2015-05-22,E1VFVN30,9.1
2015-05-25,E1VFVN30,9
2015-05-26,E1VFVN30,9.1
2015-05-27,E1VFVN30,9.1
2015-05-28,E1VFVN30,9.1
2015-05-29,E1VFVN30,9.1
2015-06-01,E1VFVN30,9.1
2015-06-02,E1VFVN30,9.1
2015-06-03,E1VFVN30,9
2015-06-04,E1VFVN30,9
2015-06-05,E1VFVN30,9.1
2015-06-08,E1VFVN30,9.1
2015-06-09,E1VFVN30,9.1
2015-06-10,E1VFVN30,9
2015-06-11,E1VFVN30,9.2
2015-06-12,E1VFVN30,9.2
2015-06-15,E1VFVN30,9.3
2015-06-16,E1VFVN30,9.3
2015-06-17,E1VFVN30,9.2
2015-06-18,E1VFVN30,9.2
2015-06-19,E1VFVN30,9.3
2015-06-22,E1VFVN30,9.4
2015-06-23,E1VFVN30,9.4
2015-06-24,E1VFVN30,9.4
2015-06-25,E1VFVN30,9.4
2015-06-26,E1VFVN30,9.5
2015-06-29,E1VFVN30,9.6
2015-06-30,E1VFVN30,9.7
2015-07-01,E1VFVN30,9.6
2015-07-02,E1VFVN30,9.7
2015-07-03,E1VFVN30,9.8
2015-07-06,E1VFVN30,10.1
2015-07-07,E1VFVN30,10
2015-07-08,E1VFVN30,10
2015-07-09,E1VFVN30,10
2015-07-10,E1VFVN30,10.1
2015-07-13,E1VFVN30,10
2015-07-14,E1VFVN30,10.1
2015-07-15,E1VFVN30,10.1
2015-07-16,E1VFVN30,10.1
2015-07-17,E1VFVN30,10.1
2015-07-20,E1VFVN30,10
2015-07-21,E1VFVN30,10
2015-07-22,E1VFVN30,10.1
2015-07-23,E1VFVN30,10.1
2015-07-24,E1VFVN30,10.1
2015-07-27,E1VFVN30,10.2
2015-07-28,E1VFVN30,10.3
2015-07-29,E1VFVN30,10.3
2015-07-30,E1VFVN30,10.3
2015-07-31,E1VFVN30,10.3
2015-08-03,E1VFVN30,10.1
2015-08-04,E1VFVN30,10
2015-08-05,E1VFVN30,10
2015-08-06,E1VFVN30,10
2015-08-07,E1VFVN30,10
2015-08-10,E1VFVN30,10.2
2015-08-11,E1VFVN30,10.1
2015-08-12,E1VFVN30,10.1
2015-08-13,E1VFVN30,9.9
2015-08-14,E1VFVN30,9.9
2015-08-17,E1VFVN30,9.7
2015-08-18,E1VFVN30,9.6
2015-08-19,E1VFVN30,9.5
2015-08-20,E1VFVN30,9.5
2015-08-21,E1VFVN30,9.3
2015-08-24,E1VFVN30,8.9
2015-08-25,E1VFVN30,8.9
2015-08-26,E1VFVN30,9.1
2015-08-27,E1VFVN30,9.3
2015-08-28,E1VFVN30,9.9
2015-08-31,E1VFVN30,9.4
2015-09-01,E1VFVN30,9.3
2015-09-03,E1VFVN30,9.1
2015-09-04,E1VFVN30,9.1
2015-09-07,E1VFVN30,9.1
2015-09-08,E1VFVN30,9.3
2015-09-09,E1VFVN30,9.3
2015-09-10,E1VFVN30,9.3
2015-09-11,E1VFVN30,9.2
2015-09-14,E1VFVN30,9.3
2015-09-15,E1VFVN30,9.1
2015-09-16,E1VFVN30,9.1
2015-09-17,E1VFVN30,9.2
2015-09-18,E1VFVN30,9.3
2015-09-21,E1VFVN30,9.4
2015-09-22,E1VFVN30,9.4
2015-09-23,E1VFVN30,9.4
2015-09-24,E1VFVN30,9.3
2015-09-25,E1VFVN30,9.3
2015-09-28,E1VFVN30,9.3
2015-09-29,E1VFVN30,9.2
2015-09-30,E1VFVN30,9.5
2015-10-01,E1VFVN30,9.3
2015-10-02,E1VFVN30,9.3
2015-10-05,E1VFVN30,9.3
2015-10-06,E1VFVN30,9.4
2015-10-07,E1VFVN30,9.4
2015-10-08,E1VFVN30,9.6
2015-10-09,E1VFVN30,9.6
2015-10-12,E1VFVN30,9.7
2015-10-13,E1VFVN30,9.6
2015-10-14,E1VFVN30,9.5
2015-10-15,E1VFVN30,9.5
2015-10-16,E1VFVN30,9.6
2015-10-19,E1VFVN30,9.7
2015-10-20,E1VFVN30,9.6
2015-10-21,E1VFVN30,9.7
2015-10-22,E1VFVN30,9.7
2015-10-23,E1VFVN30,9.8
2015-10-26,E1VFVN30,9.8
2015-10-27,E1VFVN30,9.7
2015-10-28,E1VFVN30,9.7
2015-10-29,E1VFVN30,9.8
2015-10-30,E1VFVN30,9.8
2015-11-02,E1VFVN30,9.7
2015-11-03,E1VFVN30,9.9
2015-11-04,E1VFVN30,9.9
2015-11-05,E1VFVN30,9.9
2015-11-06,E1VFVN30,9.9
2015-11-09,E1VFVN30,9.9
2015-11-10,E1VFVN30,9.9
2015-11-11,E1VFVN30,9.8
2015-11-12,E1VFVN30,9.7
2015-11-13,E1VFVN30,9.8
2015-11-16,E1VFVN30,9.9
2015-11-17,E1VFVN30,9.8
2015-11-18,E1VFVN30,9.8
2015-11-19,E1VFVN30,9.7
2015-11-20,E1VFVN30,9.7
2015-11-23,E1VFVN30,9.7
2015-11-24,E1VFVN30,9.5
2015-11-25,E1VFVN30,9.7
2015-11-26,E1VFVN30,9.7
2015-11-27,E1VFVN30,9.4
2015-11-30,E1VFVN30,9.4
2015-12-01,E1VFVN30,9.4
2015-12-02,E1VFVN30,9.3
2015-12-03,E1VFVN30,9.4
2015-12-04,E1VFVN30,9.3
2015-12-07,E1VFVN30,9.3
2015-12-08,E1VFVN30,9.3
2015-12-09,E1VFVN30,9.3
2015-12-10,E1VFVN30,9.3
2015-12-11,E1VFVN30,9.2
2015-12-14,E1VFVN30,9.2
2015-12-15,E1VFVN30,9.4
2015-12-16,E1VFVN30,9.4
2015-12-17,E1VFVN30,9.4
2015-12-18,E1VFVN30,9.4
2015-12-21,E1VFVN30,9.3
2015-12-22,E1VFVN30,9.3
2015-12-23,E1VFVN30,9.2
2015-12-24,E1VFVN30,9.2
2015-12-25,E1VFVN30,9.3
2015-12-28,E1VFVN30,9.3
2015-12-29,E1VFVN30,9.5
2015-12-30,E1VFVN30,9.6
2015-12-31,E1VFVN30,9.6
2016-01-04,E1VFVN30,9.4
2016-01-05,E1VFVN30,9.4
2016-01-06,E1VFVN30,9.3
2016-01-07,E1VFVN30,9.3
2016-01-08,E1VFVN30,9.1
2016-01-11,E1VFVN30,9.2
2016-01-12,E1VFVN30,9.2
2016-01-13,E1VFVN30,9.2
2016-01-14,E1VFVN30,9.1
2016-01-15,E1VFVN30,9
2016-01-18,E1VFVN30,8.7
2016-01-19,E1VFVN30,8.7
2016-01-20,E1VFVN30,8.8
2016-01-21,E1VFVN30,8.7
2016-01-22,E1VFVN30,8.7
2016-01-25,E1VFVN30,8.9
2016-01-26,E1VFVN30,8.8
2016-01-27,E1VFVN30,9
2016-01-28,E1VFVN30,9
2016-01-29,E1VFVN30,8.9
2016-02-01,E1VFVN30,9
2016-02-02,E1VFVN30,9
2016-02-03,E1VFVN30,8.8
2016-02-04,E1VFVN30,8.9
2016-02-05,E1VFVN30,9
2016-02-15,E1VFVN30,8.9
2016-02-16,E1VFVN30,9
2016-02-17,E1VFVN30,9
2016-02-18,E1VFVN30,9
2016-02-19,E1VFVN30,9
2016-02-22,E1VFVN30,9.1
2016-02-23,E1VFVN30,9.1
2016-02-24,E1VFVN30,9.2
2016-02-25,E1VFVN30,9.2
2016-02-26,E1VFVN30,9.2
2016-02-29,E1VFVN30,9.2
2016-03-01,E1VFVN30,9.2
2016-03-02,E1VFVN30,9.2
2016-03-03,E1VFVN30,9.3
2016-03-04,E1VFVN30,9.2
2016-03-07,E1VFVN30,9.2
2016-03-08,E1VFVN30,9.2
2016-03-09,E1VFVN30,9.2
2016-03-10,E1VFVN30,9.2
2016-03-11,E1VFVN30,9.3
2016-03-14,E1VFVN30,9.4
2016-03-15,E1VFVN30,9.2
2016-03-16,E1VFVN30,9.3
2016-03-17,E1VFVN30,9.3
2016-03-18,E1VFVN30,9.3
2016-03-21,E1VFVN30,9.3
2016-03-22,E1VFVN30,9.3
2016-03-23,E1VFVN30,9.3
2016-03-24,E1VFVN30,9.2
2016-03-25,E1VFVN30,9.2
2016-03-28,E1VFVN30,9.2
2016-03-29,E1VFVN30,9.1
2016-03-30,E1VFVN30,9.2
2016-03-31,E1VFVN30,9.1
2016-04-01,E1VFVN30,9.1
2016-04-04,E1VFVN30,9.1
2016-04-05,E1VFVN30,9
2016-04-06,E1VFVN30,9.2
2016-04-07,E1VFVN30,9.2
2016-04-08,E1VFVN30,9.3
2016-04-11,E1VFVN30,9.3
2016-04-12,E1VFVN30,9.3
2016-04-13,E1VFVN30,9.3
2016-04-14,E1VFVN30,9.4
2016-04-15,E1VFVN30,9.4
2016-04-19,E1VFVN30,9.2
2016-04-20,E1VFVN30,9.2
2016-04-21,E1VFVN30,9.3
2016-04-22,E1VFVN30,9.4
2016-04-25,E1VFVN30,9.5
2016-04-26,E1VFVN30,9.5
2016-04-27,E1VFVN30,9.5
2016-04-28,E1VFVN30,9.4
2016-04-29,E1VFVN30,9.5
2016-05-04,E1VFVN30,9.5
2016-05-05,E1VFVN30,9.6
2016-05-06,E1VFVN30,9.6
2016-05-09,E1VFVN30,9.6
2016-05-10,E1VFVN30,9.5
2016-05-11,E1VFVN30,9.6
2016-05-12,E1VFVN30,9.7
2016-05-13,E1VFVN30,9.7
2016-05-16,E1VFVN30,9.7
2016-05-17,E1VFVN30,9.8
2016-05-18,E1VFVN30,9.9
2016-05-19,E1VFVN30,9.9
2016-05-20,E1VFVN30,9.9
2016-05-23,E1VFVN30,9.8
2016-05-24,E1VFVN30,9.7
2016-05-25,E1VFVN30,9.9
2016-05-26,E1VFVN30,9.7
2016-05-27,E1VFVN30,9.7
2016-05-30,E1VFVN30,9.8
2016-05-31,E1VFVN30,9.8
2016-06-01,E1VFVN30,9.8
2016-06-02,E1VFVN30,9.8
2016-06-03,E1VFVN30,9.9
2016-06-06,E1VFVN30,9.9
2016-06-07,E1VFVN30,9.9
2016-06-08,E1VFVN30,10
2016-06-09,E1VFVN30,10.1
2016-06-10,E1VFVN30,10.1
2016-06-13,E1VFVN30,10
2016-06-14,E1VFVN30,9.9
2016-06-15,E1VFVN30,9.9
2016-06-16,E1VFVN30,9.9
2016-06-17,E1VFVN30,9.8
2016-06-20,E1VFVN30,9.9
2016-06-21,E1VFVN30,9.9
2016-06-22,E1VFVN30,9.9
2016-06-23,E1VFVN30,9.9
2016-06-24,E1VFVN30,9.7
2016-06-27,E1VFVN30,9.7
2016-06-28,E1VFVN30,9.7
2016-06-29,E1VFVN30,9.8
2016-06-30,E1VFVN30,9.9
2016-07-01,E1VFVN30,10.1
2016-07-04,E1VFVN30,10
2016-07-05,E1VFVN30,10.1
2016-07-06,E1VFVN30,10.1
2016-07-07,E1VFVN30,10.2
2016-07-08,E1VFVN30,10.2
2016-07-11,E1VFVN30,10.2
2016-07-12,E1VFVN30,10.2
2016-07-13,E1VFVN30,10.4
2016-07-14,E1VFVN30,10.3
2016-07-15,E1VFVN30,10.5
2016-07-18,E1VFVN30,10.4
2016-07-19,E1VFVN30,10.5
2016-07-20,E1VFVN30,10.5
2016-07-21,E1VFVN30,10.4
2016-07-22,E1VFVN30,10.2
2016-07-25,E1VFVN30,10.2
2016-07-26,E1VFVN30,10.2
2016-07-27,E1VFVN30,10.2
2016-07-28,E1VFVN30,10.3
2016-07-29,E1VFVN30,10.3
2016-08-01,E1VFVN30,10.2
2016-08-02,E1VFVN30,10.1
2016-08-03,E1VFVN30,10
2016-08-04,E1VFVN30,10
2016-08-05,E1VFVN30,9.8
2016-08-08,E1VFVN30,9.8
2016-08-09,E1VFVN30,9.9
2016-08-10,E1VFVN30,10
2016-08-11,E1VFVN30,10.1
2016-08-12,E1VFVN30,10.3
2016-08-15,E1VFVN30,10.2
2016-08-16,E1VFVN30,10.3
2016-08-17,E1VFVN30,10.4
2016-08-18,E1VFVN30,10.4
2016-08-19,E1VFVN30,10.4
2016-08-22,E1VFVN30,10.4
2016-08-23,E1VFVN30,10.4
2016-08-24,E1VFVN30,10.4
2016-08-25,E1VFVN30,10.4
2016-08-26,E1VFVN30,10.5
2016-08-29,E1VFVN30,10.6
2016-08-30,E1VFVN30,10.6
2016-08-31,E1VFVN30,10.6
2016-09-01,E1VFVN30,10.6
2016-09-05,E1VFVN30,10.6
2016-09-06,E1VFVN30,10.6
2016-09-07,E1VFVN30,10.5
2016-09-08,E1VFVN30,10.6
2016-09-09,E1VFVN30,10.6
2016-09-12,E1VFVN30,10.5
2016-09-13,E1VFVN30,10.5
2016-09-14,E1VFVN30,10.58
2016-09-15,E1VFVN30,10.46
2016-09-16,E1VFVN30,10.46
2016-09-19,E1VFVN30,10.4
2016-09-20,E1VFVN30,10.4
2016-09-21,E1VFVN30,10.6
2016-09-22,E1VFVN30,10.75
2016-09-23,E1VFVN30,10.75
2016-09-26,E1VFVN30,10.79
2016-09-27,E1VFVN30,10.72
2016-09-28,E1VFVN30,10.88
2016-09-29,E1VFVN30,10.84
2016-09-30,E1VFVN30,10.86
2016-10-03,E1VFVN30,10.8
2016-10-04,E1VFVN30,10.7
2016-10-05,E1VFVN30,10.7
2016-10-06,E1VFVN30,10.77
2016-10-07,E1VFVN30,10.64
2016-10-10,E1VFVN30,10.6
2016-10-11,E1VFVN30,10.56
2016-10-12,E1VFVN30,10.56
2016-10-13,E1VFVN30,10.6
2016-10-14,E1VFVN30,10.66
2016-10-17,E1VFVN30,10.59
2016-10-18,E1VFVN30,10.64
2016-10-19,E1VFVN30,10.6
2016-10-20,E1VFVN30,10.6
2016-10-21,E1VFVN30,10.64
2016-10-24,E1VFVN30,10.64
2016-10-25,E1VFVN30,10.45
2016-10-26,E1VFVN30,10.39
2016-10-27,E1VFVN30,10.39
2016-10-28,E1VFVN30,10.39
2016-10-31,E1VFVN30,10.52
2016-11-01,E1VFVN30,10.4
2016-11-02,E1VFVN30,10.38
2016-11-03,E1VFVN30,10.21
2016-11-04,E1VFVN30,10.2
2016-11-07,E1VFVN30,10.3
2016-11-08,E1VFVN30,10.4
2016-11-09,E1VFVN30,10.2
2016-11-10,E1VFVN30,10.31
2016-11-11,E1VFVN30,10.31
2016-11-14,E1VFVN30,10.31
2016-11-15,E1VFVN30,10.31
2016-11-16,E1VFVN30,10.3
2016-11-17,E1VFVN30,10.3
2016-11-18,E1VFVN30,10.3
2016-11-21,E1VFVN30,10.3
2016-11-22,E1VFVN30,10.3
2016-11-23,E1VFVN30,10.3
2016-11-24,E1VFVN30,10.5
2016-11-25,E1VFVN30,10.45
2016-11-28,E1VFVN30,10.24
2016-11-29,E1VFVN30,10.18
2016-11-30,E1VFVN30,10.13
2016-12-01,E1VFVN30,10.26
2016-12-02,E1VFVN30,10.19
2016-12-05,E1VFVN30,10.15
2016-12-06,E1VFVN30,9.99
2016-12-07,E1VFVN30,9.97
2016-12-08,E1VFVN30,10.01
2016-12-09,E1VFVN30,10.05
2016-12-12,E1VFVN30,9.98
2016-12-13,E1VFVN30,9.9
2016-12-14,E1VFVN30,9.85
2016-12-15,E1VFVN30,9.9
2016-12-16,E1VFVN30,9.9
2016-12-19,E1VFVN30,10.11
2016-12-20,E1VFVN30,10.05
2016-12-21,E1VFVN30,10.05
2016-12-22,E1VFVN30,10.04
2016-12-23,E1VFVN30,10
2016-12-26,E1VFVN30,10.06
2016-12-27,E1VFVN30,10.09
2016-12-28,E1VFVN30,10.08
2016-12-29,E1VFVN30,10.12
2016-12-30,E1VFVN30,10.17
2017-01-03,E1VFVN30,10.19
2017-01-04,E1VFVN30,10.25
2017-01-05,E1VFVN30,10.29
2017-01-06,E1VFVN30,10.35
2017-01-09,E1VFVN30,10.37
2017-01-10,E1VFVN30,10.37
2017-01-11,E1VFVN30,10.43
2017-01-12,E1VFVN30,10.43
2017-01-13,E1VFVN30,10.41
2017-01-16,E1VFVN30,10.34
2017-01-17,E1VFVN30,10.34
2017-01-18,E1VFVN30,10.36
2017-01-19,E1VFVN30,10.36
2017-01-20,E1VFVN30,10.36
2017-01-23,E1VFVN30,10.36
2017-01-24,E1VFVN30,10.41
2017-01-25,E1VFVN30,10.45
2017-02-02,E1VFVN30,10.52
2017-02-03,E1VFVN30,10.61
2017-02-06,E1VFVN30,10.6
2017-02-07,E1VFVN30,10.65
2017-02-08,E1VFVN30,10.67
2017-02-09,E1VFVN30,10.7
2017-02-10,E1VFVN30,10.73
2017-02-13,E1VFVN30,10.76
2017-02-14,E1VFVN30,10.76
2017-02-15,E1VFVN30,10.84
2017-02-16,E1VFVN30,10.9
2017-02-17,E1VFVN30,10.89
2017-02-20,E1VFVN30,10.8
2017-02-21,E1VFVN30,10.92
2017-02-22,E1VFVN30,10.9
2017-02-23,E1VFVN30,10.86
2017-02-24,E1VFVN30,10.87
2017-02-27,E1VFVN30,10.82
2017-02-28,E1VFVN30,10.82
2017-03-01,E1VFVN30,10.7
2017-03-02,E1VFVN30,10.72
2017-03-03,E1VFVN30,10.69
2017-03-06,E1VFVN30,10.74
2017-03-07,E1VFVN30,10.75
2017-03-08,E1VFVN30,10.79
2017-03-09,E1VFVN30,10.83
2017-03-10,E1VFVN30,10.86
2017-03-13,E1VFVN30,10.86
2017-03-14,E1VFVN30,10.89
2017-03-15,E1VFVN30,10.85
2017-03-16,E1VFVN30,10.85
2017-03-17,E1VFVN30,10.9
2017-03-20,E1VFVN30,11
2017-03-21,E1VFVN30,11.03
2017-03-22,E1VFVN30,11.08
2017-03-23,E1VFVN30,11.18
2017-03-24,E1VFVN30,11.32
2017-03-27,E1VFVN30,11.29
2017-03-28,E1VFVN30,11.25
2017-03-29,E1VFVN30,11.32
2017-03-30,E1VFVN30,11.32
2017-03-31,E1VFVN30,11.3
2017-04-03,E1VFVN30,11.34
2017-04-04,E1VFVN30,11.37
2017-04-05,E1VFVN30,11.36
2017-04-07,E1VFVN30,11.29
2017-04-10,E1VFVN30,11.4
2017-04-11,E1VFVN30,11.39
2017-04-12,E1VFVN30,11.38
2017-04-13,E1VFVN30,11.34
2017-04-14,E1VFVN30,11.14
2017-04-17,E1VFVN30,11
2017-04-18,E1VFVN30,10.96
2017-04-19,E1VFVN30,11.08
2017-04-20,E1VFVN30,11.04
2017-04-21,E1VFVN30,11.03
2017-04-24,E1VFVN30,10.95
2017-04-25,E1VFVN30,10.92
2017-04-26,E1VFVN30,10.99
2017-04-27,E1VFVN30,11.14
2017-04-28,E1VFVN30,11.14
2017-05-03,E1VFVN30,11.18
2017-05-04,E1VFVN30,11.21
2017-05-05,E1VFVN30,11.23
2017-05-08,E1VFVN30,11.19
2017-05-09,E1VFVN30,11.24
2017-05-10,E1VFVN30,11.35
2017-05-11,E1VFVN30,11.32
2017-05-12,E1VFVN30,11.3
2017-05-15,E1VFVN30,11.37
2017-05-16,E1VFVN30,11.41
2017-05-17,E1VFVN30,11.38
2017-05-18,E1VFVN30,11.4
2017-05-19,E1VFVN30,11.46
2017-05-22,E1VFVN30,11.6
2017-05-23,E1VFVN30,11.61
2017-05-24,E1VFVN30,11.78
2017-05-25,E1VFVN30,11.7
2017-05-26,E1VFVN30,11.77
2017-05-29,E1VFVN30,11.85
2017-05-30,E1VFVN30,11.83
2017-05-31,E1VFVN30,11.61
2017-06-01,E1VFVN30,11.79
2017-06-02,E1VFVN30,11.78
2017-06-05,E1VFVN30,11.84
2017-06-06,E1VFVN30,11.91
2017-06-07,E1VFVN30,12.1
2017-06-08,E1VFVN30,12.04
2017-06-09,E1VFVN30,12.13
2017-06-12,E1VFVN30,12.09
2017-06-13,E1VFVN30,12.14
2017-06-14,E1VFVN30,12.24
2017-06-15,E1VFVN30,12.26
2017-06-16,E1VFVN30,12.3
2017-06-19,E1VFVN30,12.37
2017-06-20,E1VFVN30,12.46
2017-06-21,E1VFVN30,12.37
2017-06-22,E1VFVN30,12.45
2017-06-23,E1VFVN30,12.37
2017-06-26,E1VFVN30,12.45
2017-06-27,E1VFVN30,12.39
2017-06-28,E1VFVN30,12.36
2017-06-29,E1VFVN30,12.49
2017-06-30,E1VFVN30,12.56
2017-07-03,E1VFVN30,12.63
2017-07-04,E1VFVN30,12.57
2017-07-05,E1VFVN30,13.4
2017-07-06,E1VFVN30,12.65
2017-07-07,E1VFVN30,12.6
2017-07-10,E1VFVN30,12.3
2017-07-11,E1VFVN30,12.38
2017-07-12,E1VFVN30,12.44
2017-07-13,E1VFVN30,12.44
2017-07-14,E1VFVN30,12.47
2017-07-17,E1VFVN30,12.27
2017-07-18,E1VFVN30,12.02
2017-07-19,E1VFVN30,12.14
2017-07-20,E1VFVN30,12.11
2017-07-21,E1VFVN30,12.04
2017-07-24,E1VFVN30,12.03
2017-07-25,E1VFVN30,12
2017-07-26,E1VFVN30,12.14
2017-07-27,E1VFVN30,12.14
2017-07-28,E1VFVN30,12.27
2017-07-31,E1VFVN30,12.35
2017-08-01,E1VFVN30,12.44
2017-08-02,E1VFVN30,12.43
2017-08-03,E1VFVN30,12.36
2017-08-04,E1VFVN30,12.38
2017-08-07,E1VFVN30,12.49
2017-08-08,E1VFVN30,12.43
2017-08-09,E1VFVN30,12.3
2017-08-10,E1VFVN30,12.2
2017-08-11,E1VFVN30,12.19
2017-08-14,E1VFVN30,12.25
2017-08-15,E1VFVN30,12.22
2017-08-16,E1VFVN30,12.27
2017-08-17,E1VFVN30,12.22
2017-08-18,E1VFVN30,12.22
2017-08-21,E1VFVN30,12.18
2017-08-22,E1VFVN30,12.17
2017-08-23,E1VFVN30,12.12
2017-08-24,E1VFVN30,12.29
2017-08-25,E1VFVN30,12.26
2017-08-28,E1VFVN30,12.39
2017-08-29,E1VFVN30,12.39
2017-08-30,E1VFVN30,12.46
2017-08-31,E1VFVN30,12.63
2017-09-01,E1VFVN30,12.69
2017-09-05,E1VFVN30,12.73
2017-09-06,E1VFVN30,12.75
2017-09-07,E1VFVN30,12.82
2017-09-08,E1VFVN30,12.8
2017-09-11,E1VFVN30,12.82
2017-09-12,E1VFVN30,12.81
2017-09-13,E1VFVN30,12.82
2017-09-14,E1VFVN30,13.04
2017-09-15,E1VFVN30,13.02
2017-09-18,E1VFVN30,13.06
2017-09-19,E1VFVN30,13.12
2017-09-20,E1VFVN30,13.04
2017-09-21,E1VFVN30,12.96
2017-09-22,E1VFVN30,12.95
2017-09-25,E1VFVN30,13
2017-09-26,E1VFVN30,13
2017-09-27,E1VFVN30,12.95
2017-09-28,E1VFVN30,13.06
2017-09-29,E1VFVN30,13
2017-10-02,E1VFVN30,12.96
2017-10-03,E1VFVN30,12.9
2017-10-04,E1VFVN30,13.05
2017-10-05,E1VFVN30,13.11
2017-10-06,E1VFVN30,13.15
2017-10-09,E1VFVN30,13.2
2017-10-10,E1VFVN30,13.25
2017-10-11,E1VFVN30,13.31
2017-10-12,E1VFVN30,13.4
2017-10-13,E1VFVN30,13.42
2017-10-16,E1VFVN30,13.42
2017-10-17,E1VFVN30,13.46
2017-10-18,E1VFVN30,13.46
2017-10-19,E1VFVN30,13.48
2017-10-20,E1VFVN30,13.4
2017-10-23,E1VFVN30,13.35
2017-10-24,E1VFVN30,13.41
2017-10-25,E1VFVN30,13.56
2017-10-26,E1VFVN30,13.52
2017-10-27,E1VFVN30,13.72
2017-10-30,E1VFVN30,13.84
2017-10-31,E1VFVN30,13.78
2017-11-01,E1VFVN30,13.75
2017-11-02,E1VFVN30,13.71
2017-11-03,E1VFVN30,13.71
2017-11-06,E1VFVN30,13.86
2017-11-07,E1VFVN30,13.96
2017-11-08,E1VFVN30,14.13
2017-11-09,E1VFVN30,14.02
2017-11-10,E1VFVN30,14.15
2017-11-13,E1VFVN30,14.22
2017-11-14,E1VFVN30,14.33
2017-11-15,E1VFVN30,14.57
2017-11-16,E1VFVN30,14.61
2017-11-17,E1VFVN30,14.65
2017-11-20,E1VFVN30,14.82
2017-11-21,E1VFVN30,15.06
2017-11-22,E1VFVN30,15.25
2017-11-23,E1VFVN30,15.3
2017-11-24,E1VFVN30,15.31
2017-11-27,E1VFVN30,15.3
2017-11-28,E1VFVN30,15.34
2017-11-29,E1VFVN30,15.49
2017-11-30,E1VFVN30,15.64
2017-12-01,E1VFVN30,15.73
2017-12-04,E1VFVN30,15.99
2017-12-05,E1VFVN30,15.65
2017-12-06,E1VFVN30,15.28
2017-12-07,E1VFVN30,15.42
2017-12-08,E1VFVN30,15.43
2017-12-11,E1VFVN30,15.33
2017-12-12,E1VFVN30,15.28
2017-12-13,E1VFVN30,15.13
2017-12-14,E1VFVN30,15.36
2017-12-15,E1VFVN30,15.43
2017-12-18,E1VFVN30,15.71
2017-12-19,E1VFVN30,15.74
2017-12-20,E1VFVN30,15.74
2017-12-21,E1VFVN30,15.71
2017-12-22,E1VFVN30,15.65
2017-12-25,E1VFVN30,15.73
2017-12-26,E1VFVN30,15.85
2017-12-27,E1VFVN30,15.86
2017-12-28,E1VFVN30,16.04
2017-12-29,E1VFVN30,16.18
2018-01-02,E1VFVN30,16.41
2018-01-03,E1VFVN30,16.65
2018-01-04,E1VFVN30,16.75
2018-01-05,E1VFVN30,16.71
2018-01-08,E1VFVN30,16.98
2018-01-09,E1VFVN30,17.16
2018-01-10,E1VFVN30,17.09
2018-01-11,E1VFVN30,17.35
2018-01-12,E1VFVN30,17.45
2018-01-15,E1VFVN30,17.6
2018-01-16,E1VFVN30,17.58
2018-01-17,E1VFVN30,17.25
2018-01-18,E1VFVN30,17.25
2018-01-19,E1VFVN30,17.55
2018-01-22,E1VFVN30,17.85
2018-01-25,E1VFVN30,18.5
2018-01-26,E1VFVN30,18.15
2018-01-29,E1VFVN30,18.01
2018-01-30,E1VFVN30,18
2018-01-31,E1VFVN30,18
2018-02-01,E1VFVN30,17.8
2018-02-02,E1VFVN30,17.9
2018-02-05,E1VFVN30,16.91
2018-02-06,E1VFVN30,16.44
2018-02-07,E1VFVN30,16.94
2018-02-08,E1VFVN30,16.65
2018-02-09,E1VFVN30,16.35
2018-02-12,E1VFVN30,17
2018-02-13,E1VFVN30,17.33
2018-02-21,E1VFVN30,17.67
2018-02-22,E1VFVN30,17.45
2018-02-23,E1VFVN30,17.9
2018-02-26,E1VFVN30,18
2018-02-27,E1VFVN30,18
2018-02-28,E1VFVN30,18
2018-03-01,E1VFVN30,18.15
2018-03-02,E1VFVN30,18.24
2018-03-05,E1VFVN30,17.9
2018-03-06,E1VFVN30,17.9
2018-03-07,E1VFVN30,17.7
2018-03-08,E1VFVN30,18.1
2018-03-09,E1VFVN30,18.17
2018-03-12,E1VFVN30,18
2018-03-13,E1VFVN30,18.1
2018-03-14,E1VFVN30,18.3
2018-03-15,E1VFVN30,18.21
2018-03-16,E1VFVN30,18.3
2018-03-19,E1VFVN30,18.55
2018-03-20,E1VFVN30,18.65
2018-03-21,E1VFVN30,18.78
2018-03-22,E1VFVN30,18.91
2018-03-23,E1VFVN30,18.7
2018-03-26,E1VFVN30,18.76
2018-03-27,E1VFVN30,18.95
2018-03-28,E1VFVN30,18.9
2018-03-29,E1VFVN30,18.75
2018-03-30,E1VFVN30,18.88
2018-04-02,E1VFVN30,19.1
2018-04-03,E1VFVN30,18.96
2018-04-04,E1VFVN30,19.1
2018-04-05,E1VFVN30,19.2
2018-04-06,E1VFVN30,19
2018-04-09,E1VFVN30,19.3
2018-04-10,E1VFVN30,19.05
2018-04-11,E1VFVN30,18.7
2018-04-12,E1VFVN30,18.72
2018-04-13,E1VFVN30,18.6
2018-04-16,E1VFVN30,18.5
2018-04-17,E1VFVN30,18.55
2018-04-18,E1VFVN30,18.3
2018-04-19,E1VFVN30,18.2
2018-04-20,E1VFVN30,17.8
2018-04-23,E1VFVN30,17.4
2018-04-24,E1VFVN30,17.3
2018-04-26,E1VFVN30,16.7
2018-04-27,E1VFVN30,16.6
2018-05-02,E1VFVN30,16.4
2018-05-03,E1VFVN30,16.49
2018-05-04,E1VFVN30,16.52
2018-05-07,E1VFVN30,17.2
2018-05-08,E1VFVN30,17.17
2018-05-09,E1VFVN30,17.1
2018-05-10,E1VFVN30,17
2018-05-11,E1VFVN30,16.8
2018-05-14,E1VFVN30,17.29
2018-05-15,E1VFVN30,17.3
2018-05-16,E1VFVN30,16.99
2018-05-17,E1VFVN30,16.65
2018-05-18,E1VFVN30,16.7
2018-05-21,E1VFVN30,16.4
2018-05-22,E1VFVN30,15.63
2018-05-23,E1VFVN30,15.9
2018-05-24,E1VFVN30,15.6
2018-05-25,E1VFVN30,15.4
2018-05-28,E1VFVN30,14.8
2018-05-29,E1VFVN30,15.1
2018-05-30,E1VFVN30,15
2018-05-31,E1VFVN30,15.8
2018-06-01,E1VFVN30,16.04
2018-06-04,E1VFVN30,16.34
2018-06-05,E1VFVN30,16.45
2018-06-06,E1VFVN30,16.73
2018-06-07,E1VFVN30,16.8
2018-06-08,E1VFVN30,16.78
2018-06-11,E1VFVN30,16.86
2018-06-12,E1VFVN30,16.6
2018-06-13,E1VFVN30,16.75
2018-06-14,E1VFVN30,16.31
2018-06-15,E1VFVN30,16.54
2018-06-18,E1VFVN30,16
2018-06-19,E1VFVN30,15.11
2018-06-20,E1VFVN30,16
2018-06-21,E1VFVN30,15.56
2018-06-22,E1VFVN30,15.99
2018-06-25,E1VFVN30,16.14
2018-06-26,E1VFVN30,15.93
2018-06-27,E1VFVN30,15.8
2018-06-28,E1VFVN30,15.49
2018-06-29,E1VFVN30,15.58
2018-07-02,E1VFVN30,15.33
2018-07-03,E1VFVN30,14.8
2018-07-04,E1VFVN30,14.99
2018-07-05,E1VFVN30,14.52
2018-07-06,E1VFVN30,14.9
2018-07-09,E1VFVN30,14.82
2018-07-10,E1VFVN30,14.82
2018-07-11,E1VFVN30,14.46
2018-07-12,E1VFVN30,14.51
2018-07-13,E1VFVN30,14.85
2018-07-16,E1VFVN30,14.9
2018-07-17,E1VFVN30,14.95
2018-07-18,E1VFVN30,15.4
2018-07-19,E1VFVN30,15.41
2018-07-20,E1VFVN30,15.53
2018-07-23,E1VFVN30,15.6
2018-07-24,E1VFVN30,15.2
2018-07-25,E1VFVN30,15.16
2018-07-26,E1VFVN30,15.01
2018-07-27,E1VFVN30,15.21
2018-07-30,E1VFVN30,15.41
2018-07-31,E1VFVN30,15.55
2018-08-01,E1VFVN30,15.55
2018-08-02,E1VFVN30,15.4
2018-08-03,E1VFVN30,15.48
2018-08-06,E1VFVN30,15.4
2018-08-07,E1VFVN30,15.4
2018-08-08,E1VFVN30,15.55
2018-08-09,E1VFVN30,15.55
2018-08-10,E1VFVN30,15.55
2018-08-13,E1VFVN30,15.85
2018-08-14,E1VFVN30,15.84
2018-08-15,E1VFVN30,15.6
2018-08-16,E1VFVN30,15.55
2018-08-17,E1VFVN30,15.68
2018-08-20,E1VFVN30,15.45
2018-08-21,E1VFVN30,15.65
2018-08-22,E1VFVN30,15.75
2018-08-23,E1VFVN30,15.82
2018-08-24,E1VFVN30,15.81
2018-08-27,E1VFVN30,15.92
2018-08-28,E1VFVN30,15.99
2018-08-29,E1VFVN30,15.98
2018-08-30,E1VFVN30,15.98
2018-08-31,E1VFVN30,15.95
2018-09-04,E1VFVN30,15.8
2018-09-05,E1VFVN30,15.5
2018-09-06,E1VFVN30,15.4
2018-09-07,E1VFVN30,15.56
2018-09-10,E1VFVN30,15.5
2018-09-11,E1VFVN30,15.78
2018-09-12,E1VFVN30,15.85
2018-09-13,E1VFVN30,15.71
2018-09-14,E1VFVN30,16.1
2018-09-17,E1VFVN30,15.7
2018-09-18,E1VFVN30,15.75
2018-09-19,E1VFVN30,15.9
2018-09-20,E1VFVN30,15.96
2018-09-21,E1VFVN30,16.2
2018-09-24,E1VFVN30,16.21
2018-09-25,E1VFVN30,16.22
2018-09-26,E1VFVN30,16.24
2018-09-27,E1VFVN30,16.29
2018-09-28,E1VFVN30,16.37
2018-10-01,E1VFVN30,16.45
2018-10-02,E1VFVN30,16.3
2018-10-03,E1VFVN30,16.35
2018-10-04,E1VFVN30,16.31
2018-10-05,E1VFVN30,16.13
2018-10-08,E1VFVN30,16
2018-10-09,E1VFVN30,15.96
2018-10-10,E1VFVN30,15.91
2018-10-11,E1VFVN30,15.15
2018-10-12,E1VFVN30,15.59
2018-10-15,E1VFVN30,15.21
2018-10-16,E1VFVN30,15.43
2018-10-17,E1VFVN30,15.58
2018-10-18,E1VFVN30,15.48
2018-10-19,E1VFVN30,15.4
2018-10-22,E1VFVN30,15.3
2018-10-23,E1VFVN30,15.02
2018-10-24,E1VFVN30,14.7
2018-10-25,E1VFVN30,14.6
2018-10-26,E1VFVN30,14.52
2018-10-29,E1VFVN30,14.42
2018-10-30,E1VFVN30,14.4
2018-10-31,E1VFVN30,14.4
2018-11-01,E1VFVN30,14.57
2018-11-02,E1VFVN30,15.02
2018-11-05,E1VFVN30,15.02
2018-11-06,E1VFVN30,14.88
2018-11-07,E1VFVN30,14.8
2018-11-08,E1VFVN30,14.85
2018-11-09,E1VFVN30,14.6
2018-11-12,E1VFVN30,14.6
2018-11-13,E1VFVN30,14.47
2018-11-14,E1VFVN30,14.36
2018-11-15,E1VFVN30,14.17
2018-11-16,E1VFVN30,14.41
2018-11-19,E1VFVN30,14.93
2018-11-20,E1VFVN30,14.7
2018-11-21,E1VFVN30,14.8
2018-11-22,E1VFVN30,14.81
2018-11-23,E1VFVN30,14.6
2018-11-26,E1VFVN30,14.71
2018-11-27,E1VFVN30,14.75
2018-11-28,E1VFVN30,14.78
2018-11-29,E1VFVN30,14.78
2018-11-30,E1VFVN30,14.72
2018-12-03,E1VFVN30,15.18
2018-12-04,E1VFVN30,15.5
2018-12-05,E1VFVN30,15.27
2018-12-06,E1VFVN30,15.14
2018-12-07,E1VFVN30,15.3
2018-12-10,E1VFVN30,15.2
2018-12-11,E1VFVN30,15.15
2018-12-12,E1VFVN30,15.35
2018-12-13,E1VFVN30,15.45
2018-12-14,E1VFVN30,15.34
2018-12-17,E1VFVN30,14.8
2018-12-18,E1VFVN30,14.57
2018-12-19,E1VFVN30,14.55
2018-12-20,E1VFVN30,14.53
2018-12-21,E1VFVN30,14.5
2018-12-24,E1VFVN30,14.4
2018-12-25,E1VFVN30,14.13
2018-12-26,E1VFVN30,14.1
2018-12-27,E1VFVN30,14.32
2018-12-28,E1VFVN30,14.31
2019-01-02,E1VFVN30,14.1
2019-01-03,E1VFVN30,13.93
2019-01-04,E1VFVN30,13.74
2019-01-07,E1VFVN30,14
2019-01-08,E1VFVN30,14
2019-01-09,E1VFVN30,14
2019-01-10,E1VFVN30,14.2
2019-01-11,E1VFVN30,14.17
2019-01-14,E1VFVN30,14.15
2019-01-15,E1VFVN30,14.25
2019-01-16,E1VFVN30,14.26
2019-01-17,E1VFVN30,14.04
2019-01-18,E1VFVN30,14.05
2019-01-21,E1VFVN30,14.39
2019-01-22,E1VFVN30,14.2
2019-01-23,E1VFVN30,14.28
2019-01-24,E1VFVN30,14.27
2019-01-25,E1VFVN30,14.2
2019-01-28,E1VFVN30,14.31
2019-01-29,E1VFVN30,14.5
2019-01-30,E1VFVN30,14.42
2019-01-31,E1VFVN30,14.26
2019-02-01,E1VFVN30,14.2
2019-02-11,E1VFVN30,14.69
2019-02-12,E1VFVN30,14.8
2019-02-13,E1VFVN30,14.9
2019-02-14,E1VFVN30,14.95
2019-02-15,E1VFVN30,14.9
2019-02-18,E1VFVN30,14.94
2019-02-19,E1VFVN30,15.02
2019-02-20,E1VFVN30,15.15
2019-02-21,E1VFVN30,15.18
2019-02-22,E1VFVN30,15.4
2019-02-25,E1VFVN30,15.55
2019-02-26,E1VFVN30,15.37
2019-02-27,E1VFVN30,15.44
2019-02-28,E1VFVN30,15
2019-03-01,E1VFVN30,15.05
2019-03-04,E1VFVN30,15.39
2019-03-05,E1VFVN30,15.3
2019-03-06,E1VFVN30,15.3
2019-03-07,E1VFVN30,15.4
2019-03-08,E1VFVN30,15.22
2019-03-11,E1VFVN30,15.2
2019-03-12,E1VFVN30,15.3
2019-03-13,E1VFVN30,15.46
2019-03-14,E1VFVN30,15.48
2019-03-15,E1VFVN30,15.35
2019-03-18,E1VFVN30,15.41
2019-03-19,E1VFVN30,15.3
2019-03-20,E1VFVN30,15.24
2019-03-21,E1VFVN30,15.11
2019-03-22,E1VFVN30,15.4
2019-03-25,E1VFVN30,14.73
2019-03-26,E1VFVN30,15
2019-03-27,E1VFVN30,14.86
2019-03-28,E1VFVN30,14.89
2019-03-29,E1VFVN30,14.7
2019-04-01,E1VFVN30,14.94
2019-04-02,E1VFVN30,14.97
2019-04-03,E1VFVN30,15
2019-04-04,E1VFVN30,14.95
2019-04-05,E1VFVN30,14.98
2019-04-08,E1VFVN30,15
2019-04-09,E1VFVN30,14.9
2019-04-10,E1VFVN30,14.8
2019-04-11,E1VFVN30,14.81
2019-04-12,E1VFVN30,14.81
2019-04-16,E1VFVN30,14.68
2019-04-17,E1VFVN30,14.75
2019-04-18,E1VFVN30,14.61
2019-04-19,E1VFVN30,14.65
2019-04-22,E1VFVN30,14.57
2019-04-23,E1VFVN30,14.52
2019-04-24,E1VFVN30,14.8
2019-04-25,E1VFVN30,14.63
2019-04-26,E1VFVN30,14.72
2019-05-02,E1VFVN30,14.72
2019-05-03,E1VFVN30,14.9
2019-05-06,E1VFVN30,14.52
2019-05-07,E1VFVN30,14.5
2019-05-08,E1VFVN30,14.46
2019-05-09,E1VFVN30,14.46
2019-05-10,E1VFVN30,14.46
2019-05-13,E1VFVN30,14.5
2019-05-14,E1VFVN30,14.56
2019-05-15,E1VFVN30,14.77
2019-05-16,E1VFVN30,14.82
2019-05-17,E1VFVN30,14.77
2019-05-20,E1VFVN30,14.94
2019-05-21,E1VFVN30,14.98
2019-05-22,E1VFVN30,14.8
2019-05-23,E1VFVN30,14.84
2019-05-24,E1VFVN30,14.79
2019-05-27,E1VFVN30,14.75
2019-05-28,E1VFVN30,14.81
2019-05-29,E1VFVN30,14.7
2019-05-30,E1VFVN30,14.78
2019-05-31,E1VFVN30,14.55
2019-06-03,E1VFVN30,14.1
2019-06-04,E1VFVN30,14.39
2019-06-05,E1VFVN30,14.37
2019-06-06,E1VFVN30,14.21
2019-06-07,E1VFVN30,14.38
2019-06-10,E1VFVN30,14.32
2019-06-11,E1VFVN30,14.49
2019-06-12,E1VFVN30,14.3
2019-06-13,E1VFVN30,14.3
2019-06-14,E1VFVN30,14.5
2019-06-17,E1VFVN30,14.19
2019-06-18,E1VFVN30,14.05
2019-06-19,E1VFVN30,14.2
2019-06-20,E1VFVN30,14.4
2019-06-21,E1VFVN30,14.41
2019-06-24,E1VFVN30,14.45
2019-06-25,E1VFVN30,14.42
2019-06-26,E1VFVN30,14.34
2019-06-27,E1VFVN30,14.22
2019-06-28,E1VFVN30,14.21
2019-07-01,E1VFVN30,14.55
2019-07-02,E1VFVN30,14.55
2019-07-03,E1VFVN30,14.35
2019-07-04,E1VFVN30,14.59
2019-07-05,E1VFVN30,14.6
2019-07-08,E1VFVN30,14.51
2019-07-09,E1VFVN30,14.42
2019-07-10,E1VFVN30,14.56
2019-07-11,E1VFVN30,14.6
2019-07-12,E1VFVN30,14.55
2019-07-15,E1VFVN30,14.48
2019-07-16,E1VFVN30,14.56
2019-07-17,E1VFVN30,14.57
2019-07-18,E1VFVN30,14.49
2019-07-19,E1VFVN30,14.57
2019-07-22,E1VFVN30,14.59
2019-07-23,E1VFVN30,14.68
2019-07-24,E1VFVN30,14.73
2019-07-25,E1VFVN30,14.79
2019-07-26,E1VFVN30,14.75
2019-07-29,E1VFVN30,14.73
2019-07-30,E1VFVN30,14.64
2019-07-31,E1VFVN30,14.71
2019-08-01,E1VFVN30,14.68
2019-08-02,E1VFVN30,14.66
2019-08-05,E1VFVN30,14.5
2019-08-06,E1VFVN30,14.3
2019-08-07,E1VFVN30,14.37
2019-08-08,E1VFVN30,14.5
2019-08-09,E1VFVN30,14.56
2019-08-12,E1VFVN30,14.62
2019-08-13,E1VFVN30,14.58
2019-08-14,E1VFVN30,14.62
2019-08-15,E1VFVN30,14.72
2019-08-16,E1VFVN30,14.86
2019-08-19,E1VFVN30,14.85
2019-08-20,E1VFVN30,14.85
2019-08-21,E1VFVN30,14.94
2019-08-22,E1VFVN30,14.97
2019-08-23,E1VFVN30,14.95
2019-08-26,E1VFVN30,14.85
2019-08-27,E1VFVN30,14.7
2019-08-28,E1VFVN30,14.7
2019-08-29,E1VFVN30,14.73
2019-08-30,E1VFVN30,14.88
2019-09-03,E1VFVN30,14.78
2019-09-04,E1VFVN30,14.75
2019-09-05,E1VFVN30,14.73
2019-09-06,E1VFVN30,14.75
2019-09-09,E1VFVN30,14.7
2019-09-10,E1VFVN30,14.69
2019-09-11,E1VFVN30,14.7
2019-09-12,E1VFVN30,14.81
2019-09-13,E1VFVN30,14.9
2019-09-16,E1VFVN30,15.06
2019-09-17,E1VFVN30,15.12
2019-09-18,E1VFVN30,15.15
2019-09-19,E1VFVN30,15.21
2019-09-20,E1VFVN30,15.26
2019-09-23,E1VFVN30,15.22
2019-09-24,E1VFVN30,15.16
2019-09-25,E1VFVN30,15.16
2019-09-26,E1VFVN30,15.2
2019-09-27,E1VFVN30,15.4
2019-09-30,E1VFVN30,15.46
2019-10-01,E1VFVN30,15.5
2019-10-02,E1VFVN30,15.28
2019-10-03,E1VFVN30,15.4
2019-10-04,E1VFVN30,15.22
2019-10-07,E1VFVN30,15.3
2019-10-08,E1VFVN30,15.2
2019-10-09,E1VFVN30,15.23
2019-10-10,E1VFVN30,15.23
2019-10-11,E1VFVN30,15.3
2019-10-14,E1VFVN30,15.5
2019-10-15,E1VFVN30,15.4
2019-10-16,E1VFVN30,15.4
2019-10-17,E1VFVN30,15.29
2019-10-18,E1VFVN30,15.3
2019-10-21,E1VFVN30,15.26
2019-10-22,E1VFVN30,15.23
2019-10-23,E1VFVN30,15.3
2019-10-24,E1VFVN30,15.35
2019-10-25,E1VFVN30,15.4
2019-10-28,E1VFVN30,15.45
2019-10-29,E1VFVN30,15.41
2019-10-30,E1VFVN30,15.5
2019-10-31,E1VFVN30,15.38
2019-11-01,E1VFVN30,15.5
2019-11-04,E1VFVN30,15.62
2019-11-05,E1VFVN30,15.67
2019-11-06,E1VFVN30,15.72
2019-11-07,E1VFVN30,15.73
2019-11-08,E1VFVN30,15.7
2019-11-11,E1VFVN30,15.67
2019-11-12,E1VFVN30,15.65
2019-11-13,E1VFVN30,15.5
2019-11-14,E1VFVN30,15.45
2019-11-15,E1VFVN30,15.43
2019-11-18,E1VFVN30,15.33
2019-11-19,E1VFVN30,15.4
2019-11-20,E1VFVN30,15.3
2019-11-21,E1VFVN30,15
2019-11-22,E1VFVN30,14.87
2019-11-25,E1VFVN30,14.91
2019-11-26,E1VFVN30,14.98
2019-11-27,E1VFVN30,14.9
2019-11-28,E1VFVN30,14.74
2019-11-29,E1VFVN30,14.75
2019-12-02,E1VFVN30,14.65
2019-12-03,E1VFVN30,14.5
2019-12-04,E1VFVN30,14.75
2019-12-05,E1VFVN30,14.64
2019-12-06,E1VFVN30,14.67
2019-12-09,E1VFVN30,14.66
2019-12-10,E1VFVN30,14.52
2019-12-11,E1VFVN30,14.8
2019-12-12,E1VFVN30,14.73
2019-12-13,E1VFVN30,14.8
2019-12-16,E1VFVN30,14.56
2019-12-17,E1VFVN30,14.48
2019-12-18,E1VFVN30,14.35
2019-12-19,E1VFVN30,14.3
2019-12-20,E1VFVN30,14.36
2019-12-23,E1VFVN30,14.44
2019-12-24,E1VFVN30,14.5
2019-12-25,E1VFVN30,14.5
2019-12-26,E1VFVN30,14.5
2019-12-27,E1VFVN30,14.61
2019-12-30,E1VFVN30,14.66
2019-12-31,E1VFVN30,14.76
2020-01-02,E1VFVN30,14.78
2020-01-03,E1VFVN30,14.7
2020-01-06,E1VFVN30,14.6
2020-01-07,E1VFVN30,14.58
2020-01-08,E1VFVN30,14.43
2020-01-09,E1VFVN30,14.6
2020-01-10,E1VFVN30,14.72
2020-01-13,E1VFVN30,14.7
2020-01-14,E1VFVN30,14.74
2020-01-15,E1VFVN30,14.73
2020-01-16,E1VFVN30,14.85
2020-01-17,E1VFVN30,14.91
2020-01-20,E1VFVN30,14.92
2020-01-21,E1VFVN30,15.8
2020-01-22,E1VFVN30,15.1
2020-01-30,E1VFVN30,14.6
2020-01-31,E1VFVN30,14.15
2020-02-03,E1VFVN30,13.97
2020-02-04,E1VFVN30,14.04
2020-02-05,E1VFVN30,14
2020-02-06,E1VFVN30,14.35
2020-02-07,E1VFVN30,14.4
2020-02-10,E1VFVN30,14.25
2020-02-11,E1VFVN30,14.26
2020-02-12,E1VFVN30,14.46
2020-02-13,E1VFVN30,14.68
2020-02-14,E1VFVN30,14.43
2020-02-17,E1VFVN30,14.39
2020-02-18,E1VFVN30,14.35
2020-02-19,E1VFVN30,14.31
2020-02-20,E1VFVN30,14.4
2020-02-21,E1VFVN30,14.43
2020-02-24,E1VFVN30,14.11
2020-02-25,E1VFVN30,14.09
2020-02-26,E1VFVN30,14.05
2020-02-27,E1VFVN30,14.12
2020-02-28,E1VFVN30,13.86
2020-03-02,E1VFVN30,13.99
2020-03-03,E1VFVN30,14.08
2020-03-04,E1VFVN30,13.87
2020-03-05,E1VFVN30,13.95
2020-03-06,E1VFVN30,13.81
2020-03-09,E1VFVN30,13.02
2020-03-10,E1VFVN30,13
2020-03-11,E1VFVN30,12.55
2020-03-12,E1VFVN30,11.8
2020-03-13,E1VFVN30,12
2020-03-16,E1VFVN30,11.53
2020-03-17,E1VFVN30,11.63
2020-03-18,E1VFVN30,11.51
2020-03-19,E1VFVN30,11.15
2020-03-20,E1VFVN30,11.24
2020-03-23,E1VFVN30,10.5
2020-03-24,E1VFVN30,10.4
2020-03-25,E1VFVN30,10.85
2020-03-26,E1VFVN30,10.7
2020-03-27,E1VFVN30,10.67
2020-03-30,E1VFVN30,10.1
2020-03-31,E1VFVN30,10.75
2020-04-01,E1VFVN30,10.38
2020-04-03,E1VFVN30,10.71
2020-04-06,E1VFVN30,11.22
2020-04-07,E1VFVN30,11.5
2020-04-08,E1VFVN30,11.55
2020-04-09,E1VFVN30,11.68
2020-04-10,E1VFVN30,11.5
2020-04-13,E1VFVN30,11.8
2020-04-14,E1VFVN30,11.82
2020-04-15,E1VFVN30,12.1
2020-04-16,E1VFVN30,11.95
2020-04-17,E1VFVN30,12.25
2020-04-20,E1VFVN30,12.3
2020-04-21,E1VFVN30,11.82
2020-04-22,E1VFVN30,11.91
2020-04-23,E1VFVN30,11.95
2020-04-24,E1VFVN30,12.05
2020-04-27,E1VFVN30,12.13
2020-04-28,E1VFVN30,11.94
2020-04-29,E1VFVN30,12
2020-05-04,E1VFVN30,11.9
2020-05-05,E1VFVN30,11.86
2020-05-06,E1VFVN30,12.18
2020-05-07,E1VFVN30,12.35
2020-05-08,E1VFVN30,12.7
2020-05-11,E1VFVN30,12.95
2020-05-12,E1VFVN30,13.1
2020-05-13,E1VFVN30,13.04
2020-05-14,E1VFVN30,12.95
2020-05-15,E1VFVN30,12.93
2020-05-18,E1VFVN30,13.07
2020-05-19,E1VFVN30,13.4
2020-05-20,E1VFVN30,13.45
2020-05-21,E1VFVN30,13.7
2020-05-22,E1VFVN30,13.42
2020-05-25,E1VFVN30,13.4
2020-05-26,E1VFVN30,13.58
2020-05-27,E1VFVN30,13.46
2020-05-28,E1VFVN30,13.43
2020-05-29,E1VFVN30,13.47
2020-06-01,E1VFVN30,13.69
2020-06-02,E1VFVN30,13.62
2020-06-03,E1VFVN30,13.63
2020-06-04,E1VFVN30,13.7
2020-06-05,E1VFVN30,13.75
2020-06-08,E1VFVN30,14
2020-06-09,E1VFVN30,13.96
2020-06-10,E1VFVN30,14.14
2020-06-11,E1VFVN30,13.65
2020-06-12,E1VFVN30,13.55
2020-06-15,E1VFVN30,13
2020-06-16,E1VFVN30,13.29
2020-06-17,E1VFVN30,13.4
2020-06-18,E1VFVN30,13.35
2020-06-19,E1VFVN30,13.5
2020-06-22,E1VFVN30,13.55
2020-06-23,E1VFVN30,13.54
2020-06-24,E1VFVN30,13.4
2020-06-25,E1VFVN30,13.34
2020-06-26,E1VFVN30,13.35
2020-06-29,E1VFVN30,12.82
2020-06-30,E1VFVN30,13.3
2020-07-01,E1VFVN30,13.3
2020-07-02,E1VFVN30,13.18
2020-07-03,E1VFVN30,13.29
2020-07-06,E1VFVN30,13.5
2020-07-07,E1VFVN30,13.48
2020-07-08,E1VFVN30,13.44
2020-07-09,E1VFVN30,13.7
2020-07-10,E1VFVN30,13.69
2020-07-13,E1VFVN30,13.5
2020-07-14,E1VFVN30,13.5
2020-07-15,E1VFVN30,13.7
2020-07-16,E1VFVN30,13.6
2020-07-17,E1VFVN30,13.6
2020-07-20,E1VFVN30,13.47
2020-07-21,E1VFVN30,13.5
2020-07-22,E1VFVN30,13.4
2020-07-23,E1VFVN30,13.28
2020-07-24,E1VFVN30,13
2020-07-27,E1VFVN30,12.25
2020-07-28,E1VFVN30,12.6
2020-07-29,E1VFVN30,12.38
2020-07-30,E1VFVN30,12.46
2020-07-31,E1VFVN30,12.4
2020-08-03,E1VFVN30,12.62
2020-08-04,E1VFVN30,12.9
2020-08-05,E1VFVN30,13.07
2020-08-06,E1VFVN30,13.44
2020-08-07,E1VFVN30,13.2
2020-08-10,E1VFVN30,13.29
2020-08-11,E1VFVN30,13.13
2020-08-12,E1VFVN30,13.3
2020-08-13,E1VFVN30,13.32
2020-08-14,E1VFVN30,13.3
2020-08-17,E1VFVN30,13.27
2020-08-18,E1VFVN30,13.28
2020-08-19,E1VFVN30,13.3
2020-08-20,E1VFVN30,13.25
2020-08-21,E1VFVN30,13.31
2020-08-24,E1VFVN30,13.58
2020-08-25,E1VFVN30,13.78
2020-08-26,E1VFVN30,13.68
2020-08-27,E1VFVN30,13.75
2020-08-28,E1VFVN30,13.85
2020-08-31,E1VFVN30,13.79
2020-09-01,E1VFVN30,13.98
2020-09-03,E1VFVN30,14.12
2020-09-04,E1VFVN30,14.09
2020-09-07,E1VFVN30,14
2020-09-08,E1VFVN30,13.97
2020-09-09,E1VFVN30,13.8
2020-09-10,E1VFVN30,13.83
2020-09-11,E1VFVN30,13.87
2020-09-14,E1VFVN30,13.95
2020-09-15,E1VFVN30,13.97
2020-09-16,E1VFVN30,14
2020-09-17,E1VFVN30,14
2020-09-18,E1VFVN30,14.2
2020-09-21,E1VFVN30,14.28
2020-09-22,E1VFVN30,14.3
2020-09-23,E1VFVN30,14.38
2020-09-24,E1VFVN30,14.3
2020-09-25,E1VFVN30,14.3
2020-09-28,E1VFVN30,14.49
2020-09-29,E1VFVN30,14.53
2020-09-30,E1VFVN30,14.52
2020-10-01,E1VFVN30,14.55
2020-10-02,E1VFVN30,14.5
2020-10-05,E1VFVN30,14.54
2020-10-06,E1VFVN30,14.61
2020-10-07,E1VFVN30,14.66
2020-10-08,E1VFVN30,14.6
2020-10-09,E1VFVN30,14.63
2020-10-12,E1VFVN30,14.7
2020-10-13,E1VFVN30,14.7
2020-10-14,E1VFVN30,14.95
2020-10-15,E1VFVN30,15.07
2020-10-16,E1VFVN30,15.1
2020-10-19,E1VFVN30,15.14
2020-10-20,E1VFVN30,15.3
2020-10-21,E1VFVN30,15.3
2020-10-22,E1VFVN30,15.45
2020-10-23,E1VFVN30,15.62
2020-10-26,E1VFVN30,15.74
2020-10-27,E1VFVN30,15.41
2020-10-28,E1VFVN30,14.8
2020-10-29,E1VFVN30,14.79
2020-10-30,E1VFVN30,14.9
2020-11-02,E1VFVN30,14.96
2020-11-03,E1VFVN30,15.18
2020-11-04,E1VFVN30,15.23
2020-11-05,E1VFVN30,15.2
2020-11-06,E1VFVN30,15.2
2020-11-09,E1VFVN30,15.33
2020-11-10,E1VFVN30,15.5
2020-11-11,E1VFVN30,15.36
2020-11-12,E1VFVN30,15.41
2020-11-13,E1VFVN30,15.7
2020-11-16,E1VFVN30,15.35
2020-11-17,E1VFVN30,15.52
2020-11-18,E1VFVN30,15.7
2020-11-19,E1VFVN30,15.82
2020-11-20,E1VFVN30,15.95
2020-11-23,E1VFVN30,15.95
2020-11-24,E1VFVN30,16.05
2020-11-25,E1VFVN30,16.18
2020-11-26,E1VFVN30,16.2
2020-11-27,E1VFVN30,16.24
2020-11-30,E1VFVN30,16.27
2020-12-01,E1VFVN30,16.32
2020-12-02,E1VFVN30,16.45
2020-12-03,E1VFVN30,16.65
2020-12-04,E1VFVN30,16.6
2020-12-07,E1VFVN30,16.67
2020-12-08,E1VFVN30,16.63
2020-12-09,E1VFVN30,16.92
2020-12-10,E1VFVN30,16.72
2020-12-11,E1VFVN30,16.92
2020-12-14,E1VFVN30,17.11
2020-12-15,E1VFVN30,17
2020-12-16,E1VFVN30,17.3
2020-12-17,E1VFVN30,17.1
2020-12-18,E1VFVN30,17.59
2020-12-21,E1VFVN30,17.7
2020-12-22,E1VFVN30,17.69
2020-12-23,E1VFVN30,17.6
2020-12-24,E1VFVN30,17.5
2020-12-25,E1VFVN30,17.8
2020-12-28,E1VFVN30,17.71
2020-12-29,E1VFVN30,17.79
2020-12-30,E1VFVN30,17.73
2020-12-31,E1VFVN30,18
2021-01-04,E1VFVN30,18.33
2021-01-05,E1VFVN30,18.51
2021-01-06,E1VFVN30,18.7
2021-01-07,E1VFVN30,18.98
2021-01-08,E1VFVN30,19.22
2021-01-11,E1VFVN30,18.92
2021-01-12,E1VFVN30,19.8
2021-01-13,E1VFVN30,19.59
2021-01-14,E1VFVN30,19.58
2021-01-15,E1VFVN30,19.8
2021-01-18,E1VFVN30,19.69
2021-01-19,E1VFVN30,18.7
2021-01-20,E1VFVN30,18.85
2021-01-21,E1VFVN30,18.9
2021-01-22,E1VFVN30,19.48
2021-01-25,E1VFVN30,19.36
2021-01-26,E1VFVN30,18.7
2021-01-27,E1VFVN30,18.35
2021-01-28,E1VFVN30,17.07
2021-01-29,E1VFVN30,17.5
2021-02-01,E1VFVN30,17.73
2021-02-02,E1VFVN30,17.5
2021-02-03,E1VFVN30,18.85
2021-02-04,E1VFVN30,18.75
2021-02-05,E1VFVN30,19.49
2021-02-08,E1VFVN30,18.69
2021-02-09,E1VFVN30,18.35
2021-02-17,E1VFVN30,19.58
2021-02-18,E1VFVN30,19.79
2021-02-19,E1VFVN30,19.89
2021-02-22,E1VFVN30,19.81
2021-02-23,E1VFVN30,19.9
2021-02-24,E1VFVN30,19.55
2021-02-25,E1VFVN30,19.72
2021-02-26,E1VFVN30,19.7
2021-03-01,E1VFVN30,20.03
2021-03-02,E1VFVN30,20.03
2021-03-03,E1VFVN30,20.06
2021-03-04,E1VFVN30,20.1
2021-03-05,E1VFVN30,19.74
2021-03-08,E1VFVN30,19.66
2021-03-09,E1VFVN30,19.65
2021-03-10,E1VFVN30,19.72
2021-03-11,E1VFVN30,20
2021-03-12,E1VFVN30,19.92
2021-03-15,E1VFVN30,20
2021-03-16,E1VFVN30,19.99
2021-03-17,E1VFVN30,19.98
2021-03-18,E1VFVN30,20.28
2021-03-19,E1VFVN30,20.2
2021-03-22,E1VFVN30,20.16
2021-03-23,E1VFVN30,19.95
2021-03-24,E1VFVN30,19.7
2021-03-25,E1VFVN30,19.6
2021-03-26,E1VFVN30,19.65
2021-03-29,E1VFVN30,19.89
2021-03-30,E1VFVN30,20
2021-03-31,E1VFVN30,20.1
2021-04-01,E1VFVN30,20.6
2021-04-02,E1VFVN30,20.84
2021-04-05,E1VFVN30,21.06
2021-04-06,E1VFVN30,21.04
2021-04-07,E1VFVN30,21.11
2021-04-08,E1VFVN30,20.9
2021-04-09,E1VFVN30,21
2021-04-12,E1VFVN30,21.47
2021-04-13,E1VFVN30,21.2
2021-04-14,E1VFVN30,21.11
2021-04-15,E1VFVN30,21.59
2021-04-16,E1VFVN30,21.5
2021-04-19,E1VFVN30,21.98
2021-04-20,E1VFVN30,22.38
2021-04-22,E1VFVN30,21.69
2021-04-23,E1VFVN30,22
2021-04-26,E1VFVN30,21.26
2021-04-27,E1VFVN30,21.46
2021-04-28,E1VFVN30,21.63
2021-04-29,E1VFVN30,22
2021-05-04,E1VFVN30,22.2
2021-05-05,E1VFVN30,22.5
2021-05-06,E1VFVN30,22.4
2021-05-07,E1VFVN30,22.5
2021-05-10,E1VFVN30,22.99
2021-05-11,E1VFVN30,23.23
2021-05-12,E1VFVN30,23.09
2021-05-13,E1VFVN30,23
2021-05-14,E1VFVN30,23
2021-05-17,E1VFVN30,23
2021-05-18,E1VFVN30,23.04
2021-05-19,E1VFVN30,23.21
2021-05-20,E1VFVN30,23.53
2021-05-21,E1VFVN30,23.84
2021-05-24,E1VFVN30,25.5
2021-05-25,E1VFVN30,24.2
2021-05-26,E1VFVN30,24.37
2021-05-27,E1VFVN30,24.36
2021-05-28,E1VFVN30,24.48
2021-05-31,E1VFVN30,24.69
2021-06-01,E1VFVN30,24.97
2021-06-02,E1VFVN30,24.59
2021-06-03,E1VFVN30,25.26
2021-06-04,E1VFVN30,25.24
2021-06-07,E1VFVN30,24.92
2021-06-08,E1VFVN30,24.46
2021-06-09,E1VFVN30,24.6
2021-06-10,E1VFVN30,24.5
2021-06-11,E1VFVN30,24.98
2021-06-14,E1VFVN30,25.1
2021-06-15,E1VFVN30,25.05
2021-06-16,E1VFVN30,24.78
2021-06-17,E1VFVN30,24.57
2021-06-18,E1VFVN30,24.9
2021-06-21,E1VFVN30,24.92
2021-06-22,E1VFVN30,25.11
2021-06-23,E1VFVN30,25.1
2021-06-24,E1VFVN30,24.9
2021-06-25,E1VFVN30,25.26
2021-06-28,E1VFVN30,25.6
2021-06-29,E1VFVN30,25.8
2021-06-30,E1VFVN30,25.84
2021-07-01,E1VFVN30,25.89