date,E1VFVN30,HPG,VCB,VIC,VNM
2015-09-09,9300,7260.9000000000005,31590.2,25466.5,47321.6
2015-09-10,9300,7190,31728.100000000002,25770.399999999998,48292.299999999996
2015-09-11,9200,7024.4,30900.4,25527.3,47807
2015-09-14,9300,6929.8,29796.9,25405.7,47321.6
2015-09-15,9100,6906.1,29452,25345,47321.6
2015-09-16,9100,7024.4,30348.600000000002,25345,47321.6
2015-09-17,9200,7095.4,30072.8,25527.3,47321.6
2015-09-18,9300,7284.6,30348.600000000002,25527.3,47807
2015-09-21,9400,7497.4,30831.5,26074.3,48049.700000000004
2015-09-22,9400,7521.0999999999995,30762.5,26013.5,49505.7
2015-09-23,9400,7473.8,30693.5,25831.2,49020.4
2015-09-24,9300,7426.5,30417.6,25770.399999999998,48535
2015-09-25,9300,7355.5,30348.600000000002,25588.100000000002,49020.4
2015-09-28,9300,7142.7,29658.899999999998,25527.3,49505.7
2015-09-29,9200,7119,29521,25284.199999999997,48535
2015-09-30,9500,7190,29589.9,25345,48535
2015-10-01,9300,7260.9000000000005,29658.899999999998,25284.199999999997,49020.4
2015-10-02,9300,7308.2,29658.899999999998,25284.199999999997,48535
2015-10-05,9300,7426.5,30003.8,25284.199999999997,49991.100000000006
2015-10-06,9400,7568.4,31245.3,25588.100000000002,49991.100000000006
2015-10-07,9400,7450.1,31176.300000000003,25831.2,49505.7
2015-10-08,9600,7615.700000000001,32348.9,26439,49020.4
2015-10-09,9600,7663,32073,26317.399999999998,49020.4
2015-10-12,9700,7757.6,33176.6,26256.6,49020.4
2015-10-13,9600,7663,33038.600000000006,26013.5,49505.7
2015-10-14,9500,7639.3,32555.8,25831.2,51447.1
2015-10-15,9500,7639.3,32693.800000000003,25831.2,50961.799999999996
2015-10-16,9600,7568.4,32211,26013.5,51447.1
2015-10-19,9700,7568.4,31728.100000000002,25952.8,53873.9
2015-10-20,9600,7426.5,31314.3,25648.9,54359.200000000004
2015-10-21,9700,7379.2,31452.2,25345,54844.6
2015-10-22,9700,7426.5,31866.1,25831.2,55329.9
2015-10-23,9800,7521.0999999999995,32348.9,26986,55815.3
2015-10-26,9800,7544.7,32211,27046.8,54844.6
2015-10-27,9700,7497.4,32142.000000000004,26986,55329.9
2015-10-28,9700,7426.5,31797.1,26986,55329.9
2015-10-29,9800,7450.1,32211,27958.5,57756.700000000004
2015-10-30,9800,7450.1,32900.7,27654.6,57271.299999999996
2015-11-02,9700,7379.2,32900.7,27350.7,56786
2015-11-03,9900,7450.1,33245.600000000006,27958.5,59698.1
2015-11-04,9900,7355.5,33245.600000000006,27715.399999999998,59698.1
2015-11-05,9900,7331.9,33038.600000000006,27654.6,62124.8
2015-11-06,9900,7331.9,33107.6,27411.5,62610.2
2015-11-09,9900,7260.9000000000005,33866.3,27411.5,61639.5
2015-11-10,9900,7213.5999999999995,33314.5,27046.8,62124.8
2015-11-11,9800,7166.299999999999,32900.7,26803.7,63095.5
2015-11-12,9700,7119,32831.7,26560.5,64066.2
2015-11-13,9800,7119,32762.7,26925.2,66493
2015-11-16,9900,7000.8,32486.800000000003,26378.2,67949
2015-11-17,9800,7142.7,32555.8,26378.2,65036.9
2015-11-18,9800,7119,32555.8,26560.5,64066.2
2015-11-19,9700,7048.0999999999995,32417.9,26378.2,63095.5
2015-11-20,9700,7071.7,32417.9,26560.5,63580.9
2015-11-23,9700,7142.7,32211,26560.5,61639.5
2015-11-24,9500,7119,31866.1,26378.2,59698.1
2015-11-25,9700,7355.5,31728.100000000002,26378.2,60668.799999999996
2015-11-26,9700,7497.4,31314.3,26256.6,59698.1
2015-11-27,9400,7402.8,30555.6,25892,60183.4
2015-11-30,9400,7213.5999999999995,29589.9,26013.5,60183.4
2015-12-01,9400,7166.299999999999,29038.1,26013.5,59212.7
2015-12-02,9300,7237.3,29107.1,25892,59698.1
2015-12-03,9400,7237.3,29383,26013.5,59698.1
2015-12-04,9300,7166.299999999999,29176.100000000002,25709.6,59698.1
2015-12-07,9300,7071.7,28141.5,25709.6,58242
2015-12-08,9300,7166.299999999999,29727.9,25770.399999999998,60668.799999999996
2015-12-09,9300,7048.0999999999995,28555.3,25405.7,59698.1
2015-12-10,9300,6953.5,28417.4,25101.8,59698.1
2015-12-11,9200,7048.0999999999995,28486.3,25223.4,59698.1
2015-12-14,9200,7237.3,28693.3,25101.8,60183.4
2015-12-15,9400,7237.3,29796.9,25223.4,61154.1
2015-12-16,9400,7213.5999999999995,30003.8,25345,62124.8
2015-12-17,9400,7190,30348.600000000002,25466.5,62124.8
2015-12-18,9400,7190,28417.4,24311.699999999997,62124.8
2015-12-21,9300,7095.4,29314,25223.4,60668.799999999996
2015-12-22,9300,7024.4,29314,25284.199999999997,60668.799999999996
2015-12-23,9200,6977.1,29245.100000000002,25345,60183.4
2015-12-24,9200,6977.1,29107.1,25527.3,60668.799999999996
2015-12-25,9300,6977.1,29314,25770.399999999998,60183.4
2015-12-28,9300,6835.200000000001,29314,26439,61639.5
2015-12-29,9500,6835.200000000001,30348.600000000002,27654.6,61639.5
2015-12-30,9600,6929.8,30555.6,27958.5,61639.5
2015-12-31,9600,6906.1,30279.699999999997,27776.1,62124.8
2016-01-04,9400,6811.5,29796.9,28870.2,61154.1
2016-01-05,9400,6740.5999999999995,29314,28870.2,60668.799999999996
2016-01-06,9300,6858.799999999999,29658.899999999998,28870.2,61154.1
2016-01-07,9300,6669.6,29314,29174.1,60183.4
2016-01-08,9100,6551.4000000000005,29107.1,29174.1,59212.7
2016-01-11,9200,6551.4000000000005,28900.2,29356.4,58727.4
2016-01-12,9200,6622.3,29452,29174.1,59698.1
2016-01-13,9200,6504.1,29176.100000000002,29113.3,58727.4
2016-01-14,9100,6267.5999999999995,28831.2,29174.1,58727.4
2016-01-15,9000,6031.1,28003.5,28870.2,58242
2016-01-18,8700,5865.5,26624,28870.2,56786
2016-01-19,8700,5960.0999999999995,27796.600000000002,28870.2,57756.700000000004
2016-01-20,8800,5960.0999999999995,27589.7,28809.4,56786
2016-01-21,8700,6031.1,27175.8,29052.5,56300.600000000006
2016-01-22,8700,6054.700000000001,27313.8,29356.4,55329.9
2016-01-25,8900,6433.0999999999995,28762.2,29356.4,57271.299999999996
2016-01-26,8800,6243.9,28003.5,29174.1,55815.3
2016-01-27,9000,6338.5,27934.6,28870.2,56786
2016-01-28,9000,6267.5999999999995,27934.6,29356.4,56300.600000000006
2016-01-29,8900,6504.1,28555.3,28930.9,56300.600000000006
2016-02-01,9000,6314.9,28072.5,28566.3,57756.700000000004
2016-02-02,9000,6338.5,27865.600000000002,28566.3,57756.700000000004
2016-02-03,8800,6338.5,27313.8,28566.3,58727.4
2016-02-04,8900,6385.799999999999,27589.7,28566.3,59212.7
2016-02-05,9000,6385.799999999999,27658.7,28323.1,60183.4
2016-02-15,8900,6243.9,27796.600000000002,27654.6,61154.1
2016-02-16,9000,6314.9,27796.600000000002,27715.399999999998,62124.8
2016-02-17,9000,6314.9,27451.699999999997,27654.6,63095.5
2016-02-18,9000,6338.5,27796.600000000002,27958.5,62610.2
2016-02-19,9000,6385.799999999999,27658.7,27411.5,62610.2
2016-02-22,9100,6433.0999999999995,27865.600000000002,27472.2,63095.5
2016-02-23,9100,6433.0999999999995,28279.399999999998,27715.399999999998,63095.5
2016-02-24,9200,6433.0999999999995,29176.100000000002,27593.800000000003,63580.9
2016-02-25,9200,6456.8,28831.2,27654.6,62610.2
2016-02-26,9200,6716.9,28969.2,27350.7,63095.5
2016-02-29,9200,6598.7,28279.399999999998,26803.7,62124.8
2016-03-01,9200,6480.4000000000005,28072.5,26803.7,63095.5
2016-03-02,9200,6433.0999999999995,28762.2,27350.7,64066.2
2016-03-03,9300,6385.799999999999,28693.3,27593.800000000003,63580.9
2016-03-04,9200,6504.1,28831.2,27836.9,64066.2
2016-03-07,9200,6575,28831.2,27836.9,63580.9
2016-03-08,9200,6835.200000000001,28693.3,28201.6,63580.9
2016-03-09,9200,6740.5999999999995,28555.3,28262.399999999998,63580.9
2016-03-10,9200,6764.2,28693.3,28262.399999999998,63580.9
2016-03-11,9300,6811.5,28693.3,27593.800000000003,66007.59999999999
2016-03-14,9400,7095.4,28762.2,27593.800000000003,65522.3
2016-03-15,9200,7095.4,28969.2,27350.7,66007.59999999999
2016-03-16,9300,7071.7,29796.9,27107.600000000002,66493
2016-03-17,9300,7095.4,29452,27350.7,66978.3
2016-03-18,9300,7024.4,29314,26803.7,66978.3
2016-03-21,9300,7048.0999999999995,29589.9,27472.2,65522.3
2016-03-22,9300,6977.1,29865.8,27654.6,64551.59999999999
2016-03-23,9300,6929.8,29589.9,27593.800000000003,65036.9
2016-03-24,9200,6811.5,29038.1,27411.5,65522.3
2016-03-25,9200,6858.799999999999,29521,27836.9,65036.9
2016-03-28,9200,7071.7,29521,28383.9,65522.3
2016-03-29,9100,7048.0999999999995,28969.2,28444.7,65036.9
2016-03-30,9200,6977.1,29038.1,28566.3,66007.59999999999
2016-03-31,9100,6977.1,28279.399999999998,28687.8,65036.9
2016-04-01,9100,6858.799999999999,28210.4,28687.8,65036.9
2016-04-04,9100,6906.1,28210.4,28627,65036.9
2016-04-05,9000,6929.8,28279.399999999998,28627,66493
2016-04-06,9200,7142.7,28969.2,28930.9,66493
2016-04-07,9200,7119,28762.2,28687.8,68434.4
2016-04-08,9300,7284.6,28555.3,28870.2,69405.1
2016-04-11,9300,7450.1,28693.3,30693.5,69405.1
2016-04-12,9300,7497.4,29038.1,31605.2,69405.1
2016-04-13,9300,7355.5,28900.2,31605.2,68919.70000000001
2016-04-14,9400,7426.5,29176.100000000002,31909.1,68919.70000000001
2016-04-15,9400,7402.8,29314,31605.2,69405.1
2016-04-19,9200,7308.2,29245.100000000002,30207.3,67463.7
2016-04-20,9200,7379.2,29521,30693.5,66007.59999999999
2016-04-21,9300,7450.1,29589.9,31301.300000000003,66493
2016-04-22,9400,7733.9000000000005,31521.2,33124.7,67949
2016-04-25,9500,7804.9,31659.199999999997,31909.1,67463.7
2016-04-26,9500,7804.9,32555.8,32820.799999999996,67949
2016-04-27,9500,7733.9000000000005,31728.100000000002,32213,66978.3
2016-04-28,9400,7686.6,31866.1,31605.2,66978.3
2016-04-29,9500,7923.2,31728.100000000002,31909.1,67463.7
2016-05-04,9500,8277.900000000001,31797.1,30997.399999999998,68919.70000000001
2016-05-05,9600,8277.900000000001,32486.800000000003,31301.300000000003,68919.70000000001
2016-05-06,9600,8041.4,33521.5,31909.1,68919.70000000001
2016-05-09,9600,8017.799999999999,33107.6,31605.2,69890.4
2016-05-10,9500,7923.2,33521.5,31605.2,69405.1
2016-05-11,9600,8159.700000000001,33797.4,32516.9,70861.09999999999
2016-05-12,9700,8041.4,33107.6,32516.9,70375.8
2016-05-13,9700,7875.8,32831.7,32516.9,69890.4
2016-05-16,9700,7852.2,33314.5,33428.600000000006,70861.09999999999
2016-05-17,9800,7946.799999999999,33314.5,33124.7,71346.5
2016-05-18,9900,7828.5,33797.4,32516.9,70375.8
2016-05-19,9900,7852.2,33176.6,32516.9,70375.8
2016-05-20,9900,7852.2,32693.800000000003,31301.300000000003,70861.09999999999
2016-05-23,9800,7970.5,31797.1,31605.2,70861.09999999999
2016-05-24,9700,7970.5,31659.199999999997,31605.2,70375.8
2016-05-25,9900,7970.5,31728.100000000002,31605.2,69890.4
2016-05-26,9700,7852.2,31245.3,30997.399999999998,68434.4
2016-05-27,9700,7875.8,31245.3,31301.300000000003,69405.1
2016-05-30,9800,7994.1,32279.899999999998,32516.9,68919.70000000001
2016-05-31,9800,7994.1,32211,31909.1,68919.70000000001
2016-06-01,9800,8135.999999999999,32348.9,32516.9,68434.4
2016-06-02,9800,8325.2,32486.800000000003,32516.9,68434.4
2016-06-03,9900,8419.800000000001,32624.8,32820.799999999996,68435.1
2016-06-06,9900,8372.5,32969.700000000004,32516.9,66958.1
2016-06-07,9900,8585.4,33176.6,33124.7,67450.5
2016-06-08,10000,8727.3,33038.600000000006,33124.7,67942.8
2016-06-09,10100,8680,33176.6,33124.7,67942.8
2016-06-10,10100,8750.9,33452.5,32820.799999999996,67450.5
2016-06-13,10000,8632.7,33383.5,31909.1,67450.5
2016-06-14,9900,8963.800000000001,33314.5,32516.9,67450.5
2016-06-15,9900,8987.5,32969.700000000004,32516.9,67450.5
2016-06-16,9900,9011.1,32900.7,32516.9,67450.5
2016-06-17,9800,8845.5,32486.800000000003,31605.2,67450.5
2016-06-20,9900,9082.1,32348.9,32516.9,67450.5
2016-06-21,9900,9271.3,32417.9,32820.799999999996,68435.1
2016-06-22,9900,9365.9,32279.899999999998,31909.1,68435.1
2016-06-23,9900,9484.1,33107.6,32213,68927.5
2016-06-24,9700,9176.7,32279.899999999998,31605.2,67450.5
2016-06-27,9700,9224,31866.1,32653.100000000002,67450.5
2016-06-28,9700,9153,32003.999999999996,32180.8,68927.5
2016-06-29,9800,9294.9,32624.8,32383.2,68435.1
2016-06-30,9900,9365.9,32624.8,33327.7,69419.79999999999
2016-07-01,10100,9413.199999999999,32762.7,34407.200000000004,70404.5
2016-07-04,10000,9436.8,33935.299999999996,34407.200000000004,71389.2
2016-07-05,10100,9507.8,34832,34407.200000000004,70896.8
2016-07-06,10100,9697,34487.1,34407.200000000004,70404.5
2016-07-07,10200,10122.7,35176.8,34744.5,72373.90000000001
2016-07-08,10200,10099.1,35176.8,34744.5,72373.90000000001
2016-07-11,10200,9578.699999999999,35866.6,34407.200000000004,71881.5
2016-07-12,10200,9720.599999999999,37246.1,35081.8,72373.90000000001
2016-07-13,10400,9838.900000000001,39660.200000000004,37105.8,72373.90000000001
2016-07-14,10300,9507.8,38625.6,36093.8,71881.5
2016-07-15,10500,9602.4,37246.1,36768.4,72373.90000000001
2016-07-18,10400,10004.5,38280.700000000004,36431.1,73850.9
2016-07-19,10500,9933.5,38625.6,35081.8,75327.9
2016-07-20,10500,9720.599999999999,37935.8,33732.5,77789.59999999999
2016-07-21,10400,9744.300000000001,38280.700000000004,34069.8,77297.3
2016-07-22,10200,9507.8,35866.6,33732.5,76804.90000000001
2016-07-25,10200,9673.3,36556.3,34069.8,75820.2
2016-07-26,10200,10004.5,36556.3,34069.8,77297.3
2016-07-27,10200,10217.3,37590.899999999994,34407.200000000004,77789.59999999999
2016-07-28,10300,10548.400000000001,37935.8,35419.1,78774.3
2016-07-29,10300,10524.800000000001,37246.1,34407.200000000004,77789.59999999999
2016-08-01,10200,10430.199999999999,36556.3,34744.5,76312.6
2016-08-02,10100,10099.1,35521.700000000004,34407.200000000004,74835.6
2016-08-03,10000,10217.3,34832,33260.2,75820.2
2016-08-04,10000,10075.4,35866.6,32045.9,76804.90000000001
2016-08-05,9800,10193.699999999999,35176.8,30156.9,77789.59999999999
2016-08-08,9800,10122.7,35866.6,30156.9,77789.59999999999
2016-08-09,9900,10241,36556.3,30696.6,79758.9
2016-08-10,10000,10714,36901.200000000004,32788,80743.6
2016-08-11,10100,10879.5,38625.6,33057.899999999994,83205.29999999999
2016-08-12,10300,10832.2,37590.899999999994,33057.899999999994,82713
2016-08-15,10200,10950.5,37590.899999999994,33057.899999999994,83205.29999999999
2016-08-16,10300,11116.099999999999,37246.1,32315.7,83205.29999999999
2016-08-17,10400,11494.5,36556.3,32315.7,84190
2016-08-18,10400,11541.800000000001,36556.3,32315.7,85667
2016-08-19,10400,11399.900000000001,36901.200000000004,32180.8,86470.8
2016-08-22,10400,11470.800000000001,36901.200000000004,31641.100000000002,84656.7
2016-08-23,10400,11660,36556.3,32720.5,86470.8
2016-08-24,10400,11589.1,37246.1,32720.5,87680.2
2016-08-25,10400,12064.7,37246.1,32585.6,87680.2
2016-08-26,10500,11952.5,39660.200000000004,32383.2,88284.9
2016-08-29,10600,11643.800000000001,39660.200000000004,32383.2,91308.3
2016-08-30,10600,11756.1,38280.700000000004,32450.699999999997,91913
2016-08-31,10600,12008.6,37246.1,32450.699999999997,94331.8
2016-09-01,10600,11896.3,36211.5,32383.2,93122.4
2016-09-05,10600,11784.1,34832,32315.7,93122.4
2016-09-06,10600,11868.3,34832,32315.7,90703.59999999999
2016-09-07,10500,12345.3,34832,32045.9,88284.9
2016-09-08,10600,12597.8,34832,32248.3,88889.6
2016-09-09,10600,12429.4,36764.299999999996,32922.9,86470.8
2016-09-12,10500,12064.7,35576.799999999996,33597.6,85382.40000000001
2016-09-13,10500,12261.1,34199.3,33125.3,87619.7
2016-09-14,10580,12233,34674.3,32585.6,87075.5
2016-09-15,10460,12401.400000000001,34199.3,34049.6,86470.8
2016-09-16,10460,12485.5,33249.4,35537.2,83447.40000000001
2016-09-19,10400,12794.2,34816.8,34958.7,82238
2016-09-20,10400,12752.1,35576.799999999996,35206.6,82238
2016-09-21,10600,12794.2,35576.799999999996,36115.7,83326.40000000001
2016-09-22,10750,12962.5,35624.299999999996,36363.6,82963.6
2016-09-23,10750,12878.4,35481.8,36652.9,84656.7
2016-09-26,10790,12892.4,35719.299999999996,36942.100000000006,85261.4
2016-09-27,10720,12976.6,36669.3,37975.200000000004,84656.7
2016-09-28,10880,13102.800000000001,37049.3,36900.799999999996,84656.7
2016-09-29,10840,13018.599999999999,36384.3,37148.8,84656.7
2016-09-30,10860,12822.2,36384.3,36776.899999999994,84656.7
2016-10-03,10800,12485.5,36004.3,35537.2,84959.1
2016-10-04,10700,12331.2,36004.3,36363.6,84959.1
2016-10-05,10700,12233,36289.299999999996,36198.3,84898.6
2016-10-06,10770,12036.6,36431.8,35289.299999999996,85866.1
2016-10-07,10640,11531.599999999999,36051.8,35371.899999999994,85624.2
2016-10-10,10600,10998.5,35624.299999999996,34793.4,84717.20000000001
2016-10-11,10560,11756.1,35909.3,34793.4,84959.1
2016-10-12,10560,11447.4,35719.299999999996,34876,85563.8
2016-10-13,10600,11587.7,35434.3,35537.2,85866.1
2016-10-14,10660,11335.2,35339.3,35537.2,87075.5
2016-10-17,10590,11166.9,34579.3,35537.2,85987.09999999999
2016-10-18,10640,11419.4,34626.8,35454.5,87075.5
2016-10-19,10600,11573.7,34864.3,36198.3,88284.9
2016-10-20,10600,11545.6,34864.3,35785.1,87619.7
2016-10-21,10640,11503.5,34864.3,35537.2,87196.4
2016-10-24,10640,11279.1,34294.3,35537.2,85261.4
2016-10-25,10450,11110.699999999999,33961.799999999996,35289.299999999996,85261.4
2016-10-26,10390,11096.7,33534.4,35082.6,85321.9
2016-10-27,10390,11096.7,34484.299999999996,35371.899999999994,86168.5
2016-10-28,10390,11447.4,34484.299999999996,35413.200000000004,86652.2
2016-10-31,10520,11433.400000000001,34199.3,35124,85866.1
2016-11-01,10400,11335.2,34104.3,35330.6,85805.7
2016-11-02,10380,11082.7,33629.399999999994,34958.7,85321.9
2016-11-03,10210,11026.6,33249.4,35041.3,85503.3
2016-11-04,10200,11110.699999999999,33249.4,35041.3,85201
2016-11-07,10300,11531.599999999999,34436.799999999996,35330.6,84777.7
2016-11-08,10400,11643.800000000001,34579.3,35371.899999999994,84898.6
2016-11-09,10200,11489.5,34199.3,35124,84656.7
2016-11-10,10310,11643.800000000001,34579.3,35371.899999999994,85261.4
2016-11-11,10310,11489.5,34436.799999999996,36363.6,84959.1
2016-11-14,10310,11559.699999999999,34009.3,35454.5,83568.29999999999
2016-11-15,10310,11784.1,34009.3,35330.6,83024.1
2016-11-16,10300,11812.2,34009.3,35289.299999999996,84052
2016-11-17,10300,11728,33866.799999999996,35289.299999999996,84052
2016-11-18,10300,11587.7,33771.799999999996,35206.6,82963.6
2016-11-21,10300,11784.1,33914.299999999996,35206.6,83749.7
2016-11-22,10300,11756.1,34199.3,35206.6,85080
2016-11-23,10300,11685.9,34484.299999999996,35289.299999999996,84052
2016-11-24,10500,11699.9,34199.3,35124,82661.3
2016-11-25,10450,11714,34009.3,35124,81330.9
2016-11-28,10240,11419.4,33724.3,35124,78126.09999999999
2016-11-29,10180,11321.199999999999,33249.4,34297.5,81210
2016-11-30,10130,11812.2,33439.4,34710.700000000004,83447.40000000001
2016-12-01,10260,11714,33486.9,34710.700000000004,81754.2
2016-12-02,10190,11840.199999999999,33534.4,34710.700000000004,81633.3
2016-12-05,10150,11896.3,33154.4,34669.4,81633.3
2016-12-06,9990,11475.5,32441.899999999998,34462.8,81028.59999999999
2016-12-07,9970,11461.5,32679.4,34710.700000000004,80121.6
2016-12-08,10010,11475.5,33249.4,34710.700000000004,81754.2
2016-12-09,10050,11475.5,33296.9,34710.700000000004,82117
2016-12-12,9980,11419.4,33154.4,34710.700000000004,80847.2
2016-12-13,9900,11377.3,32679.4,34710.700000000004,79214.5
2016-12-14,9850,11685.9,33059.399999999994,35082.6,79093.59999999999
2016-12-15,9900,11587.7,33249.4,34710.700000000004,77158.6
2016-12-16,9900,11728,33344.4,35124,78549.40000000001
2016-12-19,10110,11643.800000000001,33391.9,35371.899999999994,77884.20000000001
2016-12-20,10050,11587.7,33201.9,34586.799999999996,75344.5
2016-12-21,10050,11756.1,33201.9,34214.9,76251.5
2016-12-22,10040,11924.4,33154.4,34710.700000000004,74437.5
2016-12-23,10000,12050.7,33819.299999999996,34793.4,74981.7
2016-12-26,10060,12289.1,34294.3,34710.700000000004,74074.6
2016-12-27,10090,12106.8,34199.3,34958.7,75586.4
2016-12-28,10080,12233,33819.299999999996,34380.200000000004,76191.1
2016-12-29,10120,12120.8,33676.8,34628.100000000006,77763.3
2016-12-30,10170,12106.8,33676.8,34710.700000000004,75949.20000000001
2017-01-03,10190,12345.3,35386.8,34380.200000000004,76614.3
2017-01-04,10250,12345.3,35149.299999999996,34752.1,76735.29999999999
2017-01-05,10290,12373.300000000001,35291.8,34958.7,76614.3
2017-01-06,10350,12176.9,36004.3,35619.799999999996,76191.1
2017-01-09,10370,12106.8,36764.299999999996,35702.5,76191.1
2017-01-10,10370,12303.2,36479.3,35454.5,76251.5
2017-01-11,10430,12345.3,36526.8,35537.2,76795.8
2017-01-12,10430,12247.1,36004.3,35537.2,76795.8
2017-01-13,10410,12120.8,35576.799999999996,35785.1,76735.29999999999
2017-01-16,10340,11784.1,35481.8,35413.200000000004,76493.4
2017-01-17,10340,11784.1,37001.8,35247.9,76251.5
2017-01-18,10360,11671.900000000001,36384.3,34793.4,76191.1
2017-01-19,10360,11629.8,36099.3,34710.700000000004,76191.1
2017-01-20,10360,11840.199999999999,36099.3,34710.700000000004,76795.8
2017-01-23,10360,11784.1,36194.299999999996,34710.700000000004,77400.40000000001
2017-01-24,10410,11784.1,36669.3,34297.5,77400.40000000001
2017-01-25,10450,11868.3,37334.299999999996,34710.700000000004,78005.1
2017-02-02,10520,11980.5,37476.799999999996,35124,80423.90000000001
2017-02-03,10610,12120.8,36764.299999999996,34710.700000000004,80968.1
2017-02-06,10600,12373.300000000001,36764.299999999996,35041.3,80544.79999999999
2017-02-07,10650,12513.6,37286.8,35371.899999999994,80907.70000000001
2017-02-08,10670,12527.6,37761.8,35330.6,80968.1
2017-02-09,10700,12499.599999999999,37714.3,35247.9,81089.1
2017-02-10,10730,12443.5,37334.299999999996,35124,80907.70000000001
2017-02-13,10760,12555.7,36906.799999999996,35124,80907.70000000001
2017-02-14,10760,12653.9,36764.299999999996,35165.3,80363.4
2017-02-15,10840,12667.9,37049.3,36776.899999999994,80423.90000000001
2017-02-16,10900,12541.7,36669.3,36363.6,79819.2
2017-02-17,10890,12429.4,36384.3,36363.6,78609.8
2017-02-20,10800,11784.1,36051.8,37438,78609.8
2017-02-21,10920,11854.300000000001,36479.3,38388.399999999994,78791.2
2017-02-22,10900,11279.1,36004.3,37768.6,78851.7
2017-02-23,10860,11391.3,35719.299999999996,37396.700000000004,78791.2
2017-02-24,10870,11349.199999999999,35576.799999999996,37396.700000000004,79758.70000000001
2017-02-27,10820,11293.1,36289.299999999996,37975.200000000004,79698.3
2017-02-28,10820,11223,35529.299999999996,37190.1,79456.40000000001
2017-03-01,10700,11475.5,35339.3,36942.100000000006,79093.59999999999
2017-03-02,10720,11784.1,35054.299999999996,36446.3,78428.4
2017-03-03,10690,11503.5,35624.299999999996,36776.899999999994,78549.40000000001
2017-03-06,10740,11559.699999999999,35434.3,36983.5,79154.1
2017-03-07,10750,11559.699999999999,35624.299999999996,37066.1,78609.8
2017-03-08,10790,11573.7,35814.3,36776.899999999994,78972.6
2017-03-09,10830,11784.1,35909.3,36528.9,78912.2
2017-03-10,10860,11812.2,35624.299999999996,36528.9,78549.40000000001
2017-03-13,10860,11812.2,35196.8,36528.9,78428.4
2017-03-14,10890,11798.1,35196.8,36405,79033.1
2017-03-15,10850,11657.9,35101.799999999996,35950.4,80423.90000000001
2017-03-16,10850,11728,35244.3,36363.6,81028.59999999999
2017-03-17,10900,11587.7,35149.299999999996,36198.3,81028.59999999999
2017-03-20,11000,11742,35671.799999999996,35785.1,80968.1
2017-03-21,11030,12022.6,36099.3,34256.2,81996.09999999999
2017-03-22,11080,11896.3,35814.3,34421.5,82600.8
2017-03-23,11180,11994.5,36336.799999999996,35124,84777.7
2017-03-24,11320,12078.699999999999,36099.3,35000,85684.70000000001
2017-03-27,11290,12078.699999999999,35909.3,35000,85866.1
2017-03-28,11250,12050.7,35529.299999999996,34710.700000000004,85140.5
2017-03-29,11320,12176.9,35434.3,34876,85745.2
2017-03-30,11320,12604.8,35339.3,34876,87075.5
2017-03-31,11300,12857.300000000001,35054.299999999996,34545.5,86652.2
2017-04-03,11340,13446.5,34579.3,34297.5,87256.90000000001
2017-04-04,11370,13593.8,34959.299999999996,34710.700000000004,87075.5
2017-04-05,11360,13236.1,35006.799999999996,34380.200000000004,86712.7
2017-04-07,11290,13404.400000000001,34959.299999999996,34710.700000000004,86228.9
2017-04-10,11400,13446.5,34864.3,35041.3,86228.9
2017-04-11,11390,13425.5,35054.299999999996,35165.3,86773.2
2017-04-12,11380,13299.2,34959.299999999996,34752.1,87075.5
2017-04-13,11340,13257.099999999999,34911.8,35041.3,86531.3
2017-04-14,11140,13004.6,34531.799999999996,34504.1,85684.70000000001
2017-04-17,11000,12836.3,33724.3,34504.1,85866.1
2017-04-18,10960,12731.1,34056.8,34462.8,87317.40000000001
2017-04-19,11080,13025.7,34104.3,34297.5,87922.1
2017-04-20,11040,12815.2,33629.399999999994,33553.7,87619.7
2017-04-21,11030,12815.2,33724.3,33471.1,87498.8
2017-04-24,10950,12646.9,33344.4,33057.899999999994,87075.5
2017-04-25,10920,12541.7,33344.4,33347.1,86712.7
2017-04-26,10990,12289.1,33296.9,33388.399999999994,87015
2017-04-27,11140,12415.4,33106.9,33801.7,88587.2
2017-04-28,11140,12373.300000000001,33344.4,33801.7,89494.29999999999
2017-05-03,11180,12247.1,33724.3,33471.1,89675.70000000001
2017-05-04,11210,12289.1,34484.299999999996,33305.799999999996,91026.79999999999
2017-05-05,11230,12289.1,34294.3,33388.399999999994,89862.2
2017-05-08,11190,12268.1,33961.799999999996,33388.399999999994,89433.09999999999
2017-05-09,11240,12499.599999999999,34626.8,33677.700000000004,88268.4
2017-05-10,11350,12625.8,34911.8,33429.8,88513.59999999999
2017-05-11,11320,12689,34959.299999999996,33471.1,88574.9
2017-05-12,11300,12499.599999999999,34626.8,33471.1,88758.79999999999
2017-05-15,11370,12415.4,34484.299999999996,33801.7,88207.09999999999
2017-05-16,11410,12205,34246.8,34297.5,87962
2017-05-17,11380,12226,34389.299999999996,34132.2,90107.4
2017-05-18,11400,11994.5,34531.799999999996,34132.2,89494.4
2017-05-19,11460,12078.699999999999,34911.8,33801.7,90659
2017-05-22,11600,12162.9,35624.299999999996,34049.6,92130.2
2017-05-23,11610,12226,35339.3,33760.3,92865.79999999999
2017-05-24,11780,12352.3,35861.8,33471.1,92865.79999999999
2017-05-25,11700,12352.3,35244.3,33099.200000000004,91946.29999999999
2017-05-26,11770,12289.1,34864.3,33471.1,93172.2
2017-05-29,11850,12541.7,34579.3,33595,92988.29999999999
2017-05-30,11830,12352.3,34484.299999999996,33264.5,91762.4
2017-05-31,11610,12794.2,34389.299999999996,33264.5,91762.4
2017-06-01,11790,12752.1,34484.299999999996,33512.4,93110.9
2017-06-02,11780,12625.8,34484.299999999996,33553.7,92498
2017-06-05,11840,12604.8,35339.3,33553.7,94214.29999999999
2017-06-06,11910,12836.3,36716.799999999996,33595,94520.79999999999
2017-06-07,12100,13215,36384.3,33884.3,94398.2
2017-06-08,12040,13257.099999999999,36004.3,34132.2,94153
2017-06-09,12130,13236.1,36479.3,34380.200000000004,94214.29999999999
2017-06-12,12090,13004.6,36431.8,35000,93601.29999999999
2017-06-13,12140,13215,36621.8,35537.2,93356.09999999999
2017-06-14,12240,13320.3,37239.3,34297.5,94091.7
2017-06-15,12260,13635.9,37524.299999999996,34958.7,94275.59999999999
2017-06-16,12300,13867.699999999999,37524.299999999996,35537.2,93785.2
2017-06-19,12370,13710.4,37714.3,35619.799999999996,94643.4
2017-06-20,12460,13890.2,37524.299999999996,34958.7,93785.2
2017-06-21,12370,13755.4,36716.799999999996,35371.899999999994,94275.59999999999
2017-06-22,12450,13822.800000000001,36194.299999999996,34793.4,93723.9
2017-06-23,12370,13845.3,36194.299999999996,34752.1,93785.2
2017-06-26,12450,13867.699999999999,36574.3,35371.899999999994,94030.4
2017-06-27,12390,13777.8,36336.799999999996,35206.6,94091.7
2017-06-28,12360,13800.3,36146.799999999996,35082.6,95256.4
2017-06-29,12490,14002.599999999999,36289.299999999996,35000,94888.59999999999
2017-06-30,12560,14384.7,36574.3,35289.299999999996,96604.9
2017-07-03,12630,14834.199999999999,36954.3,34958.7,96237.09999999999
2017-07-04,12570,14834.199999999999,36764.299999999996,34710.700000000004,95930.59999999999
2017-07-05,13400,14789.300000000001,36906.799999999996,34710.700000000004,95991.9
2017-07-06,12650,14969.099999999999,37381.799999999996,35041.3,96543.59999999999
2017-07-07,12600,14834.199999999999,36764.299999999996,34710.700000000004,94520.79999999999
2017-07-10,12300,14879.2,36194.299999999996,33966.9,92988.29999999999
2017-07-11,12380,14789.300000000001,36384.3,34793.4,93785.2
2017-07-12,12440,14834.199999999999,36099.3,35206.6,95256.4
2017-07-13,12440,15103.9,36289.299999999996,35206.6,95808
2017-07-14,12470,15148.9,36336.799999999996,35206.6,95072.5
2017-07-17,12270,14766.8,35814.3,35041.3,93110.9
2017-07-18,12020,14407.199999999999,35861.8,34958.7,93172.2
2017-07-19,12140,14294.800000000001,35719.299999999996,34710.700000000004,93785.2
2017-07-20,12110,14227.4,35576.799999999996,35041.3,93172.2
2017-07-21,12040,14115,35149.299999999996,35082.6,92865.79999999999
2017-07-24,12030,14204.9,35434.3,34876,93049.59999999999
2017-07-25,12000,14384.7,35434.3,34710.700000000004,93049.59999999999
2017-07-26,12140,14744.300000000001,35529.299999999996,35206.6,93785.2
2017-07-27,12140,14587,35481.8,34958.7,93723.9
2017-07-28,12270,14587,35624.299999999996,35454.5,93785.2
2017-07-31,12350,14519.6,35861.8,36776.899999999994,93540
2017-08-01,12440,14699.400000000001,36479.3,36694.200000000004,92620.59999999999
2017-08-02,12430,14519.6,36194.299999999996,36694.200000000004,93417.4
2017-08-03,12360,14519.6,36384.3,36694.200000000004,94398.2
2017-08-04,12380,14384.7,36146.799999999996,36818.2,94398.2
2017-08-07,12490,14497.1,36146.799999999996,36776.899999999994,94214.29999999999
2017-08-08,12430,14519.6,36479.3,37107.4,93172.2
2017-08-09,12300,14317.3,35909.3,35950.4,91946.29999999999
2017-08-10,12200,14384.7,35814.3,35702.5,92865.79999999999
2017-08-11,12190,14699.400000000001,35576.799999999996,35950.4,92865.79999999999
2017-08-14,12250,15283.699999999999,35766.8,35950.4,92992
2017-08-15,12220,15059,35434.3,35206.6,92246.6
2017-08-16,12270,15396.1,35624.299999999996,35371.899999999994,91625.4
2017-08-17,12220,15126.4,35434.3,35330.6,92432.90000000001
2017-08-18,12220,15171.4,35624.299999999996,35330.6,92681.4
2017-08-21,12180,14879.2,35529.299999999996,35454.5,92495.09999999999
2017-08-22,12170,14946.6,35054.299999999996,35371.899999999994,92246.6
2017-08-23,12120,15059,35149.299999999996,35785.1,92246.6
2017-08-24,12290,15148.9,35196.8,35991.700000000004,92122.29999999999
2017-08-25,12260,15238.8,35291.8,36818.2,92246.6
2017-08-28,12390,15463.6,35576.799999999996,37603.299999999996,92122.29999999999
2017-08-29,12390,15486,35149.299999999996,38057.899999999994,91625.4
2017-08-30,12460,15665.800000000001,35149.299999999996,40661.200000000004,91936
2017-08-31,12630,15755.699999999999,35244.3,40495.9,92184.5
2017-09-01,12690,15778.2,35576.799999999996,40826.4,94110.20000000001
2017-09-05,12730,15913.1,36241.799999999996,41487.6,94793.5
2017-09-06,12750,16182.800000000001,36099.3,41322.299999999996,93799.59999999999
2017-09-07,12820,15958,35814.3,41281,92867.8
2017-09-08,12800,16160.3,35814.3,41818.2,92619.29999999999
2017-09-11,12820,15868.1,35814.3,40743.8,92184.5
2017-09-12,12810,15935.5,36146.799999999996,40743.8,91998.09999999999
2017-09-13,12820,16587.399999999998,36146.799999999996,39752.1,92060.2
2017-09-14,13040,16497.5,36384.3,40619.799999999996,92122.29999999999
2017-09-15,13020,16632.3,36099.3,40413.200000000004,91936
2017-09-18,13060,16924.5,35719.299999999996,40495.9,92557.2
2017-09-19,13120,17081.800000000003,35529.299999999996,40578.5,92184.5
2017-09-20,13040,17036.899999999998,35909.3,40495.9,92495.09999999999
2017-09-21,12960,16857.1,35956.8,40578.5,91936
2017-09-22,12950,16947,35766.8,40578.5,91749.6
2017-09-25,13000,16857.1,35624.299999999996,40495.9,91936
2017-09-26,13000,16812.100000000002,35766.8,40826.4,91998.09999999999
2017-09-27,12950,16947,35814.3,42231.4,91936
2017-09-28,13060,16969.4,36154.7,41983.5,92557.2
2017-09-29,13000,17486.4,36494.4,42314,92681.4
2017-10-02,12960,17553.8,36542.9,42148.8,92246.6
2017-10-03,12900,17441.4,36494.4,42231.4,91873.90000000001
2017-10-04,13050,17823.5,37659.100000000006,42975.200000000004,92246.6
2017-10-05,13110,17441.4,37562.1,43553.7,92557.2
2017-10-06,13150,17463.899999999998,37901.8,43471.1,92557.2
2017-10-09,13200,17733.6,38241.5,42975.200000000004,92495.09999999999
2017-10-10,13250,17846,38484.1,43140.5,92246.6
2017-10-11,13310,17778.600000000002,38193,45371.899999999994,92246.6
2017-10-12,13400,17756.1,37901.8,45454.5,91936
2017-10-13,13420,17508.9,38193,46281,92805.7
2017-10-16,13420,17081.800000000003,37901.8,45124,92308.7
2017-10-17,13460,17531.4,39794.4,45702.5,92619.29999999999
2017-10-18,13460,17261.600000000002,39503.3,45371.899999999994,92557.2
2017-10-19,13480,16991.9,39309.1,45454.5,92432.90000000001
2017-10-20,13400,16834.6,39600.299999999996,45702.5,92246.6
2017-10-23,13350,16677.3,38726.799999999996,45785.1,91936
2017-10-24,13410,16857.1,38823.9,45867.8,92557.2
2017-10-25,13560,16789.6,39551.8,45702.5,93489
2017-10-26,13520,16632.3,39406.2,45702.5,94296.5
2017-10-27,13720,16947,40765,47107.4,94669.2
2017-10-30,13840,16542.4,40668,47933.9,94358.59999999999
2017-10-31,13780,16632.3,40182.7,48347.1,93799.59999999999
2017-11-01,13750,16047.899999999998,40376.8,48429.8,96284.3
2017-11-02,13710,15643.4,39891.5,49586.799999999996,96843.40000000001
2017-11-03,13710,16272.7,40668,49752.1,96408.6
2017-11-06,13860,16587.399999999998,41250.3,50000,98147.90000000001
2017-11-07,13960,16587.399999999998,41201.799999999996,51239.7,98023.6
2017-11-08,14130,16654.800000000003,42318,54132.2,99514.5
2017-11-09,14020,16654.800000000003,41832.700000000004,56694.200000000004,100943.20000000001
2017-11-10,14150,16744.7,41832.700000000004,54545.5,107962.7
2017-11-13,14220,16475,42123.9,56694.200000000004,114609.4
2017-11-14,14330,16812.100000000002,42512.1,56694.200000000004,111814
2017-11-15,14570,17419,42318,57024.799999999996,112932.2
2017-11-16,14610,17374,43385.7,57768.6,113801.8
2017-11-17,14650,17171.7,43094.5,59008.299999999996,113801.8
2017-11-20,14820,16812.100000000002,43676.8,63057.899999999994,116162.40000000001
2017-11-21,15060,16879.5,45326.799999999996,63636.4,117404.70000000001
2017-11-22,15250,17216.7,46588.6,62809.9,114857.9
2017-11-23,15300,17171.7,46491.6,63223.100000000006,114857.9
2017-11-24,15310,17576.3,46006.3,61570.2,114920
2017-11-27,15300,17643.7,46491.6,62809.9,114920
2017-11-28,15340,17711.2,46782.7,62975.200000000004,114920
2017-11-29,15490,17666.2,47559.2,62975.200000000004,114920
2017-11-30,15640,18520.3,47073.9,61570.2,115976
2017-12-01,15730,18655.2,46879.8,61652.9,121753.1
2017-12-04,15990,18879.899999999998,47947.5,62892.6,126101.4
2017-12-05,15650,18700.1,46685.7,60330.6,123616.6
2017-12-06,15280,18992.3,46588.6,60330.6,121131.90000000001
2017-12-07,15420,18857.399999999998,46200.4,59504.1,115541.2
2017-12-08,15430,18520.3,45666.600000000006,60330.6,116845.7
2017-12-11,15330,18070.8,43288.600000000006,59504.1,118647.09999999999
2017-12-12,15280,17846,43385.7,58843,120821.29999999999
2017-12-13,15130,18115.7,42706.200000000004,59504.1,121007.59999999999
2017-12-14,15360,18273.1,43968,59504.1,124859
2017-12-15,15430,18745.100000000002,44647.399999999994,58016.5,122374.3
2017-12-18,15710,19329.4,46394.5,61157,127343.8
2017-12-19,15740,19599.2,46346,60743.8,126101.4
2017-12-20,15740,19779,47559.2,60743.8,125480.2
2017-12-21,15710,19823.899999999998,47073.9,60330.6,126660.5
2017-12-22,15650,19936.3,49306.3,62479.3,126039.3
2017-12-25,15730,19711.5,49888.6,64462.8,124237.79999999999
2017-12-26,15850,19734,49888.6,64462.8,126039.3
2017-12-27,15860,20408.3,50956.299999999996,63801.7,127343.8
2017-12-28,16040,20588.100000000002,52509.3,63966.9,128411.30000000002
2017-12-29,16180,21060.1,52703.4,63884.3,130538.90000000001
2018-01-02,16410,21442.2,53382.8,64628.100000000006,132353.7
2018-01-03,16650,21397.2,53285.7,66528.9,133855.6
2018-01-04,16750,21667,53771,66942.09999999999,134418.80000000002
2018-01-05,16710,21577,52412.2,66115.7,133605.3
2018-01-08,16980,22251.3,53771,66363.6,131415
2018-01-09,17160,23779.699999999997,56779.899999999994,66611.59999999999,129537.7
2018-01-10,17090,23240.300000000003,56294.600000000006,66776.9,132040.8
2018-01-11,17350,23240.300000000003,57071.1,66942.09999999999,131415
2018-01-12,17450,23420.100000000002,56294.600000000006,70578.5,131352.5
2018-01-15,17600,24543.9,58235.799999999996,72066.1,130476.40000000001
2018-01-16,17580,25173.2,58235.799999999996,71074.4,130351.20000000001
2018-01-17,17250,24094.4,54547.5,69421.5,125845.6
2018-01-18,17250,25173.2,56779.899999999994,69752.1,128661.59999999999
2018-01-19,17550,26836.5,59206.4,69421.5,128661.59999999999
2018-01-22,17850,28589.600000000002,61438.7,70247.9,132416.30000000002
2018-01-25,18500,27645.600000000002,65709.40000000001,70330.6,129537.7
2018-01-26,18150,28724.399999999998,67068.20000000001,70661.2,132541.5
2018-01-29,18010,27645.600000000002,66000.5,70661.2,129224.79999999999
2018-01-30,18000,27555.7,65029.899999999994,70247.9,127973.20000000001
2018-01-31,18000,28005.199999999997,64641.7,71074.4,127347.4
2018-02-01,17800,27420.8,64641.7,71570.2,127034.5
2018-02-02,17900,27465.800000000003,65418.2,72066.1,129537.7
2018-02-05,16910,25622.699999999997,60856.4,67024.8,127097.09999999999
2018-02-06,16440,26072.3,60177,67024.8,123843
2018-02-07,16940,26746.5,61632.9,66942.09999999999,125344.9
2018-02-08,16650,26836.5,61050.5,65289.299999999996,123342.4
2018-02-09,16350.000000000002,26207.100000000002,59109.299999999996,64628.100000000006,119525.09999999999
2018-02-12,17000,26431.899999999998,61632.9,69090.90000000001,120150.9
2018-02-13,17330,27241,62118.200000000004,71157,121089.6
2018-02-21,17670,26971.3,64253.5,74380.2,127159.7
2018-02-22,17450,26476.8,64835.8,74793.40000000001,125783
2018-02-23,17900,27690.5,69300.6,75702.5,126408.8
2018-02-26,18000,28949.2,69785.9,78512.4,125157.2
2018-02-27,18000,28814.399999999998,71047.6,77272.7,125157.2
2018-02-28,18000,29668.399999999998,71630,78429.8,122654
2018-03-01,18150,29983.1,69397.59999999999,77686,122654
2018-03-02,18240,29803.3,69688.8,78099.2,124719.09999999999
2018-03-05,17900,27735.5,66000.5,77686,126659.09999999999
2018-03-06,17900,28724.399999999998,69106.5,81405,126408.8
2018-03-07,17700,27465.800000000003,67553.5,81487.6,128974.5
2018-03-08,18100,27780.4,67456.40000000001,85289.3,130789.3
2018-03-09,18170,27645.600000000002,68912.3,85537.2,130163.5
2018-03-12,18000,27870.4,69882.90000000001,82644.59999999999,128911.90000000001
2018-03-13,18100,27645.600000000002,69882.90000000001,84793.40000000001,131415
2018-03-14,18300,27780.4,71630,84710.7,133292.4
2018-03-15,18210,27241,71630,82231.4,131540.2
2018-03-16,18300,27061.2,72503.5,82396.7,133918.2
2018-03-19,18550,28364.8,72115.3,86281,132666.59999999998
2018-03-20,18650,27645.600000000002,71824.1,86115.7,130789.3
2018-03-21,18780,28319.9,71338.8,89256.20000000001,130789.3
2018-03-22,18910,28230,69882.90000000001,89256.20000000001,130789.3
2018-03-23,18700,27600.6,67844.7,90495.90000000001,129537.7
2018-03-26,18760,26476.8,69785.9,94049.59999999999,130476.40000000001
2018-03-27,18950,26701.6,68912.3,93388.40000000001,133292.4
2018-03-28,18900,26926.4,68427,94628.1,132040.8
2018-03-29,18750,27330.9,68912.3,95041.3,129537.7
2018-03-30,18880,27151.1,68427,96859.5,127034.5
2018-04-02,19100,26521.8,71824.1,101652.90000000001,124969.5
2018-04-03,18960,26297,72115.3,101074.4,121214.7
2018-04-04,19100,26521.8,71338.8,105371.9,125157.2
2018-04-05,19200,26431.899999999998,71338.8,108264.5,123467.6
2018-04-06,19000,27151.1,71338.8,109421.5,124030.8
2018-04-09,19300,27330.9,71630,111487.6,123780.5
2018-04-10,19050,27330.9,72309.4,108264.5,123279.79999999999
2018-04-11,18700,27196.100000000002,69106.5,104132.2,122654
2018-04-12,18720,27735.5,68815.29999999999,104958.7,122841.8
2018-04-13,18600,27510.7,65903.5,105454.5,122466.3
2018-04-16,18500,27016.300000000003,63962.299999999996,106363.6,118899.3
2018-04-17,18550,26836.5,65029.899999999994,107438,115457.5
2018-04-18,18300,26521.8,62894.6,107355.40000000001,117334.90000000001
2018-04-19,18200,25622.699999999997,59206.4,99917.4,117334.90000000001
2018-04-20,17800,26431.899999999998,62118.200000000004,101652.90000000001,116396.2
2018-04-23,17400,24993.4,57847.5,101818.20000000001,114143.4
2018-04-24,17300,25173.2,58235.799999999996,104958.7,112641.5
2018-04-26,16700,24049.399999999998,56488.700000000004,104958.7,113267.3
2018-04-27,16600,24184.3,58235.799999999996,104132.2,115770.4
2018-05-02,16400,24454,56488.700000000004,103305.8,115457.5
2018-05-03,16490,24409,57847.5,101652.90000000001,115770.4
2018-05-04,16520,24274.2,57265.2,102892.6,115144.59999999999
2018-05-07,17200,25173.2,60274,102975.2,118899.3
2018-05-08,17170,25622.699999999997,59206.4,102396.7,115833
2018-05-09,17100,25622.699999999997,57750.5,101570.2,115770.4
2018-05-10,17000,24813.600000000002,54838.700000000004,99586.8,112641.5
2018-05-11,16800,25038.399999999998,56197.5,102479.29999999999,111389.9
2018-05-14,17290,25083.300000000003,56585.799999999996,109090.90000000001,111389.9
2018-05-15,17300,24903.5,56974,109090.90000000001,110138.3
2018-05-16,16990,24274.2,55324,107438,105820.40000000001
2018-05-17,16650,23824.7,55129.9,101652.90000000001,103254.7
2018-05-18,16700,24229.199999999997,54838.700000000004,101652.90000000001,107072
2018-05-21,16400,23914.6,54062.2,94545.5,103880.5
2018-05-22,15630,22700.9,51829.799999999996,87933.9,101377.3
2018-05-23,15900,23240.300000000003,52897.5,85124,104694
2018-05-24,15600,23554.9,51732.799999999996,86033.1,105132
2018-05-25,15400,23420.100000000002,48529.8,88429.8,103880.5
2018-05-28,14800,21891.7,45423.9,91735.5,103254.7
2018-05-29,15100,23375.1,48529.8,90909.09999999999,105507.5
2018-05-30,15000,23734.8,50471,91735.5,103567.6
2018-05-31,15800,25218.2,52509.3,95867.8,102754
2018-06-01,16040,25622.699999999997,55324,98347.09999999999,105257.2
2018-06-04,16340,26971.3,57556.399999999994,99173.59999999999,109512.5
2018-06-05,16450,26521.8,56876.9,100082.6,111716.7
2018-06-06,16730,27330.9,57362.200000000004,102562,110454.3
2018-06-07,16800,27825.399999999998,56974,102644.59999999999,111906
2018-06-08,16780,27555.7,57944.6,102644.59999999999,111716.7
2018-06-11,16860,27241,57265.2,102727.3,113673.3
2018-06-12,16600,26746.5,56294.600000000006,102809.9,114241.4
2018-06-13,16750,27312.899999999998,58138.7,105785.1,114241.4
2018-06-14,16309.999999999998,26809.5,56391.6,104132.2,113610.20000000001
2018-06-15,16540,27061.2,57265.2,102066.1,113610.20000000001
2018-06-18,16000,25299.1,54838.700000000004,101983.5,109002.70000000001
2018-06-19,15110,24134.8,54838.700000000004,101652.90000000001,104963.2
2018-06-20,16000,25173.2,56391.6,103305.8,106541.1
2018-06-21,15560,24701.2,55324,102479.29999999999,107298.5
2018-06-22,15990,25771.100000000002,56974,101487.6,112347.8
2018-06-25,16140,26117.2,57653.399999999994,102231.4,113105.2
2018-06-26,15930,25865.5,57556.399999999994,102148.79999999999,111022.40000000001
2018-06-27,15800,24858.6,56294.600000000006,103471.1,110454.3
2018-06-28,15490,24449.5,56197.5,107500,107298.5
2018-06-29,15580,24166.3,56294.600000000006,107500,107298.5
2018-07-02,15330,24166.3,56391.6,107200,107929.7
2018-07-03,14800,22844.7,54353.4,99700,107298.5
2018-07-04,14990,23348.199999999997,53965.200000000004,105000,105405
2018-07-05,14520,22718.800000000003,50471,106500,104142.70000000001
2018-07-06,14900,23159.4,53382.8,106200,104773.79999999999
2018-07-09,14820,22467.1,52412.2,105000,105405
2018-07-10,14820,22341.2,51538.7,103000,105405
2018-07-11,14460,21649,49694.5,104500,105405
2018-07-12,14510,21239.899999999998,50859.200000000004,103000,106225.5
2018-07-13,14850,22404.2,53188.7,103000,104963.2
2018-07-16,14900,22341.2,53285.7,102500,106036.2
2018-07-17,14950,22718.800000000003,54159.3,104000,105973.1
2018-07-18,15400,23411.100000000002,55809.3,105000,106667.3
2018-07-19,15410,23411.100000000002,55129.9,105000,107614.09999999999
2018-07-20,15530,23096.399999999998,55129.9,103600,106982.9
2018-07-23,15600,23253.8,54935.7,104000,107298.5
2018-07-24,15200,22278.300000000003,55324,104500,107235.4
2018-07-25,15160,22341.2,53674,104400,107235.4
2018-07-26,15010,22970.600000000002,55032.8,106000,108245.3
2018-07-27,15210,23474,54838.700000000004,106400,106541.1
2018-07-30,15410,23316.7,55615.200000000004,106400,106351.8
2018-07-31,15550,23505.5,56779.899999999994,106400,106162.40000000001
2018-08-01,15550,23662.8,56876.9,106500,105341.9
2018-08-02,15400,23442.6,57265.2,106700,104142.70000000001
2018-08-03,15480,22844.7,56779.899999999994,111500,101996.7
2018-08-06,15400,22750.3,57265.2,111500,100923.7
2018-08-07,15400,22750.3,59691.7,110300,96568.70000000001
2018-08-08,15550,23096.399999999998,60274,108800,98146.6
2018-08-09,15550,23002,59497.6,104200,99093.3
2018-08-10,15550,23285.2,61632.9,104200,99219.6
2018-08-13,15850,24103.4,61924,102800,98525.3
2018-08-14,15840,24229.199999999997,60953.4,103300,99787.59999999999
2018-08-15,15600,23599.9,58818.1,101900,100040.09999999999
2018-08-16,15550,23599.9,58818.1,102100,100103.2
2018-08-17,15680,23725.8,60177,102300,100040.09999999999
2018-08-20,15450,23442.6,59594.6,102600,101049.9
2018-08-21,15650,23599.9,60856.4,103100,102880.3
2018-08-22,15750,23914.6,60079.9,103600,102880.3
2018-08-23,15820,23977.5,60759.3,104600,103069.7
2018-08-24,15810,24134.8,60177,104000,102375.4
2018-08-27,15920,24512.399999999998,61244.6,104200,101176.2
2018-08-28,15990,25110.3,62118.200000000004,104200,100545
2018-08-29,15980,24921.5,61244.6,103000,99472
2018-08-30,15980,24953,61924,103400,98777.7
2018-08-31,15950,25141.8,60662.3,103400,98904
2018-09-04,15800,24543.9,59206.4,102100,98904
2018-09-05,15500,24292.2,58818.1,101500,96281.59999999999
2018-09-06,15400,24323.6,58527,98000,93673.2
2018-09-07,15560,24984.4,60177,97200,97509.1
2018-09-10,15500,24669.8,60177,99300,97892.70000000001
2018-09-11,15780,25173.2,61147.6,101200,101268.3
2018-09-12,15850,24858.6,60759.3,101400,101575.2
2018-09-13,15710,25015.899999999998,61050.5,100300,101345
2018-09-14,16100.000000000002,24858.6,62118.200000000004,101000,102035.5
2018-09-17,15700,24827.100000000002,61050.5,99000,104337.1
2018-09-18,15750,24827.100000000002,61438.7,99600,105871.4
2018-09-19,15900,24953,61438.7,98600,105718
2018-09-20,15960,25739.6,62506.4,98500,104337.1
2018-09-21,16200,25991.399999999998,62700.5,98600,105718
2018-09-24,16210,25991.399999999998,63282.9,99600,105104.29999999999
2018-09-25,16219.999999999998,25959.9,62506.4,99500,105027.5
2018-09-26,16239.999999999998,25802.600000000002,61924,99000,104720.7
2018-09-27,16290,26148.7,61535.8,98600,106255
2018-09-28,16370.000000000002,26620.7,61147.6,98300,105334.40000000001
2018-10-01,16450,26683.6,60662.3,98500,104567.2
2018-10-02,16300,25991.399999999998,61147.6,102000,105104.29999999999
2018-10-03,16350.000000000002,25991.399999999998,61147.6,102200,105027.5
2018-10-04,16309.999999999998,26054.300000000003,61147.6,100600,105027.5
2018-10-05,16129.999999999998,26085.8,61051.6,98500,103723.29999999999
2018-10-08,16000,25928.4,60560,96600,102035.5
2018-10-09,15960,25802.600000000002,60658.299999999996,96600,100424.40000000001
2018-10-10,15910,26054.300000000003,60658.299999999996,96600,99734
2018-10-11,15150,25110.3,56725.8,93000,97432.4
2018-10-12,15590,25676.7,58888.7,96000,98583.20000000001
2018-10-15,15210,25393.5,58102.200000000004,95500,96435.1
2018-10-16,15430,25645.2,58200.5,98600,96665.2
2018-10-17,15580,25802.600000000002,58200.5,99000,97355.7
2018-10-18,15480,25802.600000000002,57020.8,99100,96665.2
2018-10-19,15400,25645.2,56725.8,99100,97279
2018-10-22,15300,25236.2,56136,99100,96511.79999999999
2018-10-23,15020,24858.6,54857.9,99000,94747.29999999999
2018-10-24,14700,24669.8,54563,98800,94056.79999999999
2018-10-25,14600,24543.9,53874.8,96800,92062.1
2018-10-26,14520,24481,52596.8,96400,93212.90000000001
2018-10-29,14420,24449.5,52006.9,97200,92062.1
2018-10-30,14400,24355.1,53284.9,96600,89990.7
2018-10-31,14400,25330.600000000002,54661.299999999996,97200,89070.09999999999
2018-11-01,14570,24921.5,54071.399999999994,95500,87689.2
2018-11-02,15020,25173.2,55251.2,96000,90911.3
2018-11-05,15020,25173.2,55546.100000000006,96000,89377
2018-11-06,14880,24921.5,54857.9,95800,90297.6
2018-11-07,14800,24638.3,54563,96000,91678.5
2018-11-08,14850,24481,54759.6,96000,92062.1
2018-11-09,14600,23662.8,53383.299999999996,95900,89760.59999999999
2018-11-12,14600,23631.399999999998,53678.2,95900,89760.59999999999
2018-11-13,14470,23222.3,52695.1,93300,88993.4
2018-11-14,14360,22530,52301.8,94700,90144.2
2018-11-15,14170,22026.6,52498.399999999994,91700,89760.59999999999
2018-11-16,14410,22152.4,52301.8,90100,88226.20000000001
2018-11-19,14930,22309.8,53088.299999999996,96400,88533.1
2018-11-20,14700,22970.600000000002,52891.7,97200,89377
2018-11-21,14800,22970.600000000002,54464.7,97300,91448.40000000001
2018-11-22,14810,22530,53874.8,98000,92138.8
2018-11-23,14600,22372.699999999997,53088.299999999996,99000,90527.8
2018-11-26,14710,22404.2,53088.299999999996,100500,94440.4
2018-11-27,14750,22404.2,52498.399999999994,101500,97048.8
2018-11-28,14780,22152.4,54169.7,102000,98199.6
2018-11-29,14780,21523.1,54071.399999999994,102000,96895.4
2018-11-30,14720,20893.8,54464.7,101700,98199.6
2018-12-03,15180,21900.7,57020.8,101900,102495.8
2018-12-04,15500,21774.8,56627.5,102000,104720.7
2018-12-05,15270,22215.399999999998,56824.2,102100,102035.5
2018-12-06,15140,21774.8,55939.4,102100,101038.2
2018-12-07,15300,21806.3,56234.299999999996,102200,102726
2018-12-10,15200,21239.899999999998,55939.4,102100,103569.90000000001
2018-12-11,15150,21051.100000000002,55841,102200,103416.4
2018-12-12,15350,21145.5,57020.8,102200,102802.7
2018-12-13,15450,21397.2,56627.5,102800,103569.90000000001
2018-12-14,15340,21082.6,55546.100000000006,102700,103569.90000000001
2018-12-17,14800,20390.3,53874.8,102500,102726
2018-12-18,14570,19572.199999999997,54169.7,102000,101038.2
2018-12-19,14550,18691.1,53481.6,102000,99043.5
2018-12-20,14530,18848.5,53678.2,101900,96818.70000000001
2018-12-21,14500,18848.5,53579.9,102000,93980.09999999999
2018-12-24,14400,19194.600000000002,52203.5,102000,96358.40000000001
2018-12-25,14130,19131.6,51810.299999999996,101900,95591.2
2018-12-26,14100,19068.7,51908.6,101900,95130.9
2018-12-27,14320,19477.8,52596.8,102400,95282.70000000001
2018-12-28,14310,19477.8,52596.8,95300,92807.8
2019-01-02,14100,19383.4,52695.1,100400,95901.4
2019-01-03,13930,18565.3,52695.1,100300,95050.70000000001
2019-01-04,13740,18691.1,53481.6,100600,96674.8
2019-01-07,14000,18470.9,53678.2,101000,101315.20000000001
2019-01-08,14000,18156.199999999997,54071.399999999994,101000,100541.79999999999
2019-01-09,14000,18565.3,54857.9,101500,102011.3
2019-01-10,14200,18754.100000000002,54071.399999999994,101400,101856.6
2019-01-11,14170,18470.9,54268.1,101400,103635.40000000001
2019-01-14,14150,18439.399999999998,54366.4,101400,104408.8
2019-01-15,14250,18439.399999999998,54956.200000000004,101500,104331.5
2019-01-16,14260,18533.8,54464.7,102000,102862
2019-01-17,14040,18187.7,54268.1,102000,102243.3
2019-01-18,14050,18376.5,53874.8,102200,103635.40000000001
2019-01-21,14390,18596.699999999997,54857.9,102400,103480.7
2019-01-22,14200,18565.3,54268.1,102400,103635.40000000001
2019-01-23,14280,18911.4,54464.7,102600,104022.09999999999
2019-01-24,14270,18785.5,54464.7,102800,104795.5
2019-01-25,14200,18691.1,54857.9,102900,105104.9
2019-01-28,14310,18722.6,54563,103700,105568.9
2019-01-29,14500,18691.1,55742.7,103900,105568.9
2019-01-30,14420,18250.6,55742.7,103900,104795.5
2019-01-31,14260,17432.5,55841,103900,104408.8
2019-02-01,14200,17180.7,55546.100000000006,98800,104408.8
2019-02-11,14690,18187.7,57119.100000000006,104000,105955.6
2019-02-12,14800,18565.3,57610.700000000004,109100,106729
2019-02-13,14900,19446.3,58790.4,109000,106961
2019-02-14,14950,19509.2,59183.6,112900,107811.8
2019-02-15,14900,19886.8,58298.8,112000,108430.5
2019-02-18,14940,20233,58987,113700,109822.59999999999
2019-02-19,15020,19949.8,58003.9,116000,110286.6
2019-02-20,15150,20264.399999999998,58102.200000000004,116500,110596
2019-02-21,15180,20579.100000000002,59085.299999999996,118400,114849.7
2019-02-22,15400,21334.3,60953.299999999996,117000,115159
2019-02-25,15550,21900.7,62329.6,116300,117247.20000000001
2019-02-26,15370,21711.9,61936.4,115500,112993.5
2019-02-27,15440,21649,60854.9,117400,114231
2019-02-28,15000,21145.5,59478.6,114000,109126.5
2019-03-01,15050,21554.600000000002,61149.9,115100,109358.59999999999
2019-03-04,15390,22246.8,61739.7,117400,110518.6
2019-03-05,15300,22058,61936.4,117300,109822.59999999999
2019-03-06,15300,22026.6,61641.399999999994,117700,109049.2
2019-03-07,15400,21460.2,62034.700000000004,119200,108043.8
2019-03-08,15220,21365.8,61739.7,118100,105955.6
2019-03-11,15200,21271.4,61543.100000000006,118300,106419.6
2019-03-12,15300,21302.800000000003,63706,118600,107502.4
2019-03-13,15460,21617.5,64099.2,117500,106961
2019-03-14,15480,21523.1,65868.79999999999,118800,106110.29999999999
2019-03-15,15350,20075.600000000002,64885.7,118700,105955.6
2019-03-18,15410,20044.2,66458.7,121300,106729
2019-03-19,15300,20075.600000000002,65672.2,121000,105878.3
2019-03-20,15240,20327.4,65573.9,120200,107115.7
2019-03-21,15110,20138.6,65475.6,117000,105182.2
2019-03-22,15400,20107.1,65770.5,118600,105568.9
2019-03-25,14730,19761,64394.2,115200,105568.9
2019-03-26,15000,19886.8,64394.2,113700,105568.9
2019-03-27,14860,20358.8,64394.2,113900,105568.9
2019-03-28,14890,20421.8,65573.9,115900,104563.5
2019-03-29,14700,20264.399999999998,66163.79999999999,115900,104254.09999999999
2019-04-01,14940,20107.1,66655.3,116500,107193
2019-04-02,14970,20201.5,66360.4,116300,107502.4
2019-04-03,15000,20201.5,66065.5,114900,107115.7
2019-04-04,14950,20390.3,66557,115100,106729
2019-04-05,14980,20453.2,66950.3,115100,105414.2
2019-04-08,15000,20390.3,68523.3,115500,106110.29999999999
2019-04-09,14900,20201.5,68621.6,113000,104718.2
2019-04-10,14800,20107.1,67736.8,111800,104640.8
2019-04-11,14810,20107.1,67343.5,115000,104872.8
2019-04-12,14810,20170,66852,113200,104950.2
2019-04-16,14680,19981.2,66262.1,113100,105182.2
2019-04-17,14750,19886.8,66852,110000,104408.8
2019-04-18,14610,19698,66753.6,109000,104563.5
2019-04-19,14650,19886.8,66852,110100,102862
2019-04-22,14570,20044.2,66753.6,111900,100232.4
2019-04-23,14520,20075.600000000002,66360.4,113000,98221.59999999999
2019-04-24,14800,20988.2,67343.5,113800,100155.1
2019-04-25,14630,20830.8,66557,113600,100155.1
2019-04-26,14720,21145.5,66753.6,113700,100387.1
2019-05-02,14720,21397.2,65770.5,113600,100541.79999999999
2019-05-03,14900,21491.6,65573.9,112500,101315.20000000001
2019-05-06,14520,21051.100000000002,65180.700000000004,112200,99845.7
2019-05-07,14500,21082.6,64492.50000000001,112600,100155.1
2019-05-08,14460,20862.300000000003,64000.9,112600,98995
2019-05-09,14460,20705,64394.2,112600,99149.7
2019-05-10,14460,20673.5,64492.50000000001,112700,100619.1
2019-05-13,14500,20170,64787.40000000001,112900,103558.09999999999
2019-05-14,14560,20390.3,65475.6,113500,104795.5
2019-05-15,14770,20390.3,65672.2,115300,104872.8
2019-05-16,14820,20327.4,65672.2,116900,105491.6
2019-05-17,14770,20295.899999999998,65672.2,116900,104872.8
2019-05-20,14940,20642,66655.3,117500,106342.29999999999
2019-05-21,14980,20705,66557,117500,103248.7
2019-05-22,14800,20767.9,66065.5,117500,102165.9
2019-05-23,14840,20610.600000000002,66458.7,117000,102165.9
2019-05-24,14790,20233,65377.3,115000,100928.5
2019-05-27,14750,20264.399999999998,66262.1,115000,103635.40000000001
2019-05-28,14810,20170,66262.1,114000,102088.6
2019-05-29,14700,20453.2,66360.4,115200,102784.7
2019-05-30,14780,20138.6,66557,115000,101701.9
2019-05-31,14550,20201.5,66065.5,114600,100155.1
2019-06-03,14100,19823.899999999998,65377.3,114500,98995
2019-06-04,14390,19880.600000000002,66065.5,114600,99459
2019-06-05,14370,19471.5,65573.9,115900,99771.90000000001
2019-06-06,14210,18571.5,64787.40000000001,115900,98989.40000000001
2019-06-07,14380,18776.1,64492.50000000001,117000,99067.6
2019-06-10,14320,18735.2,65573.9,117600,99302.40000000001
2019-06-11,14490,18817,66262.1,117000,98206.8
2019-06-12,14300,18898.800000000003,65868.79999999999,116000,97972.09999999999
2019-06-13,14300,18817,66163.79999999999,115500,96407
2019-06-14,14500,18776.1,68031.7,115500,96798.3
2019-06-17,14190,18367,68031.7,114500,96798.3
2019-06-18,14050,18857.9,69113.1,114000,96250.5
2019-06-19,14200,19512.399999999998,68621.6,115900,96563.5
2019-06-20,14400,19307.9,70292.90000000001,116000,96485.29999999999
2019-06-21,14410,19389.7,69801.3,114500,98206.8
2019-06-24,14450,19103.3,71767.5,116400,96328.8
2019-06-25,14420,18898.800000000003,71177.7,116400,96563.5
2019-06-26,14340,18735.2,69309.70000000001,116900,96641.8
2019-06-27,14220,18448.8,68326.6,114900,96328.8
2019-06-28,14210,19226,69309.70000000001,115700,96250.5
2019-07-01,14550,18817,70096.2,117200,97815.6
2019-07-02,14550,18489.7,69309.70000000001,115800,97893.8
2019-07-03,14350,18121.600000000002,68424.9,115400,98598.1
2019-07-04,14590,18244.3,71276,116500,98754.59999999999
2019-07-05,14600,18244.3,71374.3,116700,98754.59999999999
2019-07-08,14510,17794.3,70096.2,116000,97189.6
2019-07-09,14420,17467.1,70686.09999999999,116000,97815.6
2019-07-10,14560,17467.1,71276,116800,97815.6
2019-07-11,14600,17630.7,72750.7,116500,97972.09999999999
2019-07-12,14550,17917,72455.7,116000,97033.1
2019-07-15,14480,17548.9,73733.8,114200,96407
2019-07-16,14560,17671.600000000002,75896.6,115900,97033.1
2019-07-17,14570,17467.1,74913.5,115500,98128.6
2019-07-18,14490,17139.8,75110.1,114800,97502.6
2019-07-19,14570,16853.5,77666.2,116000,99302.40000000001
2019-07-22,14590,16976.199999999997,77666.2,116500,98206.8
2019-07-23,14680,17753.399999999998,77567.9,119800,98128.6
2019-07-24,14730,17630.7,75601.7,122000,98285.1
2019-07-25,14790,18326.1,76388.2,123200,97893.8
2019-07-26,14750,18448.8,77174.7,122100,97424.3
2019-07-29,14730,18080.7,79632.5,124400,96641.8
2019-07-30,14640,17589.8,79239.2,122500,96641.8
2019-07-31,14710,18448.8,78846,122000,96407
2019-08-01,14680,18489.7,79140.90000000001,124400,97189.6
2019-08-02,14660,18367,77764.6,122500,97033.1
2019-08-05,14500,18121.600000000002,76093.3,118000,95468
2019-08-06,14300,17794.3,75011.79999999999,119800,94059.5
2019-08-07,14370,18080.7,77076.40000000001,118000,94685.5
2019-08-08,14500,19062.4,77174.7,122000,94607.20000000001
2019-08-09,14560,18898.800000000003,77174.7,120200,94685.5
2019-08-12,14620,19307.9,76388.2,120000,94372.5
2019-08-13,14580,19185.1,75011.79999999999,118100,92337.90000000001
2019-08-14,14620,19185.1,75011.79999999999,118600,92885.7
2019-08-15,14720,19021.5,77666.2,121000,95468
2019-08-16,14860,18857.9,76584.8,122000,97111.3
2019-08-19,14850,18857.9,75503.4,121900,97737.3
2019-08-20,14850,18735.2,75601.7,121000,97346.1
2019-08-21,14940,18980.6,78649.4,122400,96954.8
2019-08-22,14970,18857.9,78649.4,126100,97033.1
2019-08-23,14950,19144.2,77862.9,125000,96250.5
2019-08-26,14850,18653.4,76486.5,124800,94294.2
2019-08-27,14700,18326.1,75208.4,122500,93120.40000000001
2019-08-28,14700,18203.399999999998,75700,122000,93433.40000000001
2019-08-29,14730,18121.600000000002,75503.4,122500,96250.5
2019-08-30,14880,18162.5,76388.2,123500,96250.5
2019-09-03,14780,17712.5,76486.5,123000,97033.1
2019-09-04,14750,17671.600000000002,75994.9,122400,96876.5
2019-09-05,14730,17753.399999999998,76289.90000000001,122000,95468
2019-09-06,14750,17508,75994.9,121100,96094
2019-09-09,14700,17344.4,75896.6,122600,97424.3
2019-09-10,14690,17426.2,76388.2,122000,96798.3
2019-09-11,14700,18039.8,76879.7,121500,95546.3
2019-09-12,14810,18448.8,78157.79999999999,121500,95468
2019-09-13,14900,18489.7,80517.3,122400,95546.3
2019-09-16,15060,18530.6,79632.5,122800,96664.5
2019-09-17,15120,18571.5,79730.8,122800,97460.09999999999
2019-09-18,15150,18817,79239.2,122200,98414.8
2019-09-19,15210,18776.1,80124,121500,98335.3
2019-09-20,15260,18530.6,79632.5,119400,97141.90000000001
2019-09-23,15220,17998.899999999998,77666.2,119000,99051.3
2019-09-24,15160,18121.600000000002,79239.2,120100,100960.7
2019-09-25,15160,17917,79337.5,119700,100562.9
2019-09-26,15200,18203.399999999998,79632.5,119000,103427.09999999999
2019-09-27,15400,18121.600000000002,81500.4,119800,103506.6
2019-09-30,15460,17957.899999999998,80713.9,119800,103188.4
2019-10-01,15500,17917,81992,119900,101835.9
2019-10-02,15280,17794.3,80615.6,118000,101040.3
2019-10-03,15400,17630.7,80615.6,118000,102631.5
2019-10-04,15220,17467.1,81598.7,118000,102313.2
2019-10-07,15300,17426.2,81402.1,117000,102711
2019-10-08,15200,17917,83663.3,117100,102631.5
2019-10-09,15230,17917,83073.40000000001,117000,101040.3
2019-10-10,15230,17589.8,83171.7,116900,101040.3
2019-10-11,15300,17589.8,83859.9,118000,101835.9
2019-10-14,15500,17548.9,83564.9,118000,102313.2
2019-10-15,15400,17467.1,83761.6,118400,102074.6
2019-10-16,15400,17426.2,84646.4,118000,103745.3
2019-10-17,15290,17508,83761.6,117000,104222.7
2019-10-18,15300,17508,83564.9,117000,105416
2019-10-21,15260,17344.4,82778.40000000001,116900,106291.2
2019-10-22,15230,17671.600000000002,83958.20000000001,116800,105416
2019-10-23,15300,17876.100000000002,83859.9,117100,105256.90000000001
2019-10-24,15350,17998.899999999998,85432.90000000001,117200,105495.59999999999
2019-10-25,15400,17835.2,86514.3,117200,107007.2
2019-10-28,15450,18162.5,85924.40000000001,117700,106450.3
2019-10-29,15410,18162.5,84941.3,117800,106689
2019-10-30,15500,17998.899999999998,86317.7,119600,105018.2
2019-10-31,15380,17835.2,86219.4,119000,103427.09999999999
2019-11-01,15500,17917,87300.79999999999,122500,105336.5
2019-11-04,15620,17794.3,90446.8,121700,104461.29999999999
2019-11-05,15670,17917,89267,121500,102790.59999999999
2019-11-06,15720,17998.899999999998,89463.6,121900,103506.6
2019-11-07,15730,18571.5,89758.6,120800,102711
2019-11-08,15700,18571.5,89955.20000000001,120500,102790.59999999999
2019-11-11,15670,18653.4,89758.6,118900,102870.09999999999
2019-11-12,15650,18817,90151.79999999999,119400,101438.1
2019-11-13,15500,18530.6,88972.09999999999,119000,99846.90000000001
2019-11-14,15450,18530.6,89365.3,119300,100165.09999999999
2019-11-15,15430,18530.6,88185.59999999999,119600,97857.9
2019-11-18,15330,18735.2,86121,118100,96107.6
2019-11-19,15400,18653.4,89463.6,117100,98971.7
2019-11-20,15300,18326.1,87989,116000,98653.5
2019-11-21,15000,17998.899999999998,86022.7,115300,97062.29999999999
2019-11-22,14870,18080.7,84056.5,116200,96664.5
2019-11-25,14910,18203.399999999998,83073.40000000001,116000,97778.40000000001
2019-11-26,14980,18530.6,83270,115200,97857.9
2019-11-27,14900,18489.7,84843,115600,97141.90000000001
2019-11-28,14740,18489.7,83859.9,115700,97141.90000000001
2019-11-29,14750,18694.3,83859.9,115700,96664.5
2019-12-02,14650,18776.1,82090.3,115000,94118.6
2019-12-03,14500,19185.1,80615.6,115000,92607
2019-12-04,14750,19185.1,83270,115500,94516.40000000001
2019-12-05,14640,18898.800000000003,83368.3,115800,93720.8
2019-12-06,14670,19512.399999999998,83466.6,115900,92527.4
2019-12-09,14660,19798.7,83761.6,115900,93959.5
2019-12-10,14520,19962.399999999998,83958.20000000001,115900,94039.1
2019-12-11,14800,19962.399999999998,84449.70000000001,115900,94357.29999999999
2019-12-12,14730,19798.7,86022.7,116000,94834.7
2019-12-13,14800,19471.5,86907.5,116000,93879.90000000001
2019-12-16,14560,19430.6,84548.1,115800,94436.9
2019-12-17,14480,18939.699999999997,83859.9,115800,93163.9
2019-12-18,14350,18448.8,85236.2,115800,94357.29999999999
2019-12-19,14300,18653.4,86514.3,115800,95232.5
2019-12-20,14360,18817,86809.2,115800,95471.1
2019-12-23,14440,18857.9,89365.3,115700,93879.90000000001
2019-12-24,14500,18980.6,88480.5,115500,94357.29999999999
2019-12-25,14500,18939.699999999997,88382.2,115500,93879.90000000001
2019-12-26,14500,18817,87890.7,115400,93875.6
2019-12-27,14610,19267,88972.09999999999,115200,94838.4
2019-12-30,14660,19348.8,90259.90000000001,115000,93474.40000000001
2019-12-31,14760,19226,89466.4,115000,93474.40000000001
2020-01-02,14780,19635.100000000002,90061.5,115000,94597.7
2020-01-03,14700,19757.8,89168.8,115300,94918.59999999999
2020-01-06,14600,19635.100000000002,86788.3,114500,94196.5
2020-01-07,14580,19389.7,87085.9,114700,95079.09999999999
2020-01-08,14430,19185.1,86292.4,114300,95319.8
2020-01-09,14600,19635.100000000002,87978.6,114700,95159.3
2020-01-10,14720,19798.7,88772.09999999999,114800,95400
2020-01-13,14700,19839.600000000002,88672.9,114900,94196.5
2020-01-14,14740,20453.2,88672.9,115000,94517.5
2020-01-15,14730,20576,88573.7,115000,94517.5
2020-01-16,14850,20698.699999999997,88772.09999999999,115000,94838.4
2020-01-17,14910,20453.2,93731.4,114900,95159.3
2020-01-20,14920,20862.300000000003,93235.5,114900,95480.3
2020-01-21,15800,21148.7,93235.5,114900,97085
2020-01-22,15100,21516.8,92640.3,114900,97325.7
2020-01-30,14600,20698.699999999997,88176.90000000001,114900,93554.59999999999
2020-01-31,14150,19716.899999999998,87978.6,114800,87055.59999999999
2020-02-03,13970,20085.100000000002,87978.6,114800,86895.1
2020-02-04,14040,20126,89069.59999999999,114800,84247.29999999999
2020-02-05,14000,20003.3,88176.90000000001,114500,85531.09999999999
2020-02-06,14350,20616.9,88672.9,114400,86253.20000000001
2020-02-07,14400,19921.5,89268,114400,88419.6
2020-02-10,14250,19921.5,88176.90000000001,113700,87456.7
2020-02-11,14260,19307.9,88474.5,113400,86012.5
2020-02-12,14460,19471.5,88672.9,112000,86012.5
2020-02-13,14680,19389.7,88573.7,112400,85771.8
2020-02-14,14430,19389.7,88573.7,110000,85531.09999999999
2020-02-17,14390,19430.6,88672.9,108000,86253.20000000001
2020-02-18,14350,19062.4,88672.9,104500,84648.5
2020-02-19,14310,19021.5,88772.09999999999,105000,85370.59999999999
2020-02-20,14400,19430.6,88772.09999999999,110000,85370.59999999999
2020-02-21,14430,19267,88276.1,109900,87055.59999999999
2020-02-24,14110,18571.5,86490.79999999999,107300,85370.59999999999
2020-02-25,14090,18898.800000000003,85498.90000000001,107000,86654.4
2020-02-26,14050,18612.5,84308.7,105900,84247.29999999999
2020-02-27,14120,18776.1,83316.8,105600,86173
2020-02-28,13860,18285.2,81729.8,105400,83846.1
2020-03-02,13990,18244.3,81134.7,105400,83846.1
2020-03-03,14080,18244.3,81531.40000000001,105500,84488
2020-03-04,13870,18285.2,81035.5,105500,84086.8
2020-03-05,13950,18285.2,82424.09999999999,105600,83846.1
2020-03-06,13810,18326.1,83812.70000000001,105000,83605.40000000001
2020-03-09,13020,17058,77960.7,97700,77828.5
2020-03-10,13000,17712.5,79250.1,97700,81599.5
2020-03-11,12550,16812.6,76373.7,97000,81519.3
2020-03-12,11800,15749,71116.8,91800,80957.7
2020-03-13,12000,15585.4,70422.5,92500,79513.40000000001
2020-03-16,11530,15626.300000000001,66554.3,92500,77828.5
2020-03-17,11630,15708.1,66951,88500,77026.1
2020-03-18,11510,16117.2,68736.40000000001,89000,76223.8
2020-03-19,11150,15667.199999999999,65463.2,88700,71409.59999999999
2020-03-20,11240,15217.2,60999.8,82500,72212
2020-03-23,10500,14153.6,56734.8,76800,67157.1
2020-03-24,10400,13990,57528.3,71500,69082.8
2020-03-25,10850,14562.699999999999,61495.7,76500,73816.7
2020-03-26,10700,13867.3,62686,81800,75421.40000000001
2020-03-27,10670,13253.7,63578.7,86800,75501.59999999999
2020-03-30,10100,13376.4,60503.9,81400,73174.8
2020-03-31,10750,13785.5,61495.7,83400,73014.3
2020-04-01,10380,14112.7,64471.3,86000,75421.40000000001
2020-04-03,10710,14440,64967.299999999996,91000,76223.8
2020-04-06,11220,15421.699999999999,67446.9,97300,77186.6
2020-04-07,11500,15544.5,67645.3,97300,79032
2020-04-08,11550,15299,66951,94000,79433.2
2020-04-09,11680,15176.3,70422.5,96000,80315.8
2020-04-10,11500,15380.800000000001,70025.8,95000,79914.59999999999
2020-04-13,11800,15830.8,70224.2,96000,79513.40000000001
2020-04-14,11820,16321.7,69331.5,95600,79433.2
2020-04-15,12100,16444.4,70323.3,96000,79593.59999999999
2020-04-16,11950,16567.1,70620.90000000001,95900,79673.90000000001
2020-04-17,12250,16935.300000000003,70819.3,96100,79673.90000000001
2020-04-20,12300,17344.4,71315.20000000001,96200,80235.5
2020-04-21,11820,16526.2,70918.5,93000,77668
2020-04-22,11910,17017.1,68736.40000000001,92500,78229.6
2020-04-23,11950,17671.600000000002,68637.20000000001,93000,77106.3
2020-04-24,12050,18080.7,68339.6,93000,82482.1
2020-04-27,12130,17957.899999999998,66256.7,92000,82482.1
2020-04-28,11940,17508,66455.1,92000,80636.70000000001
2020-04-29,12000,17589.8,67446.9,91900,79433.2
2020-05-04,11900,17180.7,66851.8,91800,78309.9
2020-05-05,11860,17508,66256.7,92700,80636.70000000001
2020-05-06,12180,18162.5,67050.2,95000,81439.09999999999
2020-05-07,12350,19307.9,69133.1,96000,82963.5
2020-05-08,12700,19144.2,72902.2,97500,84247.29999999999
2020-05-11,12950,19594.2,73894.09999999999,97500,87055.59999999999
2020-05-12,13100,19348.8,74985.1,97000,91388.3
2020-05-13,13040,19716.899999999998,74985.1,95000,91227.8
2020-05-14,12950,19594.2,75381.90000000001,96000,90666.2
2020-05-15,12930,19226,75381.90000000001,97000,88901
2020-05-18,13070,20535.1,77861.5,96500,89141.7
2020-05-19,13400,21394.100000000002,78357.5,96500,90345.20000000001
2020-05-20,13450,21639.5,78952.6,96600,91468.5
2020-05-21,13700,21680.399999999998,80539.59999999999,98000,92270.9
2020-05-22,13420,22294,80341.2,96400,91789.4
2020-05-25,13400,22334.9,80440.4,97100,94357
2020-05-26,13580,23234.9,81829,96900,94357
2020-05-27,13460,22253.1,82225.7,96900,92270.9
2020-05-28,13430,22253.1,83812.70000000001,97000,92110.4
2020-05-29,13470,22416.8,84507,97000,92270.9
2020-06-01,13690,22621.300000000003,85796.5,97200,93153.5
2020-06-02,13620,22130.4,85895.70000000001,96700,93073.2
2020-06-03,13630,22048.600000000002,87185.1,96800,93554.59999999999
2020-06-04,13700,21762.3,88276.1,96000,94517.5
2020-06-05,13750,22130.4,88276.1,95000,95640.8
2020-06-08,14000,22662.199999999997,88672.9,96000,98529.2
2020-06-09,13960,22171.3,88772.09999999999,96200,100294.4
2020-06-10,14140,22089.5,88871.3,95600,98689.7
2020-06-11,13650,20862.300000000003,87284.3,93000,98128.1
2020-06-12,13550,21680.399999999998,84903.8,91800,94677.9
2020-06-15,13000,20780.5,81333.1,89000,89863.8
2020-06-16,13290,21435,83019.2,93400,93875.6
2020-06-17,13400,21475.899999999998,83515.2,91900,92752.3
2020-06-18,13350,21925.899999999998,84308.7,91000,92431.29999999999
2020-06-19,13500,22375.800000000003,84705.4,97300,92270.9
2020-06-22,13550,22334.9,84804.59999999999,96900,92591.8
2020-06-23,13540,22089.5,85300.5,94200,93073.2
2020-06-24,13400,22089.5,84011.1,94700,93955.8
2020-06-25,13340,22334.9,83019.2,93400,93394.2
2020-06-26,13350,22253.1,82622.5,91500,92993
2020-06-29,12820,21803.2,80837.1,89000,90959.7
2020-06-30,13300,21925.899999999998,79646.90000000001,89000,91610
2020-07-01,13300,22416.8,82027.4,91000,93235.8
2020-07-02,13180,22580.4,81928.2,89900,91853.9
2020-07-03,13290,22498.6,82324.9,90200,92748
2020-07-06,13500,22580.4,82225.7,91400,94698.9
2020-07-07,13480,23194,82721.7,91000,94292.5
2020-07-08,13440,22948.5,82324.9,90800,93886
2020-07-09,13700,23030.4,82920.1,91000,94211.20000000001
2020-07-10,13690,22703.1,82027.4,91400,93723.5
2020-07-13,13500,22621.300000000003,82225.7,91300,93317
2020-07-14,13500,22825.8,82324.9,91300,93642.2
2020-07-15,13700,22948.5,82820.9,90500,94292.5
2020-07-16,13600,23398.5,82820.9,93000,95511.79999999999
2020-07-17,13600,23357.600000000002,82126.59999999999,91500,94942.8
2020-07-20,13470,22907.6,81531.40000000001,90200,94048.59999999999
2020-07-21,13500,22989.4,81829,90200,94292.5
2020-07-22,13400,22989.4,81829,89800,92748
2020-07-23,13280,23071.3,81829,90000,92829.3
2020-07-24,13000,21966.8,80341.2,88000,90309.4
2020-07-27,12250,21230.5,76373.7,85000,84050.4
2020-07-28,12600,22375.800000000003,77861.5,85200,89334
2020-07-29,12380,21750,76869.7,83500,86163.79999999999
2020-07-30,12460,22100,76770.5,85100,88602.40000000001
2020-07-31,12400,21700,75778.59999999999,87500,86976.7
2020-08-03,12620,22900,78159.09999999999,87600,88765
2020-08-04,12900,23000,81233.90000000001,88000,90472
2020-08-05,13070,24100,82027.4,87000,91122.29999999999
2020-08-06,13440,24050,82126.59999999999,87500,93317
2020-08-07,13200,24200,82225.7,87500,93886
2020-08-10,13290,24300,81233.90000000001,88200,93073.2
2020-08-11,13130,24250,81432.3,87500,93073.2
2020-08-12,13300,24300,81432.3,87400,93967.29999999999
2020-08-13,13320,24500,82324.9,88000,94617.59999999999
2020-08-14,13300,24100,81333.1,87400,94861.5
2020-08-17,13270,24300,81630.6,87700,95105.3
2020-08-18,13280,24150,81630.6,86500,93967.29999999999
2020-08-19,13300,24250,82324.9,86500,93723.5
2020-08-20,13250,24100,82324.9,86000,93642.2
2020-08-21,13310,24350,82225.7,86100,93967.29999999999
2020-08-24,13580,24800,83217.6,89000,94698.9
2020-08-25,13780,24550,83217.6,91000,95349.2
2020-08-26,13680,24200,82820.9,91000,95186.6
2020-08-27,13750,24300,82820.9,91000,95267.9
2020-08-28,13850,24300,82721.7,89900,96974.90000000001
2020-08-31,13790,24550,82324.9,90000,98356.8
2020-09-01,13980,24800,82324.9,92700,100145.1
2020-09-03,14120,25000,85498.90000000001,94500,101364.40000000001
2020-09-04,14090,24950,84209.5,94000,101608.3
2020-09-07,14000,24500,82920.1,91500,102421.09999999999
2020-09-08,13970,24650,81829,90500,100958
2020-09-09,13800,24500,81531.40000000001,90500,100632.8
2020-09-10,13830,24550,81432.3,90500,101364.40000000001
2020-09-11,13870,24450,81630.6,91100,100632.8
2020-09-14,13950,24600,82324.9,93100,100958
2020-09-15,13970,24700,81829,95000,101445.7
2020-09-16,14000,24700,82225.7,95500,100958
2020-09-17,14000,25400,81829,94000,101201.8
2020-09-18,14200,25700,82225.7,94000,102746.3
2020-09-21,14280,25700,82324.9,96000,105753.90000000001
2020-09-22,14300,25550,83316.8,94600,105347.5
2020-09-23,14380,25800,84705.4,94500,105022.3
2020-09-24,14300,25650,85399.7,93000,103477.90000000001
2020-09-25,14300,25750,85300.5,92800,103803
2020-09-28,14490,26400,85300.5,92800,104290.7
2020-09-29,14530,26350,83911.90000000001,91500,108204.5
2020-09-30,14520,26400,83416,91500,107907.3
2020-10-01,14550,27000,84110.29999999999,92500,108303.6
2020-10-02,14500,26700,83316.8,94000,107015.5
2020-10-05,14540,27350,82820.9,93300,106321.8
2020-10-06,14610,28250,83217.6,91800,106024.6
2020-10-07,14660,27800,84308.7,92500,107015.5
2020-10-08,14600,28100,84110.29999999999,92300,105925.5
2020-10-09,14630,28500,84110.29999999999,93600,105727.3
2020-10-12,14700,28250,85201.3,93900,106024.6
2020-10-13,14700,28000,85796.5,94100,106123.7
2020-10-14,14950,28350,87482.6,95000,106420.90000000001
2020-10-15,15070,29050,87879.40000000001,97500,106520
2020-10-16,15100,29100,87482.6,97600,106420.90000000001
2020-10-19,15140,28900,86788.3,97700,106718.2
2020-10-20,15300,29350,86986.7,97800,105231.9
2020-10-21,15300,29100,85498.90000000001,97300,105430
2020-10-22,15450,29600,85895.70000000001,100100,105727.3
2020-10-23,15620,30900,86788.3,104000,108997.20000000001
2020-10-26,15740,30800,85300.5,105100,109492.7
2020-10-27,15410,31400,85300.5,105700,108600.9
2020-10-28,14800,30400,83515.2,100200,106420.90000000001
2020-10-29,14790,30600,82920.1,100700,105925.5
2020-10-30,14900,30550,82324.9,106500,107015.5
2020-11-02,14960,30600,85102.2,106500,106619.1
2020-11-03,15180,30700,84308.7,104400,106718.2
2020-11-04,15230,30650,84308.7,103500,107015.5
2020-11-05,15200,30250,84308.7,104500,107808.2
2020-11-06,15200,30400,84308.7,105100,107808.2
2020-11-09,15330,31500,84804.59999999999,106100,107808.2
2020-11-10,15500,31300,84407.9,105600,106520
2020-11-11,15360,31300,84209.5,105800,106520
2020-11-12,15410,31450,85697.3,106800,106024.6
2020-11-13,15700,31950,86193.20000000001,107400,106420.90000000001
2020-11-16,15350,32250,85102.2,102000,106123.7
2020-11-17,15520,33350,86887.5,106000,106619.1
2020-11-18,15700,34600,86887.5,104900,108402.7
2020-11-19,15820,35200,89466.4,104000,108700
2020-11-20,15950,35700,91747.7,103800,109889
2020-11-23,15950,37500,90855,103800,109591.8
2020-11-24,16050,37500,91648.5,104000,108600.9
2020-11-25,16180,35600,92739.5,105600,109492.7
2020-11-26,16200,35100,93235.5,106100,108898.1
2020-11-27,16239.999999999998,36250,93731.4,105200,108799
2020-11-30,16270,35500,92243.6,103900,107213.6
2020-12-01,16320,35600,91251.7,105000,108700
2020-12-02,16450,35300,92739.5,105000,108006.3
2020-12-03,16650,36850,92739.5,105800,108501.8
2020-12-04,16600,36950,90359.09999999999,105800,108006.3
2020-12-07,16670,38200,92342.8,105800,108997.20000000001
2020-12-08,16630,38400,92342.8,105000,108204.5
2020-12-09,16920,38500,95715.1,106000,108700
2020-12-10,16720,37600,96409.40000000001,104900,110979
2020-12-11,16920,38800,96409.40000000001,106800,111573.5
2020-12-14,17110,39250,99087.5,108900,112366.20000000001
2020-12-15,17000,38600,97004.59999999999,107000,110186.3
2020-12-16,17300,38800,99087.5,107000,110582.6
2020-12-17,17100,37650,95219.2,104700,109393.6
2020-12-18,17590,38600,98095.6,104700,109393.6
2020-12-21,17700,38550,98900,106400,109988.1
2020-12-22,17690,39350,97900,105700,108898.1
2020-12-23,17600,40000,97500,105700,109195.40000000001
2020-12-24,17500,39950,97300,105700,107709.1
2020-12-25,17800,40750,97600,105900,108006.3
2020-12-28,17710,41550,98000,105900,107709.1
2020-12-29,17790,41600,99200,106500,108204.5
2020-12-30,17730,40900,97900,108500,107808.2
2020-12-31,18000,41450,97900,108200,107808.2
2021-01-04,18330,42300,99000,108000,108303.6
2021-01-05,18510,42350,99300,109700,110800
2021-01-06,18700,42800,105000,110200,109800
2021-01-07,18980,42800,107000,110100,110400
2021-01-08,19220,42750,104800,111800,112000
2021-01-11,18920,43050,104500,113800,115900
2021-01-12,19800,44900,105600,114400,116300
2021-01-13,19590,44700,104800,111100,114500
2021-01-14,19580,44450,103900,110400,113100
2021-01-15,19800,44500,103200,111200,113900
2021-01-18,19690,44600,103300,110300,113300
2021-01-19,18700,41600,99000,102700,107700
2021-01-20,18850,41700,99100,103300,109000
2021-01-21,18900,44200,103000,105100,110300
2021-01-22,19480,43650,103000,105000,108700
2021-01-25,19360,43700,102500,104800,108200
2021-01-26,18700,42300,100900,101500,106700
2021-01-27,18350,40300,97400,100000,103300
2021-01-28,17070,37500,90600,93000,96100
2021-01-29,17500,39150,93000,99400,102800
2021-02-01,17730,38350,91100,99000,102700
2021-02-02,17500,40500,96500,105900,106400
2021-02-03,18850,42000,98900,107500,109700
2021-02-04,18750,41800,98900,105000,108800
2021-02-05,19490,42500,100000,107500,109600
2021-02-08,18690,40900,94100,101000,105300
2021-02-09,18350,41800,97200,106200,108000
2021-02-17,19580,43450,100000,108000,108700
2021-02-18,19790,43850,102000,110000,109000
2021-02-19,19890,43450,101300,109000,108000
2021-02-22,19810,43400,100600,109700,107500
2021-02-23,19900,43300,100000,110000,107000
2021-02-24,19550,43600,98100,108200,105800
2021-02-25,19720,44150,98200,108900,104600
2021-02-26,19700,45600,98200,109000,104800
2021-03-01,20030,46200,99200,108500,105600
2021-03-02,20030,46700,99300,108200,104900
2021-03-03,20060,46800,98400,106900,104500
2021-03-04,20100,45900,97300,106900,103400
2021-03-05,19740,46000,96400,106300,103000
2021-03-08,19660,46300,95200,106000,102200
2021-03-09,19650,45850,95000,104300,100500
2021-03-10,19720,45600,95500,106000,101100
2021-03-11,20000,46400,96300,105900,102800
2021-03-12,19920,46450,95800,105900,102200
2021-03-15,20000,46500,96300,106000,102200
2021-03-16,19990,46100,95700,105400,101000
2021-03-17,19980,46300,95600,104700,100500
2021-03-18,20280,46600,97500,106600,102500
2021-03-19,20200,47150,94200,108400,101700
2021-03-22,20160,46750,97000,107300,100800
2021-03-23,19950,46600,95800,106500,100200
2021-03-24,19700,45450,94700,107900,98700
2021-03-25,19600,45000,95100,110400,98500
2021-03-26,19650,46200,94900,112400,97400
2021-03-29,19890,46300,95300,112800,99000
2021-03-30,20000,46450,94800,117000,99200
2021-03-31,20100,46800,94800,117900,98400
