"Date","Price","Open","High","Low","Change %"
"Mar 31, 2021","23,074.0","23,075.0","23,077.5","23,068.5","0.02%"
"Mar 30, 2021","23,070.0","23,071.5","23,077.5","23,067.5","0.00%"
"Mar 29, 2021","23,070.0","23,090.0","23,092.5","23,069.5","-0.06%"
"Mar 26, 2021","23,084.0","23,085.0","23,095.0","23,077.0","0.00%"
"Mar 25, 2021","23,084.0","23,080.0","23,092.5","23,072.5","0.02%"
"Mar 24, 2021","23,080.0","23,081.5","23,085.5","23,065.0","0.04%"
"Mar 23, 2021","23,070.0","23,075.5","23,083.0","23,065.0","-0.03%"
"Mar 22, 2021","23,076.0","23,065.0","23,085.0","23,060.0","0.01%"
"Mar 19, 2021","23,073.0","23,065.0","23,077.5","23,060.5","0.03%"
"Mar 18, 2021","23,065.0","23,061.5","23,070.0","23,054.0","0.09%"
"Mar 17, 2021","23,045.0","23,070.0","23,080.5","23,055.0","-0.16%"
"Mar 16, 2021","23,082.0","23,076.0","23,083.5","23,064.5","0.00%"
"Mar 15, 2021","23,081.0","23,077.0","23,082.0","23,055.0","0.11%"
"Mar 12, 2021","23,055.0","23,057.5","23,058.5","23,037.5","0.02%"
"Mar 11, 2021","23,051.0","23,052.0","23,059.0","23,032.5","-0.00%"
"Mar 10, 2021","23,052.0","23,032.5","23,062.5","23,032.5","-0.03%"
"Mar 09, 2021","23,060.0","23,032.5","23,062.5","23,030.0","0.15%"
"Mar 08, 2021","23,025.0","23,036.5","23,046.0","23,020.5","-0.03%"
"Mar 05, 2021","23,033.0","23,025.5","23,040.0","23,016.5","0.06%"
"Mar 04, 2021","23,019.0","23,020.5","23,030.5","23,015.0","-0.00%"
"Mar 03, 2021","23,020.0","23,027.5","23,035.0","23,021.0","-0.01%"
"Mar 02, 2021","23,022.0","23,027.5","23,035.0","23,022.0","0.01%"
"Mar 01, 2021","23,020.0","23,015.0","23,040.0","23,015.0","0.02%"
"Feb 26, 2021","23,015.0","23,022.5","23,027.5","23,007.5","-0.04%"
"Feb 25, 2021","23,025.0","23,030.0","23,030.0","23,015.0","0.02%"
"Feb 24, 2021","23,020.0","23,024.0","23,030.0","23,019.5","-0.02%"
"Feb 23, 2021","23,025.0","23,025.0","23,030.0","23,019.5","0.02%"
"Feb 22, 2021","23,020.0","23,023.5","23,029.0","23,015.0","0.01%"
"Feb 19, 2021","23,018.0","23,017.5","23,024.0","22,987.5","0.01%"
"Feb 18, 2021","23,015.0","23,010.0","23,057.5","23,002.5","0.02%"
"Feb 17, 2021","23,010.0","22,987.5","23,024.0","22,987.5","0.00%"
"Feb 09, 2021","23,010.0","22,952.5","23,015.0","22,952.5","0.17%"
"Feb 08, 2021","22,970.0","22,977.0","23,033.5","22,965.0","-0.13%"
"Feb 05, 2021","23,000.0","23,017.5","23,025.0","22,997.0","-0.07%"
"Feb 04, 2021","23,015.0","23,025.5","23,030.0","23,019.0","-0.02%"
"Feb 03, 2021","23,020.0","23,065.5","23,065.5","23,018.0","-0.03%"
"Feb 02, 2021","23,027.0","23,065.5","23,065.5","23,016.0","-0.08%"
"Feb 01, 2021","23,045.0","23,037.5","23,052.5","23,033.5","-0.01%"
"Jan 29, 2021","23,048.0","23,072.5","23,072.5","23,042.5","-0.05%"
"Jan 28, 2021","23,059.0","23,070.0","23,075.0","23,056.0","-0.04%"
"Jan 27, 2021","23,069.0","23,072.5","23,075.0","23,064.5","0.00%"
"Jan 26, 2021","23,069.0","23,072.5","23,075.0","23,064.5","0.04%"
"Jan 25, 2021","23,060.0","23,070.0","23,077.5","23,065.0","-0.04%"
"Jan 22, 2021","23,070.0","23,072.5","23,081.5","23,041.0","0.04%"
"Jan 21, 2021","23,060.0","23,075.5","23,077.5","23,067.0","-0.05%"
"Jan 20, 2021","23,072.0","23,087.5","23,090.0","23,066.0","0.01%"
"Jan 19, 2021","23,069.0","23,070.5","23,075.0","23,065.0","0.00%"
"Jan 18, 2021","23,069.0","23,100.0","23,100.0","23,063.5","0.02%"
"Jan 15, 2021","23,065.0","23,067.0","23,075.0","23,058.5","0.00%"
"Jan 14, 2021","23,064.0","23,069.0","23,070.5","23,062.5","0.00%"
"Jan 13, 2021","23,064.0","23,072.5","23,072.5","23,057.0","-0.00%"
"Jan 12, 2021","23,065.0","23,071.0","23,072.5","23,062.5","0.07%"
"Jan 11, 2021","23,050.0","23,070.0","23,080.0","23,057.5","-0.07%"
"Jan 08, 2021","23,066.0","23,079.0","23,084.0","23,063.5","-0.05%"
"Jan 07, 2021","23,078.0","23,092.0","23,130.0","23,075.0","-0.05%"
"Jan 06, 2021","23,090.0","23,091.5","23,098.0","23,086.5","0.04%"
"Jan 05, 2021","23,080.0","23,099.0","23,125.5","23,080.0","0.04%"
"Jan 04, 2021","23,070.0","23,100.0","23,100.0","23,077.0","-0.04%"
"Jan 01, 2021","23,080.0","23,080.0","23,080.0","23,080.0","0.00%"
"Dec 31, 2020","23,080.0","23,091.5","23,111.0","23,080.0","-0.03%"
"Dec 30, 2020","23,088.0","23,090.5","23,135.0","23,075.0","-0.14%"
"Dec 29, 2020","23,120.0","23,124.0","23,135.0","23,121.5","-0.02%"
"Dec 28, 2020","23,125.0","23,125.0","23,149.5","23,124.0","-0.02%"
"Dec 25, 2020","23,130.0","23,127.0","23,154.5","23,124.5","0.02%"
"Dec 24, 2020","23,125.0","23,129.0","23,140.5","23,127.0","-0.02%"
"Dec 23, 2020","23,130.0","23,126.0","23,140.0","23,123.5","0.01%"
"Dec 22, 2020","23,127.0","23,130.0","23,137.0","23,124.0","0.03%"
"Dec 21, 2020","23,120.0","23,125.0","23,132.5","23,122.5","-0.02%"
"Dec 18, 2020","23,124.0","23,125.0","23,132.0","23,120.0","0.02%"
"Dec 17, 2020","23,120.0","23,124.0","23,135.5","23,119.5","-0.03%"
"Dec 16, 2020","23,126.0","23,126.0","23,136.0","23,125.8","0.00%"
"Dec 15, 2020","23,126.0","23,152.5","23,153.5","23,126.0","0.00%"
"Dec 14, 2020","23,126.0","23,178.5","23,178.5","23,126.0","-0.01%"
"Dec 11, 2020","23,128.0","23,178.5","23,178.5","23,127.0","0.00%"
"Dec 10, 2020","23,128.0","23,130.0","23,137.5","23,127.0","0.00%"
"Dec 09, 2020","23,128.0","23,131.5","23,137.5","23,127.0","0.00%"
"Dec 08, 2020","23,128.0","23,129.5","23,137.5","23,127.0","0.00%"
"Dec 07, 2020","23,127.0","23,130.0","23,137.5","23,126.5","-0.01%"
"Dec 04, 2020","23,130.0","23,131.0","23,137.5","23,128.0","0.02%"
"Dec 03, 2020","23,125.0","23,129.0","23,137.5","23,119.5","-0.02%"
"Dec 02, 2020","23,129.0","23,130.0","23,141.0","23,123.0","0.00%"
"Dec 01, 2020","23,129.0","23,132.0","23,142.5","23,125.0","-0.05%"
"Nov 30, 2020","23,140.0","23,178.5","23,178.5","23,132.5","-0.09%"
"Nov 27, 2020","23,160.0","23,161.5","23,182.5","23,155.0","-0.02%"
"Nov 26, 2020","23,164.0","23,165.5","23,167.0","23,157.5","0.02%"
"Nov 25, 2020","23,160.0","23,165.0","23,167.5","23,151.5","0.04%"
"Nov 24, 2020","23,151.0","23,151.0","23,180.0","23,151.0","-0.11%"
"Nov 23, 2020","23,177.0","23,169.0","23,186.0","23,168.5","0.00%"
"Nov 20, 2020","23,176.0","23,181.0","23,186.0","23,173.5","0.00%"
"Nov 19, 2020","23,176.0","23,177.0","23,183.0","23,171.0","0.07%"
"Nov 18, 2020","23,160.0","23,172.5","23,183.0","23,163.0","-0.01%"
"Nov 17, 2020","23,163.0","23,167.0","23,183.0","23,162.5","-0.05%"
"Nov 16, 2020","23,175.0","23,176.0","23,183.0","23,173.0","0.00%"
"Nov 13, 2020","23,175.0","23,176.0","23,185.0","23,172.5","0.00%"
"Nov 12, 2020","23,175.0","23,175.0","23,176.0","23,174.5","0.00%"
"Nov 11, 2020","23,175.0","23,174.5","23,182.5","23,172.5","0.01%"
"Nov 10, 2020","23,173.0","23,176.0","23,182.5","23,172.5","0.01%"
"Nov 09, 2020","23,170.0","23,175.0","23,182.5","23,172.5","-0.03%"
"Nov 06, 2020","23,176.0","23,174.0","23,185.0","23,172.5","0.00%"
"Nov 05, 2020","23,175.0","23,176.5","23,183.0","23,173.0","-0.00%"
"Nov 04, 2020","23,176.0","23,177.0","23,178.5","23,176.0","0.00%"
"Nov 03, 2020","23,176.0","23,178.0","23,188.0","23,172.0","-0.00%"
"Nov 02, 2020","23,177.0","23,178.5","23,183.5","23,173.5","-0.01%"
"Oct 30, 2020","23,180.0","23,176.0","23,185.5","23,173.5","0.04%"
"Oct 29, 2020","23,170.0","23,179.5","23,186.0","23,175.0","-0.03%"
"Oct 28, 2020","23,176.0","23,176.5","23,183.5","23,173.0","0.00%"
"Oct 27, 2020","23,175.0","23,175.5","23,183.0","23,173.0","0.00%"
"Oct 26, 2020","23,175.0","23,178.5","23,183.5","23,172.5","-0.00%"
"Oct 23, 2020","23,176.0","23,177.0","23,185.0","23,173.5","0.00%"
"Oct 22, 2020","23,176.0","23,180.0","23,180.0","23,176.0","-0.00%"
"Oct 21, 2020","23,177.0","23,178.0","23,182.0","23,178.0","-0.01%"
"Oct 20, 2020","23,179.0","23,178.5","23,184.5","23,174.0","0.02%"
"Oct 19, 2020","23,175.0","23,181.0","23,183.5","23,173.0","0.00%"
"Oct 16, 2020","23,175.0","23,182.5","23,185.0","23,173.0","0.02%"
"Oct 15, 2020","23,170.0","23,176.0","23,183.5","23,173.0","-0.02%"
"Oct 14, 2020","23,175.0","23,176.0","23,183.5","23,173.0","-0.01%"
"Oct 13, 2020","23,177.0","23,178.0","23,185.5","23,174.0","-0.00%"
"Oct 12, 2020","23,178.0","23,183.5","23,207.5","23,174.0","-0.01%"
"Oct 09, 2020","23,180.0","23,184.0","23,207.5","23,181.5","-0.05%"
"Oct 08, 2020","23,191.0","23,194.5","23,207.5","23,190.0","-0.06%"
"Oct 07, 2020","23,205.0","23,204.0","23,209.0","23,192.0","0.00%"
"Oct 06, 2020","23,205.0","23,207.0","23,209.5","23,191.0","0.01%"
"Oct 05, 2020","23,203.0","23,185.5","23,206.5","23,173.0","0.05%"
"Oct 02, 2020","23,191.0","23,180.0","23,195.0","23,173.0","0.01%"
"Oct 01, 2020","23,188.0","23,184.0","23,191.5","23,175.0","0.03%"
"Sep 30, 2020","23,181.0","23,182.5","23,187.0","23,173.0","-0.04%"
"Sep 29, 2020","23,190.0","23,189.0","23,191.0","23,176.0","0.01%"
"Sep 28, 2020","23,188.0","23,192.5","23,195.5","23,172.5","-0.01%"
"Sep 25, 2020","23,191.0","23,197.5","23,197.5","23,177.5","0.03%"
"Sep 24, 2020","23,184.0","23,180.0","23,187.5","23,173.0","-0.00%"
"Sep 23, 2020","23,185.0","23,175.0","23,187.5","23,173.0","0.03%"
"Sep 22, 2020","23,177.0","23,179.0","23,184.5","23,173.0","-0.00%"
"Sep 21, 2020","23,178.0","23,180.0","23,186.0","23,173.0","0.03%"
"Sep 18, 2020","23,170.0","23,180.0","23,185.0","23,173.0","0.00%"
"Sep 17, 2020","23,170.0","23,175.5","23,183.5","23,173.0","-0.03%"
"Sep 16, 2020","23,178.0","23,177.5","23,184.0","23,173.0","0.01%"
"Sep 15, 2020","23,175.0","23,177.0","23,178.0","23,175.0","0.00%"
"Sep 14, 2020","23,175.0","23,182.0","23,185.5","23,172.5","0.00%"
"Sep 11, 2020","23,174.0","23,180.0","23,183.0","23,172.5","0.01%"
"Sep 10, 2020","23,172.5","23,176.0","23,185.0","23,173.0","-0.01%"
"Sep 09, 2020","23,175.0","23,182.0","23,187.5","23,173.0","-0.00%"
"Sep 08, 2020","23,176.0","23,178.5","23,184.0","23,173.0","0.01%"
"Sep 07, 2020","23,174.0","23,180.0","23,184.0","23,172.5","-0.02%"
"Sep 04, 2020","23,178.0","23,175.0","23,184.0","23,171.0","0.02%"
"Sep 03, 2020","23,174.0","23,174.0","23,177.0","23,171.0","0.00%"
"Sep 01, 2020","23,174.0","23,174.5","23,182.0","23,172.0","0.00%"
"Aug 31, 2020","23,174.0","23,175.0","23,182.0","23,171.0","0.00%"
"Aug 28, 2020","23,174.0","23,175.0","23,182.5","23,171.0","0.00%"
"Aug 27, 2020","23,174.0","23,175.0","23,182.5","23,172.5","0.00%"
"Aug 26, 2020","23,174.0","23,175.5","23,182.5","23,171.0","0.02%"
"Aug 25, 2020","23,170.0","23,178.0","23,183.5","23,171.0","-0.03%"
"Aug 24, 2020","23,177.0","23,187.5","23,187.5","23,174.5","0.01%"
"Aug 21, 2020","23,175.0","23,175.5","23,183.0","23,173.0","0.00%"
"Aug 20, 2020","23,174.0","23,175.5","23,182.5","23,172.5","0.00%"
"Aug 19, 2020","23,174.0","23,174.5","23,177.5","23,172.5","0.00%"
"Aug 18, 2020","23,174.0","23,174.5","23,182.5","23,172.5","0.00%"
"Aug 17, 2020","23,174.0","23,187.5","23,187.5","23,170.0","0.00%"
"Aug 14, 2020","23,174.0","23,176.0","23,184.0","23,172.5","0.00%"
"Aug 13, 2020","23,174.0","23,179.0","23,184.0","23,172.5","-0.00%"
"Aug 12, 2020","23,175.0","23,174.5","23,183.0","23,172.5","0.00%"
"Aug 11, 2020","23,174.0","23,175.0","23,182.0","23,172.5","0.02%"
"Aug 10, 2020","23,170.0","23,175.0","23,200.0","23,172.5","-0.01%"
"Aug 07, 2020","23,173.0","23,180.0","23,182.5","23,172.5","-0.00%"
"Aug 06, 2020","23,174.0","23,175.0","23,182.5","23,172.5","-0.00%"
"Aug 05, 2020","23,175.0","23,174.5","23,182.5","23,172.5","-0.01%"
"Aug 04, 2020","23,176.5","23,174.5","23,183.0","23,172.5","-0.00%"
"Aug 03, 2020","23,177.5","23,180.0","23,183.0","23,169.0","-0.01%"
"Jul 31, 2020","23,180.0","23,177.0","23,183.5","23,173.0","0.01%"
"Jul 30, 2020","23,177.5","23,175.0","23,183.0","23,173.0","-0.01%"
"Jul 29, 2020","23,180.0","23,180.0","23,184.5","23,173.5","0.00%"
"Jul 28, 2020","23,180.0","23,176.5","23,200.0","23,174.0","-0.01%"
"Jul 27, 2020","23,181.5","23,187.5","23,187.5","23,178.5","0.01%"
"Jul 24, 2020","23,180.0","23,180.0","23,186.5","23,173.0","-0.00%"
"Jul 23, 2020","23,181.0","23,183.0","23,186.0","23,176.0","-0.02%"
"Jul 22, 2020","23,185.0","23,187.5","23,195.0","23,175.5","0.02%"
"Jul 21, 2020","23,181.5","23,183.0","23,190.0","23,176.0","-0.03%"
"Jul 20, 2020","23,189.0","23,190.0","23,195.5","23,179.0","-0.01%"
"Jul 17, 2020","23,192.0","23,195.0","23,195.5","23,177.5","0.03%"
"Jul 16, 2020","23,185.0","23,185.0","23,187.5","23,176.5","0.00%"
"Jul 15, 2020","23,184.0","23,180.0","23,192.5","23,175.5","0.01%"
"Jul 14, 2020","23,182.0","23,185.5","23,232.5","23,175.0","0.01%"
"Jul 13, 2020","23,180.0","23,193.5","23,197.5","23,175.0","-0.00%"
"Jul 10, 2020","23,181.0","23,192.5","23,204.5","23,173.0","-0.02%"
"Jul 09, 2020","23,185.5","23,191.0","23,206.0","23,183.5","-0.02%"
"Jul 08, 2020","23,189.0","23,205.0","23,210.0","23,185.0","-0.05%"
"Jul 07, 2020","23,200.0","23,197.5","23,211.5","23,183.0","-0.01%"
"Jul 06, 2020","23,202.5","23,201.5","23,207.5","23,198.0","0.01%"
"Jul 03, 2020","23,201.0","23,199.5","23,210.0","23,197.5","-0.01%"
"Jul 02, 2020","23,203.0","23,205.0","23,210.0","23,195.0","-0.00%"
"Jul 01, 2020","23,204.0","23,205.0","23,213.5","23,198.5","-0.01%"
"Jun 30, 2020","23,205.5","23,205.0","23,210.0","23,199.0","0.02%"
"Jun 29, 2020","23,200.5","23,211.0","23,216.0","23,197.5","-0.05%"
"Jun 26, 2020","23,211.0","23,211.0","23,219.0","23,200.0","0.01%"
"Jun 25, 2020","23,209.0","23,205.0","23,220.5","23,200.0","0.02%"
"Jun 24, 2020","23,205.0","23,222.0","23,223.0","23,204.0","-0.04%"
"Jun 23, 2020","23,214.0","23,215.0","23,219.0","23,207.5","0.01%"
"Jun 22, 2020","23,212.5","23,212.5","23,220.0","23,207.5","-0.03%"
"Jun 19, 2020","23,220.0","23,208.0","23,225.0","23,194.0","0.03%"
"Jun 18, 2020","23,213.0","23,206.5","23,218.0","23,193.5","0.07%"
"Jun 17, 2020","23,197.5","23,198.5","23,240.0","23,194.0","-0.08%"
"Jun 16, 2020","23,215.0","23,222.0","23,235.5","23,206.5","-0.03%"
"Jun 15, 2020","23,222.5","23,222.5","23,243.0","23,205.0","0.07%"
"Jun 12, 2020","23,207.0","23,217.5","23,225.0","23,199.0","-0.04%"
"Jun 11, 2020","23,216.5","23,200.0","23,217.5","23,190.0","0.07%"
"Jun 10, 2020","23,200.0","23,200.0","23,220.0","23,186.5","-0.03%"
"Jun 09, 2020","23,207.5","23,232.0","23,265.0","23,202.0","-0.21%"
"Jun 08, 2020","23,257.5","23,257.5","23,265.0","23,239.5","-0.01%"
"Jun 05, 2020","23,260.0","23,255.5","23,262.0","23,250.0","-0.02%"
"Jun 04, 2020","23,265.5","23,264.5","23,274.0","23,257.5","0.02%"
"Jun 03, 2020","23,262.0","23,262.5","23,273.0","23,252.5","0.02%"
"Jun 02, 2020","23,256.5","23,257.5","23,282.0","23,247.5","-0.04%"
"Jun 01, 2020","23,265.0","23,281.5","23,301.0","23,254.0","-0.07%"
"May 29, 2020","23,281.5","23,281.0","23,305.0","23,275.0","-0.12%"
"May 28, 2020","23,310.0","23,295.0","23,329.0","23,287.5","-0.07%"
"May 27, 2020","23,326.5","23,324.0","23,331.5","23,300.0","-0.04%"
"May 26, 2020","23,337.0","23,301.0","23,338.0","23,301.0","0.10%"
"May 25, 2020","23,313.0","23,277.5","23,320.0","23,272.5","0.19%"
"May 22, 2020","23,269.5","23,271.0","23,282.0","23,252.5","-0.03%"
"May 21, 2020","23,277.5","23,272.5","23,285.0","23,252.5","0.02%"
"May 20, 2020","23,272.5","23,297.5","23,311.5","23,271.0","-0.12%"
"May 19, 2020","23,300.0","23,317.5","23,370.0","23,292.5","-0.17%"
"May 18, 2020","23,339.5","23,349.0","23,360.0","23,335.0","-0.08%"
"May 15, 2020","23,357.5","23,355.0","23,371.5","23,351.0","-0.07%"
"May 14, 2020","23,375.0","23,374.5","23,386.0","23,349.0","0.12%"
"May 13, 2020","23,347.5","23,375.0","23,380.0","23,334.0","0.05%"
"May 12, 2020","23,335.0","23,331.0","23,382.5","23,318.0","0.05%"
"May 11, 2020","23,324.5","23,382.5","23,405.0","23,318.0","-0.23%"
"May 08, 2020","23,378.5","23,475.0","23,475.0","23,373.5","-0.21%"
"May 07, 2020","23,427.5","23,422.5","23,432.5","23,421.5","0.01%"
"May 06, 2020","23,424.5","23,420.0","23,437.5","23,418.0","0.01%"
"May 05, 2020","23,422.0","23,424.0","23,427.5","23,419.5","-0.10%"
"May 04, 2020","23,446.0","23,475.0","23,475.0","23,439.0","0.07%"
"Apr 29, 2020","23,429.0","23,450.0","23,450.0","23,423.5","-0.07%"
"Apr 28, 2020","23,445.0","23,465.0","23,477.5","23,440.0","-0.05%"
"Apr 27, 2020","23,456.5","23,497.5","23,510.0","23,454.0","-0.23%"
"Apr 24, 2020","23,510.0","23,502.0","23,518.0","23,493.5","0.10%"
"Apr 23, 2020","23,486.0","23,489.0","23,524.0","23,452.5","0.03%"
"Apr 22, 2020","23,480.0","23,490.0","23,500.0","23,460.0","0.08%"
"Apr 21, 2020","23,461.0","23,460.0","23,465.0","23,447.5","0.04%"
"Apr 20, 2020","23,451.0","23,422.5","23,455.0","23,422.5","0.11%"
"Apr 17, 2020","23,425.0","23,460.0","23,460.0","23,418.5","-0.11%"
"Apr 16, 2020","23,450.0","23,448.0","23,465.0","23,437.5","0.03%"
"Apr 15, 2020","23,442.5","23,470.5","23,478.5","23,442.5","-0.13%"
"Apr 14, 2020","23,474.0","23,460.0","23,475.5","23,435.0","0.17%"
"Apr 13, 2020","23,433.0","23,437.5","23,460.0","23,420.0","-0.02%"
"Apr 10, 2020","23,437.5","23,491.0","23,517.0","23,420.0","-0.22%"
"Apr 09, 2020","23,489.0","23,514.0","23,532.0","23,471.0","-0.32%"
"Apr 08, 2020","23,565.0","23,460.0","23,565.0","23,460.0","0.47%"
"Apr 07, 2020","23,455.0","23,460.0","23,470.0","23,447.5","0.02%"
"Apr 06, 2020","23,450.0","23,555.0","23,555.0","23,450.0","-0.49%"
"Apr 03, 2020","23,565.0","23,560.0","23,605.0","23,481.0","-0.13%"
"Apr 01, 2020","23,595.0","23,590.0","23,628.0","23,587.5","-0.09%"
"Mar 31, 2020","23,617.0","23,622.5","23,635.0","23,612.0","-0.11%"
"Mar 30, 2020","23,642.5","23,627.5","23,642.5","23,618.0","0.08%"
"Mar 27, 2020","23,622.5","23,624.0","23,640.0","23,617.0","-0.05%"
"Mar 26, 2020","23,635.0","23,640.0","23,645.0","23,597.5","0.13%"
"Mar 25, 2020","23,605.0","23,590.0","23,630.0","23,565.0","0.07%"
"Mar 24, 2020","23,587.5","23,635.0","23,651.0","23,587.5","0.18%"
"Mar 23, 2020","23,545.0","23,460.0","23,558.5","23,460.0","0.36%"
"Mar 20, 2020","23,460.0","23,412.5","23,472.5","23,369.5","0.25%"
"Mar 19, 2020","23,402.0","23,295.0","23,430.0","23,246.5","0.51%"
"Mar 18, 2020","23,283.0","23,248.0","23,284.0","23,241.0","0.19%"
"Mar 17, 2020","23,239.0","23,211.0","23,251.0","23,211.0","0.06%"
"Mar 16, 2020","23,226.0","23,216.0","23,234.0","23,211.0","0.06%"
"Mar 13, 2020","23,211.0","23,173.0","23,220.0","23,173.0","0.06%"
"Mar 12, 2020","23,196.5","23,171.5","23,196.5","23,171.5","0.10%"
"Mar 11, 2020","23,173.5","23,175.5","23,177.5","23,171.5","-0.01%"
"Mar 10, 2020","23,175.0","23,174.0","23,201.0","23,171.0","0.01%"
"Mar 09, 2020","23,173.5","23,206.5","23,217.5","23,173.5","-0.15%"
"Mar 06, 2020","23,207.5","23,212.5","23,212.5","23,197.5","-0.02%"
"Mar 05, 2020","23,212.5","23,210.5","23,227.5","23,202.5","0.02%"
"Mar 04, 2020","23,207.0","23,211.0","23,223.0","23,201.0","-0.05%"
"Mar 03, 2020","23,219.0","23,225.0","23,241.0","23,216.0","-0.09%"
"Mar 02, 2020","23,241.0","23,239.0","23,243.0","23,221.0","0.00%"
"Feb 28, 2020","23,241.0","23,239.0","23,242.0","23,226.0","-0.00%"
"Feb 27, 2020","23,241.5","23,241.5","23,247.5","23,211.5","0.00%"
"Feb 26, 2020","23,241.0","23,261.0","23,261.0","23,231.0","-0.13%"
"Feb 25, 2020","23,271.0","23,281.0","23,281.0","23,241.0","0.10%"
"Feb 24, 2020","23,248.5","23,246.5","23,252.5","23,236.5","0.02%"
"Feb 21, 2020","23,243.5","23,239.5","23,249.5","23,221.5","0.03%"
"Feb 20, 2020","23,237.5","23,240.5","23,247.5","23,221.5","0.04%"
"Feb 19, 2020","23,228.0","23,223.0","23,250.0","23,223.0","-0.07%"
"Feb 18, 2020","23,243.5","23,224.5","23,244.5","23,224.5","0.06%"
"Feb 17, 2020","23,229.5","23,242.5","23,248.5","23,221.5","-0.07%"
"Feb 14, 2020","23,246.0","23,236.0","23,249.0","23,221.0","0.03%"
"Feb 13, 2020","23,240.0","23,239.0","23,241.0","23,216.0","-0.06%"
"Feb 12, 2020","23,255.0","23,230.0","23,255.0","23,220.0","0.05%"
"Feb 11, 2020","23,242.5","23,217.5","23,262.5","23,202.5","-0.08%"
"Feb 10, 2020","23,261.5","23,253.5","23,263.5","23,203.5","0.12%"
"Feb 07, 2020","23,232.5","23,242.5","23,242.5","23,219.5","0.05%"
"Feb 06, 2020","23,222.0","23,223.0","23,223.0","23,216.0","0.00%"
"Feb 05, 2020","23,221.0","23,251.0","23,266.0","23,216.0","-0.08%"
"Feb 04, 2020","23,240.0","23,260.0","23,275.0","23,240.0","-0.09%"
"Feb 03, 2020","23,260.0","23,260.0","23,286.0","23,225.0","0.16%"
"Jan 31, 2020","23,223.0","23,176.0","23,227.0","23,166.0","0.17%"
"Jan 30, 2020","23,183.0","23,176.0","23,184.0","23,166.0","0.05%"
"Jan 29, 2020","23,170.5","23,170.5","23,170.5","23,170.5","0.00%"
"Jan 28, 2020","23,170.5","23,170.5","23,170.5","23,170.5","0.00%"
"Jan 27, 2020","23,170.5","23,170.5","23,170.5","23,170.5","0.00%"
"Jan 24, 2020","23,170.5","23,170.5","23,170.5","23,170.5","0.00%"
"Jan 23, 2020","23,170.5","23,170.5","23,170.5","23,170.5","0.00%"
"Jan 22, 2020","23,170.5","23,171.5","23,203.5","23,166.5","-0.00%"
"Jan 21, 2020","23,171.0","23,166.0","23,171.0","23,166.0","0.00%"
"Jan 20, 2020","23,170.0","23,166.0","23,171.0","23,166.0","-0.02%"
"Jan 17, 2020","23,174.0","23,173.0","23,175.0","23,167.0","0.01%"
"Jan 16, 2020","23,172.0","23,168.0","23,176.0","23,168.0","-0.01%"
"Jan 15, 2020","23,175.0","23,175.0","23,180.0","23,175.0","-0.00%"
"Jan 14, 2020","23,176.0","23,174.0","23,176.0","23,171.0","0.01%"
"Jan 13, 2020","23,174.0","23,174.0","23,175.0","23,171.0","-0.01%"
"Jan 10, 2020","23,177.0","23,174.0","23,205.0","23,171.0","0.01%"
"Jan 09, 2020","23,174.0","23,176.0","23,176.0","23,173.0","-0.01%"
"Jan 08, 2020","23,176.0","23,178.0","23,178.0","23,174.0","0.00%"
"Jan 07, 2020","23,176.0","23,171.0","23,179.0","23,171.0","-0.00%"
"Jan 06, 2020","23,177.0","23,177.0","23,177.0","23,171.0","0.02%"
"Jan 03, 2020","23,172.0","23,173.0","23,174.0","23,169.0","0.01%"
"Jan 02, 2020","23,169.0","23,168.0","23,172.0","23,168.0","-0.02%"
"Jan 01, 2020","23,172.5","23,172.5","23,172.5","23,172.5","0.00%"
"Dec 31, 2019","23,172.5","23,173.5","23,174.5","23,169.5","0.00%"
"Dec 30, 2019","23,172.5","23,172.5","23,173.5","23,170.5","0.00%"
"Dec 27, 2019","23,172.0","23,172.0","23,175.0","23,171.0","-0.01%"
"Dec 26, 2019","23,175.0","23,168.0","23,176.0","23,168.0","0.00%"
"Dec 25, 2019","23,174.0","23,168.0","23,177.0","23,168.0","-0.02%"
"Dec 24, 2019","23,177.5","23,179.5","23,179.5","23,171.5","0.01%"
"Dec 23, 2019","23,174.5","23,168.5","23,177.5","23,168.5","-0.01%"
"Dec 20, 2019","23,176.0","23,176.0","23,195.0","23,170.0","0.03%"
"Dec 19, 2019","23,170.0","23,168.0","23,174.0","23,168.0","-0.02%"
"Dec 18, 2019","23,174.0","23,173.0","23,175.0","23,171.0","-0.01%"
"Dec 17, 2019","23,177.0","23,176.0","23,177.0","23,169.0","-0.00%"
"Dec 16, 2019","23,177.5","23,168.5","23,177.5","23,168.5","0.02%"
"Dec 13, 2019","23,174.0","23,169.0","23,200.0","23,168.0","0.02%"
"Dec 12, 2019","23,170.0","23,168.0","23,174.0","23,167.0","-0.03%"
"Dec 11, 2019","23,176.5","23,172.5","23,176.5","23,169.5","0.02%"
"Dec 10, 2019","23,171.0","23,170.0","23,173.0","23,168.0","-0.00%"
"Dec 09, 2019","23,171.5","23,171.5","23,176.5","23,168.5","-0.03%"
"Dec 06, 2019","23,177.5","23,177.5","23,207.5","23,167.5","0.04%"
"Dec 05, 2019","23,168.0","23,171.0","23,181.0","23,166.0","-0.02%"
"Dec 04, 2019","23,172.5","23,172.5","23,177.5","23,167.5","0.01%"
"Dec 03, 2019","23,171.0","23,173.0","23,180.0","23,171.0","-0.02%"
"Dec 02, 2019","23,176.5","23,161.5","23,201.5","23,161.5","-0.02%"
"Nov 29, 2019","23,180.0","23,199.0","23,201.0","23,180.0","-0.09%"
"Nov 28, 2019","23,201.5","23,206.5","23,206.5","23,196.5","-0.00%"
"Nov 27, 2019","23,202.5","23,204.5","23,207.5","23,197.5","0.05%"
"Nov 26, 2019","23,190.5","23,196.5","23,196.5","23,185.5","-0.04%"
"Nov 25, 2019","23,199.5","23,197.5","23,203.5","23,197.5","0.02%"
"Nov 22, 2019","23,196.0","23,195.0","23,201.0","23,191.0","0.00%"
"Nov 21, 2019","23,195.0","23,197.0","23,202.0","23,192.0","-0.02%"
"Nov 20, 2019","23,199.5","23,200.5","23,208.5","23,197.5","-0.01%"
"Nov 19, 2019","23,201.5","23,201.5","23,206.5","23,198.5","-0.02%"
"Nov 18, 2019","23,206.0","23,201.0","23,206.0","23,200.0","0.00%"
"Nov 15, 2019","23,205.0","23,201.0","23,206.0","23,201.0","0.02%"
"Nov 14, 2019","23,201.0","23,200.0","23,203.0","23,200.0","-0.00%"
"Nov 13, 2019","23,201.5","23,199.5","23,203.5","23,199.5","0.01%"
"Nov 12, 2019","23,199.5","23,199.5","23,199.5","23,197.5","-0.01%"
"Nov 11, 2019","23,202.0","23,202.0","23,202.0","23,199.0","0.01%"
"Nov 08, 2019","23,199.0","23,200.0","23,201.0","23,198.0","-0.00%"
"Nov 07, 2019","23,199.5","23,197.5","23,200.5","23,197.5","0.00%"
"Nov 06, 2019","23,199.5","23,199.5","23,200.5","23,197.5","0.00%"
"Nov 05, 2019","23,199.5","23,198.5","23,200.5","23,197.5","-0.00%"
"Nov 04, 2019","23,200.0","23,201.0","23,201.0","23,198.0","-0.01%"
"Nov 01, 2019","23,202.0","23,201.0","23,202.0","23,200.0","-0.00%"
"Oct 31, 2019","23,203.0","23,201.0","23,203.0","23,198.0","0.01%"
"Oct 30, 2019","23,201.0","23,201.0","23,203.0","23,198.0","-0.01%"
"Oct 29, 2019","23,203.0","23,202.0","23,206.0","23,198.0","0.00%"
"Oct 28, 2019","23,202.0","23,202.0","23,202.0","23,199.0","0.01%"
"Oct 25, 2019","23,200.5","23,197.5","23,206.5","23,197.5","-0.02%"
"Oct 24, 2019","23,204.0","23,207.0","23,207.0","23,203.0","-0.01%"
"Oct 23, 2019","23,206.5","23,207.5","23,208.5","23,202.5","0.02%"
"Oct 22, 2019","23,202.5","23,204.5","23,207.5","23,201.5","-0.02%"
"Oct 21, 2019","23,207.5","23,203.5","23,208.5","23,202.5","0.02%"
"Oct 18, 2019","23,204.0","23,202.0","23,208.0","23,202.0","-0.01%"
"Oct 17, 2019","23,207.0","23,204.0","23,209.0","23,201.0","0.02%"
"Oct 16, 2019","23,203.0","23,201.0","23,204.0","23,201.0","0.01%"
"Oct 15, 2019","23,201.5","23,200.5","23,201.5","23,200.5","-0.02%"
"Oct 14, 2019","23,205.0","23,205.0","23,206.0","23,203.0","0.00%"
"Oct 11, 2019","23,205.0","23,205.0","23,211.0","23,200.0","0.02%"
"Oct 10, 2019","23,201.0","23,226.0","23,226.0","23,190.0","-0.11%"
"Oct 09, 2019","23,226.0","23,201.0","23,226.0","23,200.0","0.11%"
"Oct 08, 2019","23,200.5","23,200.5","23,202.5","23,199.5","-0.00%"
"Oct 07, 2019","23,201.0","23,202.0","23,205.0","23,201.0","0.00%"
"Oct 04, 2019","23,201.0","23,201.0","23,205.0","23,201.0","-0.00%"
"Oct 03, 2019","23,201.5","23,201.5","23,203.5","23,201.5","-0.02%"
"Oct 02, 2019","23,205.0","23,205.0","23,206.0","23,205.0","0.02%"
"Oct 01, 2019","23,201.5","23,200.5","23,201.5","23,200.5","0.00%"
"Sep 30, 2019","23,201.0","23,202.0","23,204.0","23,201.0","-0.02%"
"Sep 27, 2019","23,205.0","23,205.0","23,206.0","23,204.0","0.02%"
"Sep 26, 2019","23,201.0","23,204.0","23,204.0","23,199.0","-0.02%"
"Sep 25, 2019","23,205.0","23,208.0","23,208.0","23,205.0","0.00%"
"Sep 24, 2019","23,205.0","23,205.0","23,211.0","23,204.0","0.01%"
"Sep 23, 2019","23,203.0","23,209.0","23,209.0","23,201.0","-0.01%"
"Sep 20, 2019","23,205.0","23,212.0","23,213.0","23,202.0","-0.03%"
"Sep 19, 2019","23,212.0","23,208.0","23,226.0","23,206.0","0.00%"
"Sep 18, 2019","23,211.5","23,217.5","23,227.5","23,209.5","-0.06%"
"Sep 17, 2019","23,226.5","23,221.5","23,228.5","23,219.5","0.03%"
"Sep 16, 2019","23,219.0","23,215.0","23,221.0","23,211.0","0.05%"
"Sep 13, 2019","23,207.5","23,216.5","23,220.5","23,205.5","0.00%"
"Sep 12, 2019","23,207.5","23,202.5","23,210.5","23,200.5","0.03%"
"Sep 11, 2019","23,200.0","23,200.0","23,204.0","23,196.0","0.00%"
"Sep 10, 2019","23,199.5","23,196.5","23,199.5","23,195.5","-0.01%"
"Sep 09, 2019","23,201.0","23,196.0","23,202.0","23,196.0","0.01%"
"Sep 06, 2019","23,199.0","23,195.0","23,200.0","23,194.0","0.00%"
"Sep 05, 2019","23,198.5","23,197.5","23,204.5","23,195.5","-0.00%"
"Sep 04, 2019","23,199.5","23,198.5","23,200.5","23,193.5","0.00%"
"Sep 03, 2019","23,199.0","23,186.0","23,202.0","23,186.0","0.06%"
"Sep 02, 2019","23,186.0","23,186.0","23,186.0","23,186.0","0.00%"
"Aug 30, 2019","23,186.0","23,202.0","23,202.0","23,183.0","-0.06%"
"Aug 29, 2019","23,200.0","23,206.0","23,211.0","23,199.0","-0.03%"
"Aug 28, 2019","23,207.5","23,201.5","23,210.5","23,198.5","0.04%"
"Aug 27, 2019","23,197.5","23,200.5","23,201.5","23,195.5","-0.01%"
"Aug 26, 2019","23,199.0","23,216.0","23,216.0","23,196.0","0.00%"
"Aug 23, 2019","23,199.0","23,201.0","23,206.0","23,195.0","-0.03%"
"Aug 22, 2019","23,205.0","23,205.0","23,208.0","23,203.0","0.02%"
"Aug 21, 2019","23,201.5","23,202.5","23,204.5","23,201.5","-0.01%"
"Aug 20, 2019","23,204.0","23,209.0","23,209.0","23,200.0","-0.01%"
"Aug 19, 2019","23,206.0","23,215.0","23,215.0","23,206.0","-0.03%"
"Aug 16, 2019","23,212.0","23,206.0","23,216.0","23,206.0","0.01%"
"Aug 15, 2019","23,209.0","23,209.0","23,209.0","23,201.0","0.02%"
"Aug 14, 2019","23,205.0","23,205.0","23,215.0","23,203.0","-0.01%"
"Aug 13, 2019","23,206.5","23,203.5","23,207.5","23,199.5","0.03%"
"Aug 12, 2019","23,198.5","23,201.5","23,215.5","23,196.5","-0.03%"
"Aug 09, 2019","23,205.0","23,204.0","23,211.0","23,198.0","-0.09%"
"Aug 08, 2019","23,225.0","23,220.0","23,245.0","23,210.0","0.04%"
"Aug 07, 2019","23,216.0","23,215.0","23,264.0","23,211.0","-0.17%"
"Aug 06, 2019","23,255.0","23,265.0","23,290.0","23,253.0","-0.06%"
"Aug 05, 2019","23,269.0","23,230.0","23,277.0","23,216.0","0.21%"
"Aug 02, 2019","23,220.0","23,220.0","23,237.0","23,205.0","0.06%"
"Aug 01, 2019","23,205.0","23,205.0","23,225.0","23,203.0","-0.12%"
"Jul 31, 2019","23,232.5","23,202.5","23,232.5","23,199.5","0.12%"
"Jul 30, 2019","23,205.0","23,205.0","23,217.0","23,204.0","-0.02%"
"Jul 29, 2019","23,210.0","23,215.0","23,220.0","23,210.0","-0.01%"
"Jul 26, 2019","23,211.5","23,213.5","23,221.5","23,206.5","0.01%"
"Jul 25, 2019","23,210.0","23,207.0","23,212.0","23,201.0","0.00%"
"Jul 24, 2019","23,210.0","23,221.0","23,224.0","23,210.0","0.00%"
"Jul 23, 2019","23,210.0","23,241.0","23,243.0","23,206.0","-0.01%"
"Jul 22, 2019","23,212.0","23,215.0","23,243.0","23,210.0","-0.15%"
"Jul 19, 2019","23,247.0","23,244.0","23,249.0","23,202.0","0.13%"
"Jul 18, 2019","23,216.0","23,216.0","23,222.0","23,202.0","0.06%"
"Jul 17, 2019","23,202.5","23,182.5","23,205.5","23,182.5","0.01%"
"Jul 16, 2019","23,201.0","23,191.0","23,201.0","23,191.0","-0.00%"
"Jul 15, 2019","23,201.5","23,199.5","23,204.5","23,182.5","-0.02%"
"Jul 12, 2019","23,205.0","23,195.0","23,205.0","23,195.0","0.01%"
"Jul 11, 2019","23,202.5","23,202.5","23,227.5","23,197.5","-0.08%"
"Jul 10, 2019","23,220.0","23,225.0","23,250.0","23,220.0","-0.04%"
"Jul 09, 2019","23,230.0","23,260.0","23,260.0","23,230.0","-0.07%"
"Jul 08, 2019","23,246.5","23,240.5","23,251.5","23,235.5","0.04%"
"Jul 05, 2019","23,237.5","23,249.5","23,249.5","23,236.5","-0.05%"
"Jul 04, 2019","23,250.0","23,248.0","23,259.0","23,224.0","0.00%"
"Jul 03, 2019","23,250.0","23,225.0","23,250.0","23,225.0","0.04%"
"Jul 02, 2019","23,240.0","23,270.0","23,270.0","23,235.0","-0.09%"
"Jul 01, 2019","23,260.0","23,325.0","23,325.0","23,250.0","-0.19%"
"Jun 28, 2019","23,305.0","23,305.0","23,323.0","23,280.0","-0.04%"
"Jun 27, 2019","23,315.0","23,305.0","23,335.0","23,305.0","0.04%"
"Jun 26, 2019","23,305.0","23,305.0","23,325.0","23,292.0","0.03%"
"Jun 25, 2019","23,297.0","23,291.0","23,306.0","23,285.0","0.03%"
"Jun 24, 2019","23,291.0","23,295.0","23,305.0","23,285.0","0.00%"
"Jun 21, 2019","23,290.0","23,300.0","23,305.0","23,290.0","-0.04%"
"Jun 20, 2019","23,300.0","23,305.0","23,315.0","23,295.0","-0.07%"
"Jun 19, 2019","23,316.5","23,330.5","23,331.5","23,296.5","-0.08%"
"Jun 18, 2019","23,336.0","23,331.0","23,349.0","23,321.0","-0.06%"
"Jun 17, 2019","23,350.0","23,328.0","23,355.0","23,328.0","0.06%"
"Jun 14, 2019","23,335.0","23,330.0","23,335.0","23,315.0","0.06%"
"Jun 13, 2019","23,320.0","23,355.0","23,355.0","23,319.0","0.00%"
"Jun 12, 2019","23,320.0","23,335.0","23,350.0","23,320.0","-0.09%"
"Jun 11, 2019","23,340.0","23,363.0","23,363.0","23,340.0","-0.11%"
"Jun 10, 2019","23,365.0","23,397.0","23,423.0","23,359.0","-0.13%"
"Jun 07, 2019","23,396.0","23,405.0","23,406.0","23,387.0","-0.03%"
"Jun 06, 2019","23,403.0","23,407.0","23,419.0","23,391.0","-0.04%"
"Jun 05, 2019","23,413.0","23,405.0","23,416.0","23,405.0","0.06%"
"Jun 04, 2019","23,400.0","23,400.0","23,410.0","23,395.0","0.02%"
"Jun 03, 2019","23,394.5","23,415.5","23,419.5","23,390.5","-0.08%"
"May 31, 2019","23,412.5","23,420.5","23,420.5","23,410.5","-0.03%"
"May 30, 2019","23,420.0","23,405.0","23,425.0","23,405.0","0.06%"
"May 29, 2019","23,407.0","23,396.0","23,413.0","23,391.0","0.06%"
"May 28, 2019","23,394.0","23,397.0","23,400.0","23,382.0","0.03%"
"May 27, 2019","23,388.0","23,397.0","23,397.0","23,382.0","-0.01%"
"May 24, 2019","23,390.0","23,400.0","23,407.0","23,380.0","0.00%"
"May 23, 2019","23,389.0","23,388.0","23,389.0","23,371.0","0.06%"
"May 22, 2019","23,375.0","23,405.0","23,405.0","23,375.0","-0.07%"
"May 21, 2019","23,391.5","23,401.5","23,401.5","23,376.5","-0.07%"
"May 20, 2019","23,407.5","23,407.5","23,432.5","23,387.5","0.07%"
"May 17, 2019","23,392.0","23,334.0","23,404.0","23,334.0","0.35%"
"May 16, 2019","23,310.0","23,310.0","23,312.0","23,285.0","-0.06%"
"May 15, 2019","23,325.0","23,355.0","23,381.0","23,320.0","-0.24%"
"May 14, 2019","23,380.0","23,370.0","23,380.0","23,350.0","0.22%"
"May 13, 2019","23,329.0","23,304.0","23,354.0","23,304.0","-0.08%"
"May 10, 2019","23,347.5","23,392.5","23,392.5","23,342.5","-0.22%"
"May 09, 2019","23,400.0","23,370.0","23,420.0","23,370.0","0.14%"
"May 08, 2019","23,367.5","23,292.5","23,393.5","23,292.5","0.31%"
"May 07, 2019","23,295.0","23,295.0","23,349.0","23,295.0","0.06%"
"May 06, 2019","23,281.5","23,261.5","23,301.5","23,261.5","0.12%"
"May 03, 2019","23,252.5","23,257.5","23,268.5","23,252.5","-0.08%"
"May 02, 2019","23,270.0","23,270.0","23,272.0","23,260.0","-0.09%"
"May 01, 2019","23,290.0","23,290.0","23,290.0","23,290.0","0.00%"
"Apr 30, 2019","23,290.0","23,290.0","23,290.0","23,290.0","0.00%"
"Apr 29, 2019","23,290.0","23,290.0","23,290.0","23,290.0","0.00%"
"Apr 26, 2019","23,290.0","23,223.0","23,292.0","23,223.0","0.30%"
"Apr 25, 2019","23,220.0","23,225.0","23,273.0","23,220.0","0.02%"
"Apr 24, 2019","23,216.5","23,221.5","23,226.5","23,211.5","-0.00%"
"Apr 23, 2019","23,217.5","23,215.5","23,227.5","23,215.5","-0.01%"
"Apr 22, 2019","23,219.0","23,206.0","23,219.0","23,206.0","0.03%"
"Apr 19, 2019","23,212.5","23,212.5","23,213.5","23,202.5","0.04%"
"Apr 18, 2019","23,203.5","23,203.5","23,203.5","23,198.5","0.02%"
"Apr 17, 2019","23,198.5","23,196.5","23,200.5","23,195.5","-0.00%"
"Apr 16, 2019","23,199.5","23,199.5","23,204.5","23,195.5","0.00%"
"Apr 15, 2019","23,199.5","23,199.5","23,199.5","23,199.5","0.00%"
"Apr 12, 2019","23,199.5","23,200.5","23,200.5","23,194.5","0.01%"
"Apr 11, 2019","23,196.5","23,195.5","23,200.5","23,194.5","-0.02%"
"Apr 10, 2019","23,200.5","23,200.5","23,200.5","23,194.5","0.01%"
"Apr 09, 2019","23,198.5","23,198.5","23,200.5","23,194.5","-0.00%"
"Apr 08, 2019","23,199.5","23,196.5","23,202.5","23,196.5","-0.00%"
"Apr 05, 2019","23,200.0","23,198.0","23,204.0","23,187.0","0.00%"
"Apr 04, 2019","23,199.0","23,200.0","23,202.0","23,197.0","-0.00%"
"Apr 03, 2019","23,200.0","23,200.0","23,201.0","23,196.0","0.01%"
"Apr 02, 2019","23,198.5","23,200.5","23,201.5","23,196.5","-0.01%"
"Apr 01, 2019","23,201.5","23,198.5","23,205.5","23,198.5","-0.01%"
"Mar 29, 2019","23,204.0","23,204.0","23,204.0","23,197.0","0.01%"
"Mar 28, 2019","23,201.0","23,199.0","23,203.0","23,197.0","0.01%"
"Mar 27, 2019","23,198.5","23,199.5","23,199.5","23,195.5","0.00%"
"Mar 26, 2019","23,198.5","23,199.5","23,200.5","23,195.5","-0.00%"
"Mar 25, 2019","23,199.5","23,200.5","23,200.5","23,197.5","-0.01%"
"Mar 22, 2019","23,201.5","23,201.5","23,204.5","23,199.5","0.00%"
"Mar 21, 2019","23,200.5","23,209.5","23,209.5","23,195.5","-0.04%"
"Mar 20, 2019","23,210.0","23,210.0","23,212.0","23,177.0","0.00%"
"Mar 19, 2019","23,209.0","23,207.0","23,221.0","23,199.0","0.02%"
"Mar 18, 2019","23,204.0","23,202.0","23,210.0","23,200.0","0.02%"
"Mar 15, 2019","23,199.0","23,199.0","23,205.0","23,198.0","0.00%"
"Mar 14, 2019","23,199.0","23,199.0","23,206.0","23,196.0","-0.00%"
"Mar 13, 2019","23,199.5","23,198.5","23,199.5","23,195.5","0.00%"
"Mar 12, 2019","23,198.5","23,198.5","23,199.5","23,196.5","0.00%"
"Mar 11, 2019","23,198.5","23,195.5","23,199.5","23,195.5","-0.00%"
"Mar 08, 2019","23,199.5","23,198.5","23,199.5","23,195.5","0.01%"
"Mar 07, 2019","23,198.0","23,201.0","23,201.0","23,196.0","-0.01%"
"Mar 06, 2019","23,200.5","23,199.5","23,201.5","23,195.5","0.01%"
"Mar 05, 2019","23,199.0","23,201.0","23,201.0","23,197.0","-0.01%"
"Mar 04, 2019","23,200.5","23,198.5","23,201.5","23,195.5","-0.01%"
"Mar 01, 2019","23,203.0","23,199.0","23,204.0","23,180.0","0.01%"
"Feb 28, 2019","23,200.0","23,196.0","23,215.0","23,170.0","0.00%"
"Feb 27, 2019","23,199.5","23,195.5","23,200.5","23,193.5","-0.01%"
"Feb 26, 2019","23,201.0","23,209.0","23,217.0","23,195.0","-0.07%"
"Feb 25, 2019","23,217.0","23,219.0","23,220.0","23,170.0","0.03%"
"Feb 22, 2019","23,210.0","23,211.0","23,257.0","23,180.0","-0.01%"
"Feb 21, 2019","23,211.5","23,199.5","23,213.5","23,199.5","0.05%"
"Feb 20, 2019","23,199.0","23,198.0","23,201.0","23,193.0","-0.00%"
"Feb 19, 2019","23,199.5","23,199.5","23,200.5","23,194.5","-0.00%"
"Feb 18, 2019","23,200.0","23,200.0","23,201.0","23,161.0","-0.01%"
"Feb 15, 2019","23,201.5","23,198.5","23,205.5","23,195.5","-0.00%"
"Feb 14, 2019","23,202.0","23,201.0","23,204.0","23,196.0","0.02%"
"Feb 13, 2019","23,197.5","23,199.5","23,211.5","23,197.5","-0.05%"
"Feb 12, 2019","23,209.0","23,201.0","23,211.0","23,201.0","-0.02%"
"Feb 11, 2019","23,212.5","23,192.5","23,212.5","23,192.5","0.02%"
"Feb 08, 2019","23,207.5","23,207.5","23,207.5","23,207.5","0.00%"
"Feb 07, 2019","23,207.5","23,207.5","23,207.5","23,207.5","0.00%"
"Feb 06, 2019","23,207.5","23,207.5","23,207.5","23,207.5","0.00%"
"Feb 05, 2019","23,207.5","23,207.5","23,207.5","23,207.5","0.00%"
"Feb 04, 2019","23,207.5","23,207.5","23,207.5","23,207.5","0.00%"
"Feb 01, 2019","23,207.5","23,202.5","23,217.5","23,187.5","0.04%"
"Jan 31, 2019","23,199.0","23,199.0","23,201.0","23,196.0","-0.02%"
"Jan 30, 2019","23,204.0","23,203.0","23,207.0","23,193.0","0.03%"
"Jan 29, 2019","23,197.0","23,198.0","23,200.0","23,191.0","0.01%"
"Jan 28, 2019","23,195.0","23,191.0","23,199.0","23,151.0","0.00%"
"Jan 25, 2019","23,194.5","23,200.5","23,200.5","23,190.5","-0.01%"
"Jan 24, 2019","23,197.0","23,201.0","23,201.0","23,195.0","-0.00%"
"Jan 23, 2019","23,198.0","23,199.0","23,201.0","23,197.0","-0.00%"
"Jan 22, 2019","23,198.5","23,198.5","23,200.0","23,195.5","0.00%"
"Jan 21, 2019","23,198.5","23,196.5","23,200.5","23,195.5","-0.00%"
"Jan 18, 2019","23,199.5","23,202.5","23,204.0","23,197.5","0.00%"
"Jan 17, 2019","23,198.5","23,197.5","23,202.5","23,195.5","-0.00%"
"Jan 16, 2019","23,199.0","23,201.0","23,203.0","23,196.0","-0.02%"
"Jan 15, 2019","23,204.0","23,200.0","23,204.0","23,196.0","0.02%"
"Jan 14, 2019","23,199.5","23,196.5","23,200.5","23,195.5","0.00%"
"Jan 11, 2019","23,199.0","23,199.0","23,201.0","23,191.0","0.01%"
"Jan 10, 2019","23,197.0","23,198.0","23,201.0","23,191.0","-0.01%"
"Jan 09, 2019","23,198.5","23,197.5","23,200.5","23,192.5","0.00%"
"Jan 08, 2019","23,198.5","23,199.5","23,199.5","23,190.5","-0.00%"
"Jan 07, 2019","23,199.0","23,197.0","23,204.0","23,191.0","0.00%"
"Jan 04, 2019","23,199.0","23,199.0","23,201.0","23,193.0","-0.02%"
"Jan 03, 2019","23,202.5","23,204.5","23,205.5","23,192.5","-0.02%"
"Jan 02, 2019","23,207.5","23,194.5","23,207.5","23,192.5","0.05%"
"Jan 01, 2019","23,195.0","23,195.0","23,195.0","23,195.0","0.00%"
"Dec 31, 2018","23,195.0","23,195.0","23,195.0","23,195.0","0.00%"
"Dec 28, 2018","23,195.0","23,185.0","23,235.0","23,185.0","-0.16%"
"Dec 27, 2018","23,232.5","23,287.5","23,287.5","23,217.5","-0.13%"
"Dec 26, 2018","23,262.5","23,287.5","23,287.5","23,262.5","-0.07%"
"Dec 25, 2018","23,278.5","23,281.5","23,281.5","23,274.5","-0.00%"
"Dec 24, 2018","23,279.0","23,281.0","23,286.0","23,279.0","-0.02%"
"Dec 21, 2018","23,283.5","23,296.5","23,296.5","23,276.5","-0.08%"
"Dec 20, 2018","23,302.5","23,297.5","23,305.5","23,292.5","-0.02%"
"Dec 19, 2018","23,308.0","23,308.0","23,311.0","23,301.0","-0.05%"
"Dec 18, 2018","23,319.0","23,326.0","23,334.0","23,294.0","0.00%"
"Dec 17, 2018","23,319.0","23,285.0","23,328.0","23,285.0","0.13%"
"Dec 14, 2018","23,288.0","23,294.0","23,294.0","23,282.0","0.00%"
"Dec 13, 2018","23,287.5","23,291.5","23,304.5","23,282.5","-0.06%"
"Dec 12, 2018","23,302.5","23,304.5","23,317.5","23,290.5","0.00%"
"Dec 11, 2018","23,302.0","23,304.0","23,329.0","23,297.0","-0.02%"
"Dec 10, 2018","23,306.0","23,317.0","23,346.0","23,296.0","-0.03%"
"Dec 07, 2018","23,312.5","23,327.5","23,328.5","23,312.5","-0.09%"
"Dec 06, 2018","23,333.0","23,321.0","23,333.0","23,301.0","0.11%"
"Dec 05, 2018","23,307.5","23,301.5","23,307.5","23,291.5","0.10%"
"Dec 04, 2018","23,284.0","23,346.0","23,346.0","23,284.0","-0.07%"
"Dec 03, 2018","23,301.0","23,313.0","23,313.0","23,294.0","-0.07%"
"Nov 30, 2018","23,317.5","23,347.5","23,347.5","23,312.5","-0.05%"
"Nov 29, 2018","23,328.0","23,346.0","23,346.0","23,325.0","-0.03%"
"Nov 28, 2018","23,336.0","23,346.0","23,346.0","23,331.0","-0.05%"
"Nov 27, 2018","23,347.5","23,349.5","23,349.5","23,332.5","0.03%"
"Nov 26, 2018","23,341.0","23,346.0","23,351.0","23,311.0","-0.09%"
"Nov 23, 2018","23,362.5","23,317.5","23,362.5","23,317.5","0.06%"
"Nov 22, 2018","23,347.5","23,352.5","23,355.5","23,347.5","-0.02%"
"Nov 21, 2018","23,353.0","23,316.0","23,353.0","23,316.0","0.07%"
"Nov 20, 2018","23,337.0","23,324.0","23,346.0","23,324.0","0.11%"
"Nov 19, 2018","23,311.5","23,311.5","23,346.5","23,301.5","0.02%"
"Nov 16, 2018","23,307.0","23,311.0","23,311.0","23,301.0","-0.01%"
"Nov 15, 2018","23,309.0","23,316.0","23,346.0","23,301.0","-0.04%"
"Nov 14, 2018","23,317.5","23,305.5","23,317.5","23,302.5","0.04%"
"Nov 13, 2018","23,309.0","23,310.0","23,312.0","23,301.0","0.03%"
"Nov 12, 2018","23,302.5","23,315.5","23,326.5","23,277.5","0.03%"
"Nov 09, 2018","23,295.0","23,315.0","23,330.0","23,295.0","-0.10%"
"Nov 08, 2018","23,319.0","23,316.0","23,328.0","23,311.0","-0.03%"
"Nov 07, 2018","23,326.5","23,320.5","23,331.5","23,310.5","0.00%"
"Nov 06, 2018","23,326.0","23,311.0","23,328.0","23,311.0","0.06%"
"Nov 05, 2018","23,312.5","23,326.5","23,332.5","23,307.5","-0.08%"
"Nov 02, 2018","23,331.5","23,331.5","23,346.5","23,316.5","-0.06%"
"Nov 01, 2018","23,346.0","23,344.0","23,349.0","23,331.0","0.00%"
"Oct 31, 2018","23,345.5","23,349.5","23,349.5","23,342.5","0.01%"
"Oct 30, 2018","23,344.0","23,341.0","23,348.0","23,331.0","-0.01%"
"Oct 29, 2018","23,345.5","23,349.5","23,353.5","23,345.5","-0.04%"
"Oct 26, 2018","23,356.0","23,351.0","23,357.0","23,347.0","0.02%"
"Oct 25, 2018","23,350.5","23,349.5","23,354.5","23,345.5","0.01%"
"Oct 24, 2018","23,349.0","23,350.0","23,351.0","23,344.0","0.00%"
"Oct 23, 2018","23,348.5","23,345.5","23,350.5","23,344.5","0.00%"
"Oct 22, 2018","23,348.5","23,349.5","23,349.5","23,343.5","-0.01%"
"Oct 19, 2018","23,351.5","23,347.5","23,351.5","23,343.5","0.02%"
"Oct 18, 2018","23,347.5","23,347.5","23,348.5","23,340.5","0.02%"
"Oct 17, 2018","23,343.5","23,341.5","23,344.5","23,311.5","0.02%"
"Oct 16, 2018","23,339.0","23,336.0","23,341.0","23,331.0","0.03%"
"Oct 15, 2018","23,332.5","23,354.5","23,354.5","23,332.5","-0.06%"
"Oct 12, 2018","23,345.5","23,345.5","23,348.5","23,342.5","-0.00%"
"Oct 11, 2018","23,346.0","23,341.0","23,356.0","23,341.0","-0.02%"
"Oct 10, 2018","23,351.0","23,354.0","23,354.0","23,346.0","-0.02%"
"Oct 09, 2018","23,356.5","23,356.5","23,358.5","23,341.5","0.02%"
"Oct 08, 2018","23,352.5","23,347.5","23,355.5","23,312.5","0.09%"
"Oct 05, 2018","23,331.5","23,351.5","23,351.5","23,331.5","-0.08%"
"Oct 04, 2018","23,350.5","23,347.5","23,350.5","23,342.5","0.03%"
"Oct 03, 2018","23,342.5","23,342.5","23,342.5","23,312.5","0.06%"
"Oct 02, 2018","23,327.5","23,332.5","23,336.5","23,322.5","-0.02%"
"Oct 01, 2018","23,331.0","23,323.0","23,344.0","23,321.0","0.02%"
"Sep 28, 2018","23,327.5","23,336.5","23,345.5","23,322.5","-0.09%"
"Sep 27, 2018","23,347.5","23,347.5","23,348.5","23,342.5","-0.00%"
"Sep 26, 2018","23,348.5","23,348.5","23,348.5","23,335.5","0.01%"
"Sep 25, 2018","23,345.5","23,340.5","23,345.5","23,340.5","0.03%"
"Sep 24, 2018","23,338.0","23,336.0","23,338.0","23,331.0","0.02%"
"Sep 21, 2018","23,333.5","23,326.5","23,339.5","23,326.5","0.05%"
"Sep 20, 2018","23,322.5","23,302.5","23,328.5","23,297.5","0.06%"
"Sep 19, 2018","23,307.5","23,297.5","23,315.5","23,282.5","0.11%"
"Sep 18, 2018","23,281.5","23,301.5","23,316.5","23,276.5","-0.04%"
"Sep 17, 2018","23,291.5","23,247.5","23,291.5","23,247.5","0.18%"
"Sep 14, 2018","23,248.5","23,259.5","23,276.5","23,236.5","-0.12%"
"Sep 13, 2018","23,277.0","23,276.0","23,277.0","23,271.0","-0.02%"
"Sep 12, 2018","23,281.0","23,281.0","23,286.0","23,281.0","-0.02%"
"Sep 11, 2018","23,285.5","23,287.5","23,312.5","23,272.5","-0.08%"
"Sep 10, 2018","23,303.0","23,310.0","23,311.0","23,294.0","0.00%"
"Sep 07, 2018","23,303.0","23,312.0","23,312.0","23,301.0","-0.05%"
"Sep 06, 2018","23,314.5","23,310.5","23,314.5","23,305.5","0.00%"
"Sep 05, 2018","23,314.0","23,315.0","23,316.0","23,271.0","0.00%"
"Sep 04, 2018","23,313.0","23,301.0","23,315.0","23,296.0","0.04%"
"Sep 03, 2018","23,304.0","23,304.0","23,304.0","23,304.0","0.00%"
"Aug 31, 2018","23,304.0","23,303.0","23,304.0","23,293.0","0.00%"
"Aug 30, 2018","23,303.0","23,301.0","23,306.0","23,296.0","0.01%"
"Aug 29, 2018","23,301.0","23,294.0","23,311.0","23,291.0","0.02%"
"Aug 28, 2018","23,296.5","23,281.5","23,296.5","23,266.5","0.01%"
"Aug 27, 2018","23,294.0","23,301.0","23,301.0","23,286.0","-0.04%"
"Aug 24, 2018","23,302.5","23,302.5","23,306.5","23,282.5","0.09%"
"Aug 23, 2018","23,282.0","23,279.0","23,282.0","23,266.0","0.03%"
"Aug 22, 2018","23,275.0","23,276.0","23,283.0","23,263.0","0.03%"
"Aug 21, 2018","23,269.0","23,266.0","23,271.0","23,256.0","-0.02%"
"Aug 20, 2018","23,273.0","23,274.0","23,311.0","23,231.0","-0.09%"
"Aug 17, 2018","23,294.0","23,314.0","23,314.0","23,286.0","-0.08%"
"Aug 16, 2018","23,313.0","23,316.0","23,316.0","23,311.0","0.00%"
"Aug 15, 2018","23,312.5","23,314.5","23,317.5","23,312.5","-0.01%"
"Aug 14, 2018","23,315.0","23,317.0","23,317.0","23,308.0","0.00%"
"Aug 13, 2018","23,315.0","23,315.0","23,315.0","23,315.0","0.16%"
"Aug 10, 2018","23,277.0","23,279.0","23,282.0","23,271.0","-0.00%"
"Aug 09, 2018","23,277.5","23,281.5","23,285.5","23,277.5","-0.03%"
"Aug 08, 2018","23,284.0","23,302.0","23,302.0","23,282.0","-0.08%"
"Aug 07, 2018","23,303.0","23,306.0","23,311.0","23,301.0","-0.02%"
"Aug 06, 2018","23,307.5","23,310.5","23,311.5","23,306.5","0.01%"
"Aug 03, 2018","23,306.0","23,281.0","23,307.0","23,281.0","0.10%"
"Aug 02, 2018","23,282.5","23,275.5","23,282.5","23,272.5","-0.04%"
"Aug 01, 2018","23,291.5","23,289.5","23,292.5","23,279.5","0.04%"
"Jul 31, 2018","23,283.0","23,283.0","23,283.0","23,278.0","0.11%"
"Jul 30, 2018","23,257.5","23,259.5","23,262.5","23,247.5","0.11%"
"Jul 27, 2018","23,232.5","23,217.5","23,232.5","23,217.5","0.23%"
"Jul 26, 2018","23,180.0","23,180.0","23,185.0","23,175.0","-0.16%"
"Jul 25, 2018","23,217.5","23,250.5","23,250.5","23,212.5","-0.14%"
"Jul 24, 2018","23,251.0","23,248.0","23,253.0","23,248.0","0.11%"
"Jul 23, 2018","23,225.0","23,205.0","23,225.0","23,205.0","0.74%"
"Jul 20, 2018","23,054.0","23,056.0","23,056.0","23,049.0","0.01%"
"Jul 19, 2018","23,052.0","23,052.0","23,054.0","23,049.0","0.01%"
"Jul 18, 2018","23,049.5","23,049.5","23,050.5","23,047.5","-0.01%"
"Jul 17, 2018","23,051.0","23,049.0","23,051.0","23,046.0","0.00%"
"Jul 16, 2018","23,050.5","23,049.5","23,050.5","23,045.5","-0.00%"
"Jul 13, 2018","23,051.0","23,048.0","23,051.0","23,045.0","0.01%"
"Jul 12, 2018","23,048.0","23,044.0","23,048.0","23,041.0","0.02%"
"Jul 11, 2018","23,044.0","23,044.0","23,045.0","23,038.0","0.02%"
"Jul 10, 2018","23,039.5","23,038.5","23,042.5","23,038.5","0.00%"
"Jul 09, 2018","23,039.0","23,040.0","23,042.0","23,039.0","0.01%"
"Jul 06, 2018","23,036.5","23,041.5","23,043.5","23,036.5","-0.02%"
"Jul 05, 2018","23,041.5","23,038.5","23,045.5","23,033.5","0.01%"
"Jul 04, 2018","23,039.0","23,041.0","23,044.0","23,031.0","-0.03%"
"Jul 03, 2018","23,046.0","23,046.0","23,046.0","23,046.0","0.40%"
"Jul 02, 2018","22,954.5","22,965.5","22,965.5","22,954.5","-0.02%"
"Jun 29, 2018","22,958.5","22,967.5","22,967.5","22,957.5","0.09%"
"Jun 28, 2018","22,937.5","22,939.5","22,948.5","22,937.5","0.00%"
"Jun 27, 2018","22,937.5","22,939.5","22,939.5","22,937.5","0.07%"
"Jun 26, 2018","22,921.0","22,897.0","22,924.0","22,897.0","0.10%"
"Jun 25, 2018","22,897.5","22,893.5","22,898.5","22,887.5","0.02%"
"Jun 22, 2018","22,892.5","22,896.5","22,896.5","22,892.5","0.07%"
"Jun 21, 2018","22,877.0","22,871.0","22,883.0","22,871.0","0.04%"
"Jun 20, 2018","22,867.5","22,866.5","22,867.5","22,857.5","0.06%"
"Jun 19, 2018","22,853.5","22,837.5","22,853.5","22,837.5","0.08%"
"Jun 18, 2018","22,836.0","22,816.0","22,836.0","22,816.0","0.09%"
"Jun 15, 2018","22,816.0","22,814.0","22,816.0","22,814.0","0.01%"
"Jun 14, 2018","22,813.0","22,815.0","22,815.0","22,807.0","0.00%"
"Jun 13, 2018","22,812.5","22,814.5","22,819.5","22,812.5","-0.00%"
"Jun 12, 2018","22,813.5","22,812.5","22,818.5","22,804.5","-0.01%"
"Jun 11, 2018","22,815.5","22,814.5","22,816.5","22,814.5","0.10%"
"Jun 08, 2018","22,793.0","22,797.0","22,798.0","22,793.0","-0.04%"
"Jun 07, 2018","22,802.0","22,806.0","22,807.0","22,801.0","-0.02%"
"Jun 06, 2018","22,806.0","22,830.0","22,830.0","22,806.0","-0.10%"
"Jun 05, 2018","22,829.5","22,823.5","22,829.5","22,812.5","0.01%"
"Jun 04, 2018","22,827.0","22,791.0","22,827.0","22,791.0","0.13%"
"Jun 01, 2018","22,797.0","22,792.0","22,797.0","22,789.0","-0.04%"
"May 31, 2018","22,806.0","22,814.0","22,817.0","22,776.0","-0.21%"
"May 30, 2018","22,855.0","22,872.0","22,878.0","22,844.0","0.08%"
"May 29, 2018","22,837.5","22,846.5","22,850.5","22,837.5","0.10%"
"May 28, 2018","22,814.5","22,811.5","22,814.5","22,769.5","0.20%"
"May 25, 2018","22,770.0","22,780.0","22,782.0","22,770.0","-0.04%"
"May 24, 2018","22,778.0","22,778.0","22,779.0","22,775.0","0.02%"
"May 23, 2018","22,774.0","22,774.0","22,775.0","22,767.0","0.02%"
"May 22, 2018","22,769.5","22,769.5","22,769.5","22,764.5","-0.01%"
"May 21, 2018","22,771.5","22,767.5","22,776.5","22,767.5","-0.06%"
"May 18, 2018","22,785.5","22,783.5","22,785.5","22,774.5","0.05%"
"May 17, 2018","22,775.0","22,776.0","22,777.0","22,774.0","0.01%"
"May 16, 2018","22,772.5","22,775.5","22,776.5","22,772.5","0.01%"
"May 15, 2018","22,770.5","22,771.5","22,773.5","22,769.5","0.01%"
"May 14, 2018","22,767.5","22,768.5","22,771.5","22,767.5","-0.01%"
"May 11, 2018","22,770.0","22,770.0","22,775.0","22,769.0","0.00%"
"May 10, 2018","22,770.0","22,771.0","22,775.0","22,770.0","-0.03%"
"May 09, 2018","22,777.0","22,772.0","22,777.0","22,772.0","0.02%"
"May 08, 2018","22,772.5","22,771.5","22,772.5","22,769.5","0.02%"
"May 07, 2018","22,768.5","22,763.5","22,789.5","22,763.5","0.00%"
"May 04, 2018","22,768.5","22,767.5","22,772.5","22,763.5","0.03%"
"May 03, 2018","22,762.5","22,760.5","22,766.5","22,758.5","0.01%"
"May 02, 2018","22,761.0","22,764.0","22,764.0","22,761.0","-0.01%"
"May 01, 2018","22,763.5","22,763.5","22,763.5","22,763.5","0.00%"
"Apr 30, 2018","22,763.5","22,763.5","22,763.5","22,763.5","0.00%"
"Apr 27, 2018","22,763.5","22,760.5","22,765.5","22,759.5","-0.02%"
"Apr 26, 2018","22,767.0","22,768.0","22,769.0","22,767.0","-0.01%"
"Apr 25, 2018","22,769.0","22,769.0","22,769.0","22,769.0","0.00%"
"Apr 24, 2018","22,769.0","22,769.0","22,769.0","22,766.0","-0.01%"
"Apr 23, 2018","22,771.5","22,772.5","22,773.5","22,770.5","-0.00%"
"Apr 20, 2018","22,772.0","22,770.0","22,773.0","22,770.0","-0.03%"
"Apr 19, 2018","22,779.0","22,776.0","22,779.0","22,773.0","0.02%"
"Apr 18, 2018","22,774.0","22,771.0","22,774.0","22,770.0","0.01%"
"Apr 17, 2018","22,772.5","22,769.5","22,778.5","22,767.5","-0.02%"
"Apr 16, 2018","22,777.5","22,786.5","22,788.5","22,775.5","-0.04%"
"Apr 13, 2018","22,786.5","22,787.5","22,807.5","22,784.5","-0.01%"
"Apr 12, 2018","22,788.5","22,788.5","22,790.5","22,787.5","-0.01%"
"Apr 11, 2018","22,790.5","22,790.5","22,792.5","22,787.5","-0.01%"
"Apr 10, 2018","22,792.5","22,807.5","22,812.5","22,790.5","0.00%"
"Apr 09, 2018","22,792.5","22,791.5","22,812.5","22,790.5","-0.04%"
"Apr 06, 2018","22,802.5","22,804.5","22,812.5","22,802.5","-0.05%"
"Apr 05, 2018","22,814.0","22,809.0","22,814.0","22,806.0","-0.01%"
"Apr 04, 2018","22,815.5","22,815.5","22,815.5","22,809.5","0.02%"
"Apr 03, 2018","22,810.0","22,790.0","22,814.0","22,787.0","0.08%"
"Apr 02, 2018","22,792.5","22,787.5","22,792.5","22,780.5","-0.01%"
"Mar 30, 2018","22,794.0","22,789.0","22,810.0","22,786.0","-0.07%"
"Mar 29, 2018","22,809.5","22,806.5","22,818.5","22,805.5","-0.04%"
"Mar 28, 2018","22,819.0","22,817.0","22,820.0","22,813.0","0.02%"
"Mar 27, 2018","22,815.5","22,812.5","22,815.5","22,805.5","0.02%"
"Mar 26, 2018","22,811.0","22,797.0","22,814.0","22,797.0","0.04%"
"Mar 23, 2018","22,803.0","22,799.0","22,803.0","22,785.0","0.04%"
"Mar 22, 2018","22,795.0","22,785.0","22,795.0","22,775.0","0.09%"
"Mar 21, 2018","22,774.0","22,775.5","22,776.5","22,770.5","-0.00%"
"Mar 20, 2018","22,774.5","22,776.5","22,778.5","22,763.5","0.03%"
"Mar 19, 2018","22,767.0","22,767.0","22,770.0","22,767.0","0.01%"
"Mar 16, 2018","22,764.5","22,764.5","22,765.5","22,761.5","-0.01%"
"Mar 15, 2018","22,767.5","22,767.5","22,768.5","22,760.5","0.00%"
"Mar 14, 2018","22,766.5","22,766.5","22,768.5","22,761.5","0.02%"
"Mar 13, 2018","22,762.5","22,761.5","22,762.5","22,751.5","0.02%"
"Mar 12, 2018","22,758.5","22,760.5","22,760.5","22,755.5","-0.01%"
"Mar 09, 2018","22,761.0","22,760.0","22,763.0","22,756.0","0.02%"
"Mar 08, 2018","22,757.0","22,759.0","22,761.0","22,754.0","-0.01%"
"Mar 07, 2018","22,759.5","22,760.5","22,769.5","22,755.5","-0.04%"
"Mar 06, 2018","22,769.5","22,768.5","22,771.5","22,765.5","0.01%"
"Mar 05, 2018","22,766.5","22,763.5","22,769.5","22,761.5","0.02%"
"Mar 02, 2018","22,761.0","22,761.0","22,764.0","22,759.0","0.05%"
"Mar 01, 2018","22,750.5","22,756.5","22,756.5","22,748.5","-0.03%"
"Feb 28, 2018","22,757.0","22,758.0","22,760.0","22,749.0","0.03%"
"Feb 27, 2018","22,750.5","22,744.5","22,750.5","22,740.5","0.04%"
"Feb 26, 2018","22,742.0","22,750.0","22,753.0","22,742.0","0.01%"
"Feb 23, 2018","22,740.5","22,738.5","22,740.5","22,734.5","0.08%"
"Feb 22, 2018","22,722.5","22,731.5","22,735.5","22,722.5","0.02%"
"Feb 21, 2018","22,717.5","22,692.5","22,717.5","22,692.5","0.10%"
"Feb 20, 2018","22,695.0","22,706.0","22,706.0","22,695.0","-0.06%"
"Feb 19, 2018","22,707.5","22,707.5","22,707.5","22,707.5","0.00%"
"Feb 16, 2018","22,707.5","22,717.5","22,717.5","22,707.5","0.00%"
"Feb 15, 2018","22,707.5","22,707.5","22,707.5","22,707.5","0.00%"
"Feb 14, 2018","22,707.5","22,712.5","22,712.5","22,707.5","-0.02%"
"Feb 13, 2018","22,712.5","22,707.5","22,727.5","22,697.5","0.04%"
"Feb 12, 2018","22,704.5","22,691.5","22,710.5","22,687.5","0.01%"
"Feb 09, 2018","22,702.5","22,712.5","22,716.5","22,696.5","0.02%"
"Feb 08, 2018","22,699.0","22,688.0","22,709.0","22,681.0","-0.02%"
"Feb 07, 2018","22,703.5","22,712.5","22,720.5","22,702.5","-0.03%"
"Feb 06, 2018","22,710.0","22,719.0","22,720.0","22,710.0","0.01%"
"Feb 05, 2018","22,707.5","22,721.5","22,740.5","22,707.5","-0.01%"
"Feb 02, 2018","22,709.5","22,707.5","22,709.5","22,707.5","0.00%"
"Feb 01, 2018","22,709.5","22,710.5","22,710.5","22,700.5","-0.00%"
"Jan 31, 2018","22,710.0","22,719.0","22,720.0","22,710.0","0.00%"
"Jan 30, 2018","22,710.0","22,719.0","22,720.0","22,710.0","-0.00%"
"Jan 29, 2018","22,711.0","22,719.2","22,720.0","22,711.0","0.00%"
"Jan 26, 2018","22,710.5","22,708.5","22,710.5","22,707.5","-0.01%"
"Jan 25, 2018","22,713.5","22,721.5","22,722.5","22,713.5","0.01%"
"Jan 24, 2018","22,710.5","22,723.5","22,724.5","22,710.5","0.00%"
"Jan 23, 2018","22,710.5","22,709.5","22,710.5","22,707.5","-0.00%"
"Jan 22, 2018","22,711.0","22,717.0","22,720.0","22,710.0","-0.01%"
"Jan 19, 2018","22,712.5","22,721.5","22,723.5","22,712.5","-0.00%"
"Jan 18, 2018","22,713.5","22,722.5","22,725.5","22,713.5","0.00%"
"Jan 17, 2018","22,712.5","22,722.5","22,723.5","22,712.5","0.01%"
"Jan 16, 2018","22,710.5","22,708.5","22,728.5","22,705.5","0.00%"
"Jan 15, 2018","22,709.5","22,708.5","22,709.5","22,705.5","0.00%"
"Jan 12, 2018","22,709.5","22,709.5","22,711.5","22,706.5","0.01%"
"Jan 11, 2018","22,707.5","22,720.5","22,721.5","22,707.5","-0.03%"
"Jan 10, 2018","22,713.5","22,719.5","22,723.5","22,713.5","0.02%"
"Jan 09, 2018","22,709.5","22,710.5","22,710.5","22,705.5","-0.01%"
"Jan 08, 2018","22,712.5","22,719.5","22,722.5","22,712.5","0.01%"
"Jan 05, 2018","22,709.5","22,710.5","22,710.5","22,705.5","-0.00%"
"Jan 04, 2018","22,710.2","22,701.2","22,710.2","22,701.2","0.01%"
"Jan 03, 2018","22,708.5","22,709.5","22,710.5","22,707.5","-0.01%"
"Jan 02, 2018","22,710.0","22,719.0","22,721.0","22,710.0","0.00%"
"Jan 01, 2018","22,710.0","22,710.0","22,710.0","22,710.0","0.00%"
"Dec 29, 2017","22,710.0","22,717.0","22,719.0","22,708.0","-0.00%"
"Dec 28, 2017","22,710.5","22,709.0","22,710.5","22,707.5","0.00%"
"Dec 27, 2017","22,710.5","22,710.5","22,710.5","22,708.5","0.04%"
"Dec 26, 2017","22,702.5","22,724.5","22,724.5","22,702.5","-0.04%"
"Dec 25, 2017","22,711.0","22,710.5","22,711.5","22,709.5","-0.01%"
"Dec 22, 2017","22,713.5","22,723.5","22,724.5","22,713.5","-0.01%"
"Dec 21, 2017","22,715.0","22,722.0","22,724.0","22,710.0","0.01%"
"Dec 20, 2017","22,712.5","22,726.5","22,727.0","22,712.5","-0.00%"
"Dec 19, 2017","22,713.5","22,712.5","22,728.5","22,712.5","-0.00%"
"Dec 18, 2017","22,714.5","22,717.0","22,717.5","22,710.5","0.01%"
"Dec 15, 2017","22,712.5","22,728.5","22,730.5","22,712.5","-0.01%"
"Dec 14, 2017","22,715.0","22,721.0","22,725.0","22,715.0","0.01%"
"Dec 13, 2017","22,713.5","22,723.5","22,724.5","22,713.5","0.00%"
"Dec 12, 2017","22,713.5","22,725.5","22,740.5","22,713.5","0.02%"
"Dec 11, 2017","22,710.0","22,721.0","22,723.0","22,710.0","-0.00%"
"Dec 08, 2017","22,710.5","22,711.0","22,715.5","22,709.5","-0.01%"
"Dec 07, 2017","22,713.5","22,725.0","22,727.5","22,713.5","-0.01%"
"Dec 06, 2017","22,715.0","22,725.0","22,725.0","22,715.0","0.00%"
"Dec 05, 2017","22,715.0","22,710.0","22,727.0","22,710.0","0.00%"
"Dec 04, 2017","22,714.5","22,727.5","22,737.5","22,714.5","0.01%"
"Dec 01, 2017","22,712.5","22,729.5","22,737.5","22,712.5","-0.02%"
"Nov 30, 2017","22,717.5","22,729.5","22,737.5","22,717.5","-0.01%"
"Nov 29, 2017","22,720.0","22,705.0","22,725.0","22,705.0","0.02%"
"Nov 28, 2017","22,715.0","22,725.0","22,736.0","22,715.0","-0.02%"
"Nov 27, 2017","22,720.0","22,730.0","22,733.0","22,720.0","-0.02%"
"Nov 24, 2017","22,725.0","22,738.0","22,738.0","22,725.0","-0.01%"
"Nov 23, 2017","22,727.5","22,710.5","22,729.5","22,710.5","0.02%"
"Nov 22, 2017","22,722.5","22,728.5","22,735.5","22,721.5","0.06%"
"Nov 21, 2017","22,710.0","22,723.0","22,726.0","22,710.0","0.00%"
"Nov 20, 2017","22,710.0","22,738.0","22,738.0","22,710.0","-0.01%"
"Nov 17, 2017","22,712.5","22,711.5","22,713.5","22,709.5","0.01%"
"Nov 16, 2017","22,711.0","22,719.0","22,721.0","22,710.0","0.00%"
"Nov 15, 2017","22,711.0","22,721.0","22,723.0","22,711.0","-0.02%"
"Nov 14, 2017","22,715.0","22,716.0","22,718.0","22,714.0","0.03%"
"Nov 13, 2017","22,707.5","22,725.5","22,725.5","22,707.5","-0.03%"
"Nov 10, 2017","22,713.5","22,722.5","22,726.5","22,713.5","0.00%"
"Nov 09, 2017","22,712.5","22,707.5","22,725.5","22,707.5","0.01%"
"Nov 08, 2017","22,710.0","22,720.0","22,723.0","22,710.0","-0.02%"
"Nov 07, 2017","22,713.5","22,723.5","22,725.0","22,713.5","-0.01%"
"Nov 06, 2017","22,715.0","22,722.0","22,723.0","22,715.0","0.01%"
"Nov 03, 2017","22,712.5","22,725.5","22,725.5","22,712.5","0.00%"
"Nov 02, 2017","22,712.5","22,722.5","22,725.5","22,712.5","-0.00%"
"Nov 01, 2017","22,713.5","22,723.5","22,728.5","22,713.5","0.02%"
"Oct 31, 2017","22,710.0","22,726.0","22,731.0","22,710.0","0.00%"
"Oct 30, 2017","22,710.0","22,726.0","22,728.0","22,710.0","0.00%"
"Oct 27, 2017","22,710.0","22,728.0","22,731.0","22,710.0","-0.07%"
"Oct 26, 2017","22,725.0","22,725.0","22,726.0","22,722.0","0.00%"
"Oct 25, 2017","22,725.0","22,723.0","22,727.0","22,722.0","0.02%"
"Oct 24, 2017","22,719.5","22,720.5","22,725.5","22,718.5","-0.02%"
"Oct 23, 2017","22,723.5","22,716.5","22,723.5","22,715.5","0.02%"
"Oct 20, 2017","22,718.5","22,718.5","22,719.5","22,715.5","-0.02%"
"Oct 19, 2017","22,722.5","22,727.5","22,732.5","22,722.5","0.01%"
"Oct 18, 2017","22,719.5","22,717.5","22,719.5","22,715.5","0.00%"
"Oct 17, 2017","22,718.5","22,719.5","22,719.5","22,715.5","0.00%"
"Oct 16, 2017","22,717.5","22,730.5","22,732.5","22,712.5","-0.01%"
"Oct 13, 2017","22,720.0","22,728.0","22,731.0","22,720.0","0.00%"
"Oct 12, 2017","22,720.0","22,716.0","22,722.0","22,716.0","0.00%"
"Oct 11, 2017","22,719.0","22,717.0","22,724.0","22,716.0","-0.05%"
"Oct 10, 2017","22,730.0","22,732.0","22,737.0","22,730.0","0.02%"
"Oct 09, 2017","22,725.5","22,728.5","22,728.5","22,725.5","0.00%"
"Oct 06, 2017","22,725.0","22,738.0","22,738.0","22,725.0","0.00%"
"Oct 05, 2017","22,725.0","22,739.0","22,739.0","22,725.0","0.00%"
"Oct 04, 2017","22,725.0","22,734.0","22,734.0","22,725.0","0.00%"
"Oct 03, 2017","22,725.0","22,735.0","22,737.0","22,725.0","-0.01%"
"Oct 02, 2017","22,727.5","22,736.5","22,739.5","22,727.5","-0.01%"
"Sep 29, 2017","22,730.0","22,735.5","22,737.0","22,730.0","0.02%"
"Sep 28, 2017","22,725.0","22,739.0","22,739.0","22,725.0","-0.02%"
"Sep 27, 2017","22,730.0","22,735.0","22,743.0","22,730.0","0.00%"
"Sep 26, 2017","22,730.0","22,743.0","22,745.0","22,730.0","-0.02%"
"Sep 25, 2017","22,735.0","22,739.0","22,741.0","22,730.0","0.04%"
"Sep 22, 2017","22,725.0","22,725.0","22,744.0","22,725.0","0.00%"
"Sep 21, 2017","22,725.0","22,725.0","22,737.0","22,725.0","-0.01%"
"Sep 20, 2017","22,727.5","22,729.5","22,730.5","22,727.5","0.01%"
"Sep 19, 2017","22,725.0","22,734.0","22,734.0","22,725.0","0.00%"
"Sep 18, 2017","22,725.0","22,727.0","22,730.0","22,724.0","0.00%"
"Sep 15, 2017","22,725.0","22,733.0","22,735.0","22,725.0","0.00%"
"Sep 14, 2017","22,725.0","22,729.0","22,731.0","22,725.0","0.00%"
"Sep 13, 2017","22,725.0","22,730.0","22,733.0","22,725.0","0.00%"
"Sep 12, 2017","22,725.0","22,728.0","22,733.0","22,725.0","0.02%"
"Sep 11, 2017","22,720.0","22,735.0","22,739.0","22,720.0","-0.03%"
"Sep 08, 2017","22,726.0","22,727.0","22,727.0","22,725.0","0.00%"
"Sep 07, 2017","22,725.0","22,731.0","22,736.0","22,725.0","0.00%"
"Sep 06, 2017","22,725.0","22,730.0","22,736.0","22,725.0","-0.02%"
"Sep 05, 2017","22,728.5","22,726.5","22,731.5","22,726.5","-0.01%"
"Sep 04, 2017","22,730.0","22,730.0","22,730.0","22,730.0","0.00%"
"Sep 01, 2017","22,730.0","22,732.0","22,736.0","22,730.0","0.01%"
"Aug 31, 2017","22,727.5","22,740.5","22,743.5","22,727.5","-0.02%"
"Aug 30, 2017","22,732.5","22,736.5","22,738.5","22,732.5","-0.02%"
"Aug 29, 2017","22,737.5","22,742.5","22,743.5","22,737.5","0.01%"
"Aug 28, 2017","22,735.0","22,742.0","22,742.0","22,735.0","0.01%"
"Aug 25, 2017","22,732.5","22,730.5","22,736.5","22,729.5","-0.03%"
"Aug 24, 2017","22,738.5","22,720.5","22,738.5","22,720.5","0.02%"
"Aug 23, 2017","22,735.0","22,733.5","22,737.0","22,730.0","0.03%"
"Aug 22, 2017","22,728.5","22,725.5","22,728.5","22,725.5","0.00%"
"Aug 21, 2017","22,727.5","22,728.0","22,728.5","22,725.5","-0.00%"
"Aug 18, 2017","22,728.5","22,725.5","22,728.5","22,725.5","0.00%"
"Aug 17, 2017","22,728.5","22,726.5","22,728.5","22,725.5","0.00%"
"Aug 16, 2017","22,727.5","22,724.5","22,727.5","22,724.5","0.00%"
"Aug 15, 2017","22,727.5","22,725.5","22,727.5","22,725.5","0.00%"
"Aug 14, 2017","22,727.5","22,730.5","22,730.5","22,724.5","0.00%"
"Aug 11, 2017","22,727.5","22,725.5","22,729.5","22,725.5","-0.03%"
"Aug 10, 2017","22,735.0","22,731.0","22,735.0","22,731.0","0.02%"
"Aug 09, 2017","22,729.5","22,729.5","22,730.5","22,727.5","-0.02%"
"Aug 08, 2017","22,735.0","22,736.0","22,742.0","22,735.0","0.00%"
"Aug 07, 2017","22,735.0","22,735.0","22,740.0","22,730.0","0.00%"
"Aug 04, 2017","22,735.0","22,710.0","22,746.0","22,710.0","0.01%"
"Aug 03, 2017","22,732.5","22,717.5","22,741.5","22,702.5","0.03%"
"Aug 02, 2017","22,725.0","22,695.0","22,735.0","22,695.0","0.00%"
"Aug 01, 2017","22,725.0","22,730.0","22,734.0","22,700.0","-0.01%"
"Jul 31, 2017","22,726.5","22,731.5","22,731.5","22,696.5","-0.01%"
"Jul 28, 2017","22,728.5","22,727.5","22,732.5","22,700.5","0.02%"
"Jul 27, 2017","22,725.0","22,725.0","22,757.0","22,725.0","-0.01%"
"Jul 26, 2017","22,727.5","22,747.5","22,754.5","22,722.5","-0.02%"
"Jul 25, 2017","22,732.5","22,707.5","22,742.5","22,707.5","0.01%"
"Jul 24, 2017","22,730.0","22,720.0","22,755.0","22,720.0","0.02%"
"Jul 21, 2017","22,725.0","22,725.0","22,760.0","22,722.0","-0.04%"
"Jul 20, 2017","22,735.0","22,742.0","22,744.0","22,712.0","0.00%"
"Jul 19, 2017","22,735.0","22,735.0","22,739.0","22,732.0","0.02%"
"Jul 18, 2017","22,730.0","22,742.0","22,743.0","22,709.0","0.00%"
"Jul 17, 2017","22,730.0","22,740.0","22,750.0","22,705.0","0.02%"
"Jul 14, 2017","22,725.0","22,715.0","22,756.0","22,715.0","0.00%"
"Jul 13, 2017","22,725.0","22,720.0","22,754.0","22,719.0","-0.01%"
"Jul 12, 2017","22,727.5","22,753.5","22,762.5","22,712.5","0.01%"
"Jul 11, 2017","22,725.0","22,760.0","22,782.0","22,725.0","0.00%"
"Jul 10, 2017","22,725.0","22,762.0","22,777.0","22,720.0","0.00%"
"Jul 07, 2017","22,725.0","22,730.0","22,764.0","22,720.0","-0.04%"
"Jul 06, 2017","22,735.0","22,745.0","22,747.0","22,714.0","-0.02%"
"Jul 05, 2017","22,740.0","22,745.0","22,746.0","22,704.0","0.02%"
"Jul 04, 2017","22,736.5","22,737.5","22,737.5","22,699.5","0.00%"
"Jul 03, 2017","22,735.5","22,700.5","22,735.5","22,699.5","0.05%"
"Jun 30, 2017","22,725.0","22,756.0","22,757.0","22,724.0","-0.03%"
"Jun 29, 2017","22,732.5","22,748.5","22,748.5","22,707.5","-0.03%"
"Jun 28, 2017","22,740.0","22,715.0","22,758.0","22,715.0","0.07%"
"Jun 27, 2017","22,725.0","22,766.0","22,770.0","22,714.0","0.00%"
"Jun 26, 2017","22,725.0","22,710.0","22,755.0","22,710.0","0.00%"
"Jun 23, 2017","22,725.0","22,738.0","22,741.0","22,706.0","0.07%"
"Jun 22, 2017","22,710.0","22,710.0","22,765.0","22,690.0","0.04%"
"Jun 21, 2017","22,700.0","22,715.0","22,751.0","22,700.0","-0.11%"
"Jun 20, 2017","22,725.0","22,685.0","22,730.0","22,685.0","0.04%"
"Jun 19, 2017","22,715.0","22,685.0","22,735.0","22,667.0","0.11%"
"Jun 16, 2017","22,690.0","22,688.0","22,690.0","22,657.0","0.00%"
"Jun 15, 2017","22,690.0","22,710.0","22,720.0","22,671.0","-0.07%"
"Jun 14, 2017","22,705.0","22,695.0","22,710.0","22,677.0","0.06%"
"Jun 13, 2017","22,692.5","22,692.5","22,712.5","22,659.5","0.00%"
"Jun 12, 2017","22,692.5","22,657.5","22,698.5","22,657.5","0.02%"
"Jun 09, 2017","22,687.5","22,700.5","22,700.5","22,662.5","-0.01%"
"Jun 08, 2017","22,690.0","22,665.0","22,705.0","22,661.0","-0.15%"
"Jun 07, 2017","22,725.0","22,705.0","22,735.0","22,695.0","0.00%"
"Jun 06, 2017","22,725.0","22,725.0","22,746.0","22,705.0","0.04%"
"Jun 05, 2017","22,715.0","22,715.0","22,732.0","22,695.0","0.00%"
"Jun 02, 2017","22,715.0","22,751.0","22,751.0","22,710.0","0.02%"
"Jun 01, 2017","22,710.0","22,670.0","22,715.0","22,670.0","-0.02%"
"May 31, 2017","22,715.0","22,685.0","22,716.0","22,680.0","-0.04%"
"May 30, 2017","22,725.0","22,715.0","22,762.0","22,700.0","-0.07%"
"May 29, 2017","22,741.0","22,701.0","22,742.0","22,636.0","0.07%"
"May 26, 2017","22,725.0","22,720.0","22,775.0","22,720.0","0.22%"
"May 25, 2017","22,675.0","22,700.0","22,738.0","22,670.0","0.06%"
"May 24, 2017","22,662.5","22,745.5","22,750.5","22,662.5","-0.17%"
"May 23, 2017","22,700.0","22,678.0","22,750.0","22,678.0","-0.06%"
"May 22, 2017","22,712.5","22,782.5","22,783.5","22,712.5","0.28%"
"May 19, 2017","22,650.0","22,760.0","22,760.0","22,650.0","-0.22%"
"May 18, 2017","22,700.0","22,680.0","22,716.0","22,671.0","0.11%"
"May 17, 2017","22,675.0","22,725.0","22,729.0","22,675.0","0.11%"
"May 16, 2017","22,650.0","22,733.0","22,733.0","22,650.0","-0.14%"
"May 15, 2017","22,681.0","22,693.0","22,723.0","22,651.0","-0.04%"
"May 12, 2017","22,691.0","22,725.0","22,725.0","22,655.0","-0.15%"
"May 11, 2017","22,724.5","22,726.5","22,728.5","22,692.5","-0.07%"
"May 10, 2017","22,740.0","22,737.0","22,740.0","22,699.0","0.03%"
"May 09, 2017","22,732.5","22,735.5","22,737.5","22,700.5","0.01%"
"May 08, 2017","22,730.0","22,780.0","22,780.0","22,730.0","-0.01%"
"May 05, 2017","22,732.5","22,738.5","22,738.5","22,699.5","-0.08%"
"May 04, 2017","22,750.0","22,720.0","22,758.0","22,712.0","0.03%"
"May 03, 2017","22,742.5","22,742.5","22,742.5","22,702.5","-0.03%"
"May 02, 2017","22,750.0","22,750.0","22,750.0","22,750.0","0.00%"
"May 01, 2017","22,750.0","22,770.0","22,775.0","22,750.0","0.03%"
"Apr 28, 2017","22,743.5","22,729.5","22,743.5","22,693.5","0.05%"
"Apr 27, 2017","22,732.0","22,739.0","22,751.0","22,702.0","-0.04%"
"Apr 26, 2017","22,741.5","22,779.5","22,780.5","22,697.5","-0.10%"
"Apr 25, 2017","22,765.0","22,705.0","22,765.0","22,705.0","0.20%"
"Apr 24, 2017","22,720.0","22,720.0","22,725.0","22,675.0","-0.01%"
"Apr 21, 2017","22,722.5","22,797.5","22,812.5","22,722.5","-0.03%"
"Apr 20, 2017","22,730.0","22,772.0","22,777.0","22,730.0","-0.04%"
"Apr 19, 2017","22,739.0","22,780.0","22,780.0","22,705.0","0.11%"
"Apr 18, 2017","22,715.0","22,800.0","22,805.0","22,715.0","-0.04%"
"Apr 17, 2017","22,725.0","22,715.0","22,765.0","22,712.0","-0.27%"
"Apr 14, 2017","22,787.5","22,717.5","22,787.5","22,667.5","0.47%"
"Apr 13, 2017","22,680.0","22,720.0","22,770.0","22,680.0","0.03%"
"Apr 12, 2017","22,672.5","22,672.5","22,676.5","22,622.5","0.08%"
"Apr 11, 2017","22,655.0","22,657.0","22,672.0","22,612.0","-0.13%"
"Apr 10, 2017","22,685.0","22,757.0","22,760.0","22,685.0","0.02%"
"Apr 07, 2017","22,680.0","22,787.0","22,787.0","22,675.0","-0.04%"
"Apr 06, 2017","22,690.0","22,690.0","22,690.0","22,690.0","0.00%"
"Apr 05, 2017","22,690.0","22,700.0","22,730.0","22,670.0","-0.02%"
"Apr 04, 2017","22,695.0","22,775.0","22,775.0","22,677.0","-0.18%"
"Apr 03, 2017","22,735.0","22,765.0","22,789.0","22,705.0","-0.09%"
"Mar 31, 2017","22,755.0","22,773.0","22,773.0","22,725.0","-0.07%"
"Mar 30, 2017","22,770.0","22,778.0","22,778.0","22,725.0","-0.02%"
"Mar 29, 2017","22,774.0","22,774.0","22,775.0","22,731.0","-0.00%"
"Mar 28, 2017","22,775.0","22,778.0","22,780.0","22,735.0","0.00%"
"Mar 27, 2017","22,774.0","22,774.0","22,786.0","22,751.0","-0.06%"
"Mar 24, 2017","22,787.5","22,732.5","22,792.5","22,732.5","-0.03%"
"Mar 23, 2017","22,795.0","22,778.0","22,805.0","22,745.0","0.09%"
"Mar 22, 2017","22,774.0","22,772.0","22,776.0","22,750.0","-0.04%"
"Mar 21, 2017","22,782.5","22,783.5","22,796.5","22,752.5","-0.04%"
"Mar 20, 2017","22,792.5","22,792.5","22,822.5","22,762.5","0.04%"
"Mar 17, 2017","22,783.5","22,781.5","22,821.5","22,731.5","0.02%"
"Mar 16, 2017","22,780.0","22,740.0","22,830.0","22,730.0","-0.21%"
"Mar 15, 2017","22,827.5","22,812.5","22,827.5","22,782.5","0.10%"
"Mar 14, 2017","22,805.0","22,795.0","22,809.0","22,775.0","0.00%"
"Mar 13, 2017","22,805.0","22,765.0","22,837.0","22,765.0","0.02%"
"Mar 10, 2017","22,800.0","22,835.0","22,852.0","22,752.0","-0.01%"
"Mar 09, 2017","22,802.5","22,817.5","22,817.5","22,772.5","0.01%"
"Mar 08, 2017","22,800.0","22,798.0","22,805.0","22,755.0","-0.02%"
"Mar 07, 2017","22,805.0","22,805.0","22,810.0","22,765.0","0.00%"
"Mar 06, 2017","22,805.0","22,843.0","22,845.0","22,775.0","-0.16%"
"Mar 03, 2017","22,842.5","22,838.5","22,842.5","22,802.5","0.10%"
"Mar 02, 2017","22,820.0","22,820.0","22,825.0","22,769.0","0.09%"
"Mar 01, 2017","22,800.0","22,760.0","22,810.0","22,760.0","0.20%"
"Feb 28, 2017","22,755.0","22,725.0","22,820.0","22,725.0","-0.12%"
"Feb 27, 2017","22,782.0","22,795.0","22,820.0","22,755.0","-0.15%"
"Feb 24, 2017","22,816.0","22,791.0","22,831.0","22,791.0","-0.06%"
"Feb 23, 2017","22,830.0","22,830.0","22,874.0","22,790.0","-0.01%"
"Feb 22, 2017","22,832.5","22,792.5","22,847.5","22,792.5","0.00%"
"Feb 21, 2017","22,832.5","22,831.5","22,832.5","22,782.5","0.07%"
"Feb 20, 2017","22,815.5","22,761.5","22,816.5","22,761.5","0.09%"
"Feb 17, 2017","22,795.0","22,755.0","22,815.0","22,735.0","0.14%"
"Feb 16, 2017","22,762.5","22,722.5","22,787.5","22,722.5","-0.08%"
"Feb 15, 2017","22,780.0","22,715.0","22,780.0","22,715.0","0.15%"
"Feb 14, 2017","22,745.0","22,685.0","22,745.0","22,664.0","0.31%"
"Feb 13, 2017","22,675.0","22,625.0","22,675.0","22,550.0","0.13%"
"Feb 10, 2017","22,645.0","22,645.0","22,650.0","22,550.0","-0.11%"
"Feb 09, 2017","22,670.0","22,675.0","22,685.0","22,645.0","0.07%"
"Feb 08, 2017","22,655.0","22,625.0","22,660.0","22,550.0","0.20%"
"Feb 07, 2017","22,610.0","22,600.0","22,620.0","22,565.0","0.09%"
"Feb 06, 2017","22,590.0","22,630.0","22,645.0","22,570.0","-0.15%"
"Feb 03, 2017","22,625.0","22,645.0","22,650.0","22,610.0","-0.08%"
"Feb 02, 2017","22,642.5","22,572.5","22,642.5","22,552.5","0.22%"
"Feb 01, 2017","22,592.5","22,592.5","22,592.5","22,592.5","0.00%"
"Jan 31, 2017","22,592.5","22,592.5","22,592.5","22,592.5","0.00%"
"Jan 30, 2017","22,592.5","22,592.5","22,592.5","22,592.5","0.00%"
"Jan 27, 2017","22,592.5","22,592.5","22,592.5","22,592.5","0.00%"
"Jan 26, 2017","22,592.5","22,592.5","22,592.5","22,592.5","0.00%"
"Jan 25, 2017","22,592.5","22,552.5","22,597.5","22,552.5","0.08%"
"Jan 24, 2017","22,575.0","22,570.0","22,575.0","22,525.0","0.10%"
"Jan 23, 2017","22,552.5","22,567.5","22,572.5","22,532.5","-0.08%"
"Jan 20, 2017","22,571.0","22,565.0","22,574.0","22,531.0","0.03%"
"Jan 19, 2017","22,565.0","22,569.0","22,569.0","22,561.0","-0.04%"
"Jan 18, 2017","22,573.0","22,571.0","22,573.0","22,541.0","0.01%"
"Jan 17, 2017","22,571.0","22,561.0","22,573.0","22,541.0","0.00%"
"Jan 16, 2017","22,571.0","22,521.0","22,571.0","22,521.0","0.00%"
"Jan 13, 2017","22,570.0","22,577.0","22,585.0","22,540.0","-0.00%"
"Jan 12, 2017","22,571.0","22,601.0","22,601.0","22,531.0","-0.00%"
"Jan 11, 2017","22,572.0","22,572.0","22,574.0","22,532.0","0.00%"
"Jan 10, 2017","22,571.0","22,541.0","22,571.0","22,541.0","-0.05%"
"Jan 09, 2017","22,582.5","22,536.5","22,582.5","22,502.5","0.09%"
"Jan 06, 2017","22,562.5","22,572.5","22,572.5","22,532.5","-0.52%"
"Jan 05, 2017","22,680.0","22,775.0","22,775.0","22,605.0","-0.21%"
"Jan 04, 2017","22,727.5","22,732.5","22,738.5","22,672.5","-0.09%"
"Jan 03, 2017","22,747.5","22,752.5","22,752.5","22,702.5","-0.10%"
"Jan 02, 2017","22,771.0","22,771.0","22,771.0","22,771.0","0.00%"
"Dec 30, 2016","22,771.0","22,761.0","22,771.0","22,731.0","-0.03%"
"Dec 29, 2016","22,778.0","22,731.0","22,779.0","22,731.0","0.03%"
"Dec 28, 2016","22,771.0","22,766.0","22,771.0","22,731.0","0.03%"
"Dec 27, 2016","22,764.0","22,760.0","22,764.0","22,722.0","0.00%"
"Dec 26, 2016","22,763.0","22,760.0","22,766.0","22,701.0","0.02%"
"Dec 23, 2016","22,759.5","22,764.5","22,772.5","22,714.5","-0.00%"
"Dec 22, 2016","22,760.0","22,756.0","22,761.0","22,756.0","-0.03%"
"Dec 21, 2016","22,767.0","22,767.0","22,768.0","22,741.0","0.02%"
"Dec 20, 2016","22,762.5","22,712.5","22,765.5","22,712.5","0.01%"
"Dec 19, 2016","22,760.0","22,763.0","22,767.0","22,755.0","0.04%"
"Dec 16, 2016","22,750.0","22,755.0","22,760.0","22,750.0","0.02%"
"Dec 15, 2016","22,745.0","22,750.0","22,755.0","22,705.0","0.13%"
"Dec 14, 2016","22,715.0","22,735.0","22,735.0","22,630.0","0.24%"
"Dec 13, 2016","22,660.0","22,635.0","22,661.0","22,595.0","0.17%"
"Dec 12, 2016","22,622.5","22,612.5","22,647.5","22,602.5","0.13%"
"Dec 09, 2016","22,592.5","22,587.5","22,597.5","22,557.5","-0.21%"
"Dec 08, 2016","22,640.0","22,648.0","22,690.0","22,620.0","-0.26%"
"Dec 07, 2016","22,700.0","22,700.0","22,745.0","22,690.0","-0.11%"
"Dec 06, 2016","22,725.0","22,730.0","22,735.0","22,695.0","0.04%"
"Dec 05, 2016","22,715.0","22,705.0","22,725.0","22,645.0","0.09%"
"Dec 02, 2016","22,695.0","22,685.0","22,725.0","22,685.0","0.04%"
"Dec 01, 2016","22,685.0","22,695.0","22,695.0","22,675.0","0.11%"
"Nov 30, 2016","22,660.0","22,695.0","22,695.0","22,640.0","-0.07%"
"Nov 29, 2016","22,675.0","22,715.0","22,715.0","22,645.0","-0.13%"
"Nov 28, 2016","22,705.0","22,720.0","22,745.0","22,675.0","-0.19%"
"Nov 25, 2016","22,748.5","22,733.5","22,788.5","22,673.5","-0.09%"
"Nov 24, 2016","22,770.0","22,765.0","22,770.0","22,674.0","0.67%"
"Nov 23, 2016","22,619.0","22,625.0","22,710.0","22,619.0","0.40%"
"Nov 22, 2016","22,529.5","22,531.5","22,596.5","22,529.5","-0.16%"
"Nov 21, 2016","22,565.0","22,545.0","22,565.0","22,505.0","0.33%"
"Nov 18, 2016","22,490.0","22,534.0","22,604.0","22,484.0","0.35%"
"Nov 17, 2016","22,411.5","22,375.5","22,462.5","22,375.5","0.07%"
"Nov 16, 2016","22,395.5","22,344.5","22,417.5","22,344.5","0.20%"
"Nov 15, 2016","22,350.5","22,333.5","22,393.5","22,333.5","0.02%"
"Nov 14, 2016","22,347.0","22,343.0","22,383.0","22,311.0","0.08%"
"Nov 11, 2016","22,330.0","22,340.0","22,340.0","22,290.0","0.05%"
"Nov 10, 2016","22,319.5","22,368.5","22,368.5","22,312.5","-0.03%"
"Nov 09, 2016","22,327.0","22,394.0","22,395.0","22,327.0","-0.09%"
"Nov 08, 2016","22,347.0","22,367.0","22,370.0","22,345.0","0.07%"
"Nov 07, 2016","22,331.0","22,341.0","22,371.0","22,304.0","0.06%"
"Nov 04, 2016","22,316.5","22,368.5","22,376.5","22,316.5","0.00%"
"Nov 03, 2016","22,316.5","22,373.5","22,374.5","22,316.5","0.00%"
"Nov 02, 2016","22,316.5","22,366.5","22,368.5","22,316.5","-0.03%"
"Nov 01, 2016","22,323.5","22,322.0","22,362.5","22,284.0","0.04%"
"Oct 31, 2016","22,315.0","22,321.0","22,354.0","22,284.0","-0.02%"
"Oct 28, 2016","22,318.5","22,290.0","22,363.5","22,283.0","-0.07%"
"Oct 27, 2016","22,335.0","22,332.0","22,344.0","22,300.0","-0.04%"
"Oct 26, 2016","22,344.5","22,336.0","22,367.5","22,283.0","0.08%"
"Oct 25, 2016","22,327.5","22,330.0","22,380.5","22,265.0","0.07%"
"Oct 24, 2016","22,312.0","22,280.0","22,367.0","22,265.0","-0.01%"
"Oct 21, 2016","22,314.0","22,280.0","22,361.0","22,258.0","0.04%"
"Oct 20, 2016","22,305.5","22,306.0","22,354.5","22,255.0","0.02%"
"Oct 19, 2016","22,302.0","22,307.0","22,356.0","22,255.0","-0.02%"
"Oct 18, 2016","22,306.0","22,275.0","22,350.5","22,253.0","-0.01%"
"Oct 17, 2016","22,309.0","22,275.0","22,310.0","22,275.0","0.03%"
"Oct 14, 2016","22,301.5","22,307.0","22,352.5","22,253.0","0.01%"
"Oct 13, 2016","22,299.0","22,307.0","22,353.0","22,248.0","0.02%"
"Oct 12, 2016","22,295.5","22,303.0","22,350.5","22,248.0","-0.02%"
"Oct 11, 2016","22,299.5","22,303.0","22,344.5","22,253.0","-0.00%"
"Oct 10, 2016","22,300.0","22,303.0","22,308.0","22,270.0","0.02%"
"Oct 07, 2016","22,296.0","22,306.0","22,349.0","22,253.0","-0.00%"
"Oct 06, 2016","22,297.0","22,275.0","22,350.0","22,253.0","-0.04%"
"Oct 05, 2016","22,305.0","22,306.0","22,336.0","22,275.0","0.02%"
"Oct 04, 2016","22,299.5","22,275.0","22,323.5","22,275.0","-0.02%"
"Oct 03, 2016","22,304.5","22,304.0","22,304.5","22,260.0","0.04%"
"Sep 30, 2016","22,295.5","22,304.0","22,318.5","22,260.0","0.01%"
"Sep 29, 2016","22,294.0","22,311.0","22,325.0","22,260.0","-0.04%"
"Sep 28, 2016","22,303.5","22,311.0","22,332.5","22,260.0","-0.08%"
"Sep 27, 2016","22,321.0","22,311.0","22,357.0","22,260.0","-0.02%"
"Sep 26, 2016","22,324.5","22,320.0","22,355.5","22,280.0","0.10%"
"Sep 23, 2016","22,301.5","22,311.0","22,332.5","22,260.0","-0.09%"
"Sep 22, 2016","22,320.5","22,315.0","22,352.5","22,283.0","-0.02%"
"Sep 21, 2016","22,326.0","22,315.0","22,360.0","22,276.0","0.05%"
"Sep 20, 2016","22,314.0","22,280.0","22,359.0","22,275.0","0.04%"
"Sep 19, 2016","22,305.5","22,301.0","22,360.5","22,260.0","-0.06%"
"Sep 16, 2016","22,319.0","22,309.0","22,342.0","22,260.0","0.02%"
"Sep 15, 2016","22,315.5","22,308.0","22,343.5","22,258.0","0.07%"
"Sep 14, 2016","22,301.0","22,308.0","22,352.0","22,226.0","0.04%"
"Sep 13, 2016","22,292.5","22,299.0","22,316.5","22,270.0","0.06%"
"Sep 12, 2016","22,280.0","22,301.0","22,355.0","22,226.0","-0.09%"
"Sep 09, 2016","22,300.5","22,270.0","22,324.5","22,270.0","0.03%"
"Sep 08, 2016","22,294.5","22,260.0","22,340.5","22,248.0","-0.03%"
"Sep 07, 2016","22,300.5","22,299.0","22,324.5","22,276.0","0.01%"
"Sep 06, 2016","22,298.0","22,260.0","22,323.0","22,251.0","-0.02%"
"Sep 05, 2016","22,301.5","22,305.0","22,305.5","22,260.0","0.08%"
"Sep 02, 2016","22,283.5","22,273.0","22,305.5","22,251.0","-0.04%"
"Sep 01, 2016","22,292.5","22,301.0","22,324.5","22,270.0","-0.06%"
"Aug 31, 2016","22,305.0","22,260.0","22,312.0","22,260.0","0.00%"
"Aug 30, 2016","22,304.0","22,305.0","22,366.0","22,248.0","-0.00%"
"Aug 29, 2016","22,304.5","22,300.0","22,366.5","22,248.0","-0.07%"
"Aug 26, 2016","22,320.0","22,302.0","22,343.0","22,260.0","0.02%"
"Aug 25, 2016","22,316.5","22,260.0","22,340.0","22,260.0","0.02%"
"Aug 24, 2016","22,312.5","22,260.0","22,336.5","22,248.0","0.01%"
"Aug 23, 2016","22,311.0","22,299.0","22,336.0","22,248.0","0.07%"
"Aug 22, 2016","22,295.5","22,270.0","22,348.0","22,226.0","0.01%"
"Aug 19, 2016","22,293.5","22,300.0","22,346.0","22,248.0","-0.00%"
"Aug 18, 2016","22,294.5","22,300.0","22,338.0","22,257.0","-0.02%"
"Aug 17, 2016","22,299.5","22,301.5","22,322.0","22,270.0","0.01%"
"Aug 16, 2016","22,297.0","22,299.0","22,319.0","22,260.0","-0.11%"
"Aug 15, 2016","22,321.0","22,299.0","22,344.0","22,260.0","0.09%"
"Aug 12, 2016","22,301.0","22,278.0","22,303.0","22,278.0","-0.08%"
"Aug 11, 2016","22,318.0","22,299.0","22,340.0","22,276.0","0.02%"
"Aug 10, 2016","22,314.0","22,260.0","22,338.0","22,260.0","0.02%"
"Aug 09, 2016","22,310.5","22,260.0","22,337.5","22,238.0","0.09%"
"Aug 08, 2016","22,291.0","22,301.0","22,354.0","22,234.0","-0.05%"
"Aug 05, 2016","22,302.5","22,260.0","22,307.5","22,260.0","0.03%"
"Aug 04, 2016","22,295.0","22,299.0","22,335.0","22,260.0","0.08%"
"Aug 03, 2016","22,277.0","22,260.0","22,345.0","22,234.0","-0.14%"
"Aug 02, 2016","22,308.0","22,298.0","22,330.0","22,212.0","0.08%"
"Aug 01, 2016","22,290.5","22,260.0","22,337.5","22,253.0","-0.04%"
"Jul 29, 2016","22,299.5","22,300.0","22,326.5","22,273.0","0.02%"
"Jul 28, 2016","22,296.0","22,298.0","22,318.0","22,270.0","-0.04%"
"Jul 27, 2016","22,305.0","22,300.0","22,307.0","22,270.0","0.02%"
"Jul 26, 2016","22,300.0","22,301.0","22,327.0","22,278.0","0.01%"
"Jul 25, 2016","22,297.0","22,304.0","22,324.0","22,278.0","0.01%"
"Jul 22, 2016","22,295.0","22,298.0","22,317.0","22,278.0","-0.01%"
"Jul 21, 2016","22,297.0","22,304.5","22,321.5","22,270.0","0.03%"
"Jul 20, 2016","22,291.0","22,302.0","22,348.0","22,248.0","-0.04%"
"Jul 19, 2016","22,300.0","22,301.0","22,332.0","22,270.0","0.04%"
"Jul 18, 2016","22,292.0","22,295.0","22,316.0","22,270.0","-0.10%"
"Jul 15, 2016","22,314.0","22,300.0","22,338.0","22,238.0","0.08%"
"Jul 14, 2016","22,297.0","22,301.0","22,322.0","22,277.0","0.01%"
"Jul 13, 2016","22,294.0","22,298.0","22,337.0","22,279.0","-0.00%"
"Jul 12, 2016","22,295.0","22,298.0","22,342.0","22,254.0","0.00%"
"Jul 11, 2016","22,294.5","22,298.0","22,322.5","22,273.0","0.02%"
"Jul 08, 2016","22,290.5","22,299.0","22,315.5","22,275.0","-0.15%"
"Jul 07, 2016","22,323.0","22,301.0","22,349.0","22,278.0","-0.00%"
"Jul 06, 2016","22,324.0","22,281.0","22,351.0","22,278.0","0.08%"
"Jul 05, 2016","22,306.5","22,300.0","22,307.5","22,300.0","-0.00%"
"Jul 04, 2016","22,307.5","22,305.0","22,308.5","22,300.0","-0.07%"
"Jul 01, 2016","22,322.5","22,303.0","22,348.5","22,281.0","0.00%"
"Jun 30, 2016","22,322.5","22,303.0","22,351.5","22,258.0","0.07%"
"Jun 29, 2016","22,307.0","22,310.0","22,363.0","22,258.0","0.08%"
"Jun 28, 2016","22,290.0","22,315.0","22,371.0","22,265.0","-0.24%"
"Jun 27, 2016","22,344.5","22,301.0","22,379.5","22,259.0","0.06%"
"Jun 24, 2016","22,331.0","22,301.0","22,374.0","22,259.0","0.16%"
"Jun 23, 2016","22,295.5","22,300.0","22,321.5","22,270.0","0.00%"
"Jun 22, 2016","22,295.5","22,297.0","22,339.5","22,257.0","-0.48%"
"Jun 21, 2016","22,404.0","22,290.0","22,426.0","22,270.0","0.00%"
"Jun 20, 2016","22,404.0","22,299.0","22,452.0","22,290.0","0.00%"
"Jun 17, 2016","22,404.0","22,300.0","22,426.0","22,270.0","0.45%"
"Jun 16, 2016","22,303.0","22,300.0","22,356.0","22,262.0","-0.45%"
"Jun 15, 2016","22,404.0","22,317.0","22,426.0","22,280.0","-0.04%"
"Jun 14, 2016","22,414.0","22,305.0","22,458.0","22,270.0","0.00%"
"Jun 13, 2016","22,414.0","22,320.0","22,458.0","22,290.0","0.35%"
"Jun 10, 2016","22,335.0","22,300.0","22,360.0","22,300.0","0.00%"
"Jun 09, 2016","22,335.0","22,355.0","22,394.0","22,296.0","-0.03%"
"Jun 08, 2016","22,342.0","22,296.0","22,389.0","22,288.0","-0.04%"
"Jun 07, 2016","22,350.0","22,395.0","22,427.0","22,310.0","-0.29%"
"Jun 06, 2016","22,416.0","22,365.0","22,533.0","22,320.0","-0.08%"
"Jun 03, 2016","22,434.0","22,437.0","22,483.0","22,364.0","0.06%"
"Jun 02, 2016","22,420.0","22,450.0","22,521.0","22,364.0","-0.12%"
"Jun 01, 2016","22,446.5","22,426.0","22,475.5","22,390.0","0.29%"
"May 31, 2016","22,382.0","22,360.0","22,411.0","22,360.0","-0.15%"
"May 30, 2016","22,416.5","22,400.0","22,431.5","22,388.0","0.15%"
"May 27, 2016","22,383.0","22,350.0","22,405.0","22,350.0","0.06%"
"May 26, 2016","22,370.0","22,350.0","22,394.0","22,309.0","0.17%"
"May 25, 2016","22,332.5","22,340.0","22,380.5","22,306.0","0.04%"
"May 24, 2016","22,322.5","22,320.0","22,344.5","22,276.0","0.10%"
"May 23, 2016","22,301.0","22,316.0","22,345.0","22,276.0","-0.07%"
"May 20, 2016","22,317.5","22,315.0","22,319.5","22,313.0","0.02%"
"May 19, 2016","22,314.0","22,305.0","22,316.0","22,305.0","0.19%"
"May 18, 2016","22,272.0","22,305.0","22,350.0","22,234.0","-0.09%"
"May 17, 2016","22,291.0","22,305.0","22,320.0","22,270.0","0.09%"
"May 16, 2016","22,271.0","22,315.0","22,367.0","22,234.0","-0.21%"
"May 13, 2016","22,317.5","22,252.0","22,325.5","22,252.0","0.03%"
"May 12, 2016","22,310.0","22,293.0","22,324.0","22,260.0","0.15%"
"May 11, 2016","22,276.5","22,295.0","22,322.5","22,252.0","-0.03%"
"May 10, 2016","22,284.0","22,294.0","22,311.0","22,241.0","0.02%"
"May 09, 2016","22,280.5","22,285.0","22,324.5","22,241.0","0.04%"
"May 06, 2016","22,272.5","22,293.0","22,324.5","22,241.0","-0.08%"
"May 05, 2016","22,289.5","22,285.0","22,351.5","22,228.0","0.00%"
"May 04, 2016","22,289.5","22,285.0","22,355.5","22,228.0","0.00%"
"May 03, 2016","22,289.5","22,222.0","22,304.5","22,222.0","0.05%"
"May 02, 2016","22,279.0","22,285.0","22,342.0","22,222.0","-0.04%"
"Apr 29, 2016","22,288.0","22,285.0","22,344.0","22,244.0","-0.02%"
"Apr 28, 2016","22,292.5","22,293.0","22,314.5","22,266.0","0.11%"
"Apr 27, 2016","22,269.0","22,297.0","22,327.0","22,244.0","-0.05%"
"Apr 26, 2016","22,280.0","22,303.0","22,329.0","22,254.0","-0.06%"
"Apr 25, 2016","22,292.5","22,290.0","22,316.5","22,266.0","0.06%"
"Apr 22, 2016","22,279.0","22,288.0","22,306.0","22,260.0","-0.23%"
"Apr 21, 2016","22,330.0","22,287.0","22,352.0","22,266.0","-0.02%"
"Apr 20, 2016","22,333.5","22,294.0","22,357.5","22,260.0","-0.00%"
"Apr 19, 2016","22,334.0","22,300.0","22,371.0","22,260.0","-0.02%"
"Apr 18, 2016","22,338.0","22,282.0","22,344.0","22,282.0","-0.00%"
"Apr 15, 2016","22,339.0","22,290.0","22,383.0","22,270.0","-0.00%"
"Apr 14, 2016","22,340.0","22,320.0","22,378.0","22,250.0","0.03%"
"Apr 13, 2016","22,333.0","22,260.0","22,365.0","22,260.0","0.08%"
"Apr 12, 2016","22,315.0","22,255.0","22,382.0","22,228.0","0.09%"
"Apr 11, 2016","22,295.0","22,290.0","22,301.0","22,285.0","0.00%"
"Apr 08, 2016","22,294.5","22,288.5","22,295.5","22,285.0","-0.00%"
"Apr 07, 2016","22,295.0","22,265.0","22,340.0","22,260.0","-0.02%"
"Apr 06, 2016","22,300.0","22,294.0","22,329.5","22,265.0","-0.14%"
"Apr 05, 2016","22,331.0","22,260.0","22,362.0","22,260.0","0.00%"
"Apr 04, 2016","22,330.5","22,260.0","22,362.5","22,260.0","0.01%"
"Apr 01, 2016","22,329.0","22,291.0","22,358.0","22,272.0","0.02%"
"Mar 31, 2016","22,325.0","22,288.0","22,362.0","22,264.0","0.27%"
"Mar 30, 2016","22,264.5","22,296.0","22,337.5","22,228.0","-0.34%"
"Mar 29, 2016","22,341.5","22,308.0","22,385.5","22,300.0","0.00%"
"Mar 28, 2016","22,341.5","22,301.0","22,385.5","22,290.0","0.17%"
"Mar 25, 2016","22,302.5","22,300.0","22,342.5","22,300.0","-0.22%"
"Mar 24, 2016","22,351.5","22,345.0","22,398.5","22,250.0","-0.05%"
"Mar 23, 2016","22,362.5","22,360.0","22,392.5","22,270.0","0.28%"
"Mar 22, 2016","22,300.0","22,294.5","22,315.0","22,289.0","0.06%"
"Mar 21, 2016","22,287.0","22,291.0","22,314.0","22,268.0","-0.07%"
"Mar 18, 2016","22,303.0","22,289.0","22,325.0","22,238.0","0.14%"
"Mar 17, 2016","22,272.5","22,290.0","22,318.5","22,247.0","-0.10%"
"Mar 16, 2016","22,295.0","22,294.0","22,299.0","22,290.0","0.04%"
"Mar 15, 2016","22,287.0","22,295.0","22,301.0","22,282.0","-0.04%"
"Mar 14, 2016","22,295.5","22,289.0","22,323.5","22,219.0","0.06%"
"Mar 11, 2016","22,281.5","22,289.0","22,333.5","22,219.0","0.05%"
"Mar 10, 2016","22,270.0","22,295.0","22,346.0","22,219.0","-0.10%"
"Mar 09, 2016","22,291.5","22,360.0","22,378.5","22,273.0","0.01%"
"Mar 08, 2016","22,290.0","22,300.0","22,314.0","22,276.0","-0.26%"
"Mar 07, 2016","22,348.0","22,288.0","22,389.0","22,272.0","0.32%"
"Mar 04, 2016","22,277.5","22,290.0","22,373.5","22,219.0","-0.11%"
"Mar 03, 2016","22,302.0","22,295.0","22,332.0","22,248.0","-0.06%"
"Mar 02, 2016","22,315.0","22,310.0","22,319.0","22,270.0","0.06%"
"Mar 01, 2016","22,302.0","22,270.0","22,304.0","22,270.0","-0.22%"
"Feb 29, 2016","22,351.5","22,374.0","22,448.5","22,265.0","0.15%"
"Feb 26, 2016","22,317.5","22,320.0","22,344.5","22,214.0","-0.19%"
"Feb 25, 2016","22,360.5","22,310.0","22,372.5","22,301.0","-0.11%"
"Feb 24, 2016","22,385.0","22,375.0","22,412.0","22,313.0","0.04%"
"Feb 23, 2016","22,375.5","22,338.0","22,419.5","22,308.0","-0.01%"
"Feb 22, 2016","22,377.0","22,357.0","22,403.0","22,316.0","0.13%"
"Feb 19, 2016","22,348.5","22,350.0","22,388.5","22,288.0","-0.03%"
"Feb 18, 2016","22,355.0","22,360.0","22,414.0","22,316.0","-0.15%"
"Feb 17, 2016","22,388.5","22,370.0","22,435.5","22,356.0","-0.02%"
"Feb 16, 2016","22,392.0","22,370.0","22,415.0","22,348.0","0.10%"
"Feb 15, 2016","22,370.0","22,315.0","22,400.0","22,315.0","0.28%"
"Feb 12, 2016","22,308.0","22,236.0","22,330.0","22,236.0","0.14%"
"Feb 11, 2016","22,276.0","22,236.0","22,298.0","22,214.0","-0.00%"
"Feb 10, 2016","22,277.0","22,236.0","22,299.0","22,214.0","0.05%"
"Feb 09, 2016","22,266.0","22,236.0","22,310.0","22,192.0","-0.04%"
"Feb 08, 2016","22,276.0","22,236.0","22,298.0","22,214.0","-0.04%"
"Feb 05, 2016","22,286.0","22,288.0","22,365.0","22,236.0","-0.01%"
"Feb 04, 2016","22,288.5","22,288.0","22,295.5","22,280.0","0.05%"
"Feb 03, 2016","22,276.5","22,293.0","22,352.5","22,219.0","-0.04%"
"Feb 02, 2016","22,285.5","22,213.0","22,312.5","22,210.0","0.07%"
"Feb 01, 2016","22,271.0","22,195.0","22,315.0","22,195.0","0.13%"
"Jan 29, 2016","22,241.0","22,231.0","22,274.0","22,198.0","0.05%"
"Jan 28, 2016","22,230.0","22,255.0","22,354.0","22,171.0","-0.29%"
"Jan 27, 2016","22,295.0","22,300.0","22,352.0","22,268.0","-0.17%"
"Jan 26, 2016","22,333.5","22,333.0","22,415.5","22,258.0","-0.10%"
"Jan 25, 2016","22,355.0","22,429.0","22,514.0","22,314.0","-0.45%"
"Jan 22, 2016","22,455.0","22,375.0","22,499.0","22,360.0","0.29%"
"Jan 21, 2016","22,391.0","22,393.0","22,491.0","22,336.0","-0.29%"
"Jan 20, 2016","22,457.0","22,420.0","22,497.0","22,396.0","0.01%"
"Jan 19, 2016","22,455.0","22,420.0","22,499.0","22,392.0","0.25%"
"Jan 18, 2016","22,400.0","22,429.0","22,470.0","22,350.0","-0.07%"
"Jan 15, 2016","22,416.5","22,436.0","22,446.5","22,400.0","-0.09%"
"Jan 14, 2016","22,437.5","22,415.0","22,474.5","22,400.0","0.14%"
"Jan 13, 2016","22,406.5","22,428.0","22,449.5","22,380.0","-0.10%"
"Jan 12, 2016","22,429.5","22,435.0","22,451.5","22,370.0","-0.10%"
"Jan 11, 2016","22,453.0","22,474.0","22,535.0","22,384.0","-0.05%"
"Jan 08, 2016","22,465.0","22,474.0","22,513.0","22,426.0","-0.04%"
"Jan 07, 2016","22,475.0","22,490.0","22,545.0","22,406.0","0.03%"
"Jan 06, 2016","22,467.5","22,470.0","22,507.5","22,460.0","-0.08%"
"Jan 05, 2016","22,485.0","22,500.0","22,529.0","22,406.0","0.00%"
"Jan 04, 2016","22,485.0","22,485.0","22,564.0","22,406.0","0.00%"
"Jan 01, 2016","22,485.0","22,480.0","22,485.0","22,480.0","0.00%"
"Dec 31, 2015","22,485.0","22,461.0","22,505.0","22,460.0","0.18%"
"Dec 30, 2015","22,445.0","22,460.0","22,584.0","22,406.0","-0.16%"
"Dec 29, 2015","22,480.0","22,480.0","22,497.0","22,450.0","-0.23%"
"Dec 28, 2015","22,532.0","22,475.0","22,532.0","22,450.0","-0.05%"
"Dec 25, 2015","22,543.5","22,540.0","22,548.5","22,527.0","0.05%"
"Dec 24, 2015","22,532.0","22,435.0","22,561.0","22,435.0","0.00%"
"Dec 23, 2015","22,532.0","22,545.0","22,561.0","22,517.0","-0.06%"
"Dec 22, 2015","22,546.5","22,545.0","22,546.5","22,540.0","0.00%"
"Dec 21, 2015","22,546.0","22,540.0","22,547.0","22,517.0","0.10%"
"Dec 18, 2015","22,523.5","22,530.0","22,572.5","22,496.0","-0.01%"
"Dec 17, 2015","22,525.0","22,542.0","22,572.0","22,499.0","-0.03%"
"Dec 16, 2015","22,532.0","22,540.0","22,561.0","22,517.0","-0.03%"
"Dec 15, 2015","22,538.5","22,540.0","22,568.5","22,530.0","0.07%"
"Dec 14, 2015","22,522.5","22,483.0","22,567.5","22,483.0","0.10%"
"Dec 11, 2015","22,500.0","22,485.0","22,500.0","22,475.0","0.09%"
"Dec 10, 2015","22,480.0","22,480.0","22,497.0","22,470.0","0.00%"
"Dec 09, 2015","22,480.0","22,470.0","22,494.0","22,435.0","0.04%"
"Dec 08, 2015","22,470.0","22,469.0","22,483.0","22,450.0","-0.07%"
"Dec 07, 2015","22,485.0","22,477.0","22,487.0","22,450.0","0.02%"
"Dec 04, 2015","22,480.0","22,487.0","22,497.0","22,450.0","-0.03%"
"Dec 03, 2015","22,487.5","22,485.0","22,502.5","22,465.0","-0.04%"
"Dec 02, 2015","22,497.5","22,499.0","22,502.5","22,485.0","0.03%"
"Dec 01, 2015","22,490.0","22,500.0","22,502.0","22,475.0","-0.07%"
"Nov 30, 2015","22,505.0","22,487.0","22,540.0","22,460.0","0.09%"
"Nov 27, 2015","22,485.0","22,485.0","22,500.0","22,475.0","-0.02%"
"Nov 26, 2015","22,490.0","22,480.0","22,510.0","22,450.0","-0.07%"
"Nov 25, 2015","22,505.0","22,512.0","22,552.0","22,467.0","0.00%"
"Nov 24, 2015","22,505.0","22,488.0","22,530.0","22,450.0","0.08%"
"Nov 23, 2015","22,487.5","22,416.0","22,492.5","22,416.0","0.07%"
"Nov 20, 2015","22,472.5","22,468.0","22,481.5","22,430.0","0.00%"
"Nov 19, 2015","22,472.5","22,472.0","22,474.5","22,430.0","0.03%"
"Nov 18, 2015","22,465.0","22,465.0","22,507.0","22,430.0","-0.06%"
"Nov 17, 2015","22,477.5","22,470.0","22,479.5","22,440.0","0.14%"
"Nov 16, 2015","22,445.0","22,416.0","22,459.0","22,415.0","0.12%"
"Nov 13, 2015","22,417.5","22,415.0","22,418.5","22,370.0","0.07%"
"Nov 12, 2015","22,402.5","22,395.0","22,409.5","22,370.0","0.06%"
"Nov 11, 2015","22,390.0","22,400.0","22,419.0","22,370.0","-0.07%"
"Nov 10, 2015","22,405.0","22,415.0","22,430.0","22,390.0","-0.10%"
"Nov 09, 2015","22,427.5","22,339.0","22,427.5","22,339.0","0.28%"
"Nov 06, 2015","22,364.0","22,342.0","22,364.0","22,320.0","0.06%"
"Nov 05, 2015","22,351.5","22,324.0","22,362.5","22,313.0","0.00%"
"Nov 04, 2015","22,351.0","22,325.0","22,364.0","22,305.0","0.00%"
"Nov 03, 2015","22,351.0","22,340.0","22,375.0","22,293.0","0.05%"
"Nov 02, 2015","22,340.0","22,315.0","22,359.0","22,280.0","0.02%"
"Oct 30, 2015","22,335.5","22,315.0","22,346.5","22,280.0","0.00%"
"Oct 29, 2015","22,335.5","22,330.0","22,352.5","22,290.0","0.02%"
"Oct 28, 2015","22,331.0","22,290.0","22,342.0","22,280.0","-0.00%"
"Oct 27, 2015","22,332.0","22,310.0","22,351.0","22,290.0","-0.04%"
"Oct 26, 2015","22,340.0","22,313.0","22,426.0","22,290.0","-0.25%"
"Oct 23, 2015","22,395.0","22,302.0","22,399.0","22,260.0","0.49%"
"Oct 22, 2015","22,285.0","22,295.0","22,309.0","22,270.0","-0.49%"
"Oct 21, 2015","22,395.0","22,296.0","22,399.0","22,280.0","0.00%"
"Oct 20, 2015","22,395.0","22,320.0","22,401.0","22,290.0","0.00%"
"Oct 19, 2015","22,395.0","22,275.0","22,397.0","22,270.0","0.51%"
"Oct 16, 2015","22,281.0","22,320.0","22,365.0","22,236.0","-0.51%"
"Oct 15, 2015","22,395.0","22,388.0","22,399.0","22,300.0","0.00%"
"Oct 14, 2015","22,395.0","22,395.0","22,415.0","22,370.0","-0.07%"
"Oct 13, 2015","22,410.0","22,395.0","22,426.0","22,380.0","0.25%"
"Oct 12, 2015","22,355.0","22,100.0","22,390.0","22,100.0","0.52%"
"Oct 09, 2015","22,238.5","22,160.0","22,250.5","22,100.0","0.10%"
"Oct 08, 2015","22,216.0","22,305.0","22,452.0","22,174.0","-1.35%"
"Oct 07, 2015","22,519.0","22,418.0","22,523.0","22,390.0","0.00%"
"Oct 06, 2015","22,519.0","22,471.0","22,522.0","22,430.0","0.19%"
"Oct 05, 2015","22,477.0","22,477.0","22,483.0","22,450.0","-0.00%"
"Oct 02, 2015","22,477.5","22,471.0","22,485.5","22,450.0","-0.18%"
"Oct 01, 2015","22,519.0","22,475.0","22,524.0","22,450.0","0.00%"
"Sep 30, 2015","22,519.0","22,482.0","22,530.0","22,450.0","0.01%"
"Sep 29, 2015","22,517.5","22,495.0","22,548.5","22,449.0","-0.03%"
"Sep 28, 2015","22,524.0","22,489.0","22,540.0","22,440.0","0.02%"
"Sep 25, 2015","22,519.0","22,494.0","22,542.0","22,450.0","0.13%"
"Sep 24, 2015","22,490.0","22,450.0","22,494.0","22,450.0","-0.15%"
"Sep 23, 2015","22,524.5","22,473.0","22,526.5","22,450.0","0.02%"
"Sep 22, 2015","22,520.0","22,470.0","22,522.0","22,440.0","0.04%"
"Sep 21, 2015","22,510.5","22,473.0","22,542.5","22,440.0","0.00%"
"Sep 18, 2015","22,509.5","22,470.0","22,531.5","22,419.0","0.00%"
"Sep 17, 2015","22,508.5","22,505.0","22,530.5","22,470.0","-0.04%"
"Sep 16, 2015","22,518.5","22,497.0","22,537.5","22,419.0","-0.06%"
"Sep 15, 2015","22,531.0","22,419.0","22,535.0","22,419.0","0.20%"
"Sep 14, 2015","22,487.0","22,476.0","22,600.0","22,419.0","-0.26%"
"Sep 11, 2015","22,544.5","22,528.0","22,546.5","22,450.0","0.00%"
"Sep 10, 2015","22,544.5","22,532.0","22,546.5","22,460.0","0.29%"
"Sep 09, 2015","22,480.0","22,484.0","22,494.0","22,450.0","-0.29%"