"row","date","XAU_VND"
"1",2015-09-09,29979884.8296
"2",2015-09-10,30214045.0021575
"3",2015-09-11,30114831.053835
"4",2015-09-14,30062424.15792
"5",2015-09-15,30028883.75418
"6",2015-09-16,30396404.3540475
"7",2015-09-17,30704497.14633
"8",2015-09-18,30922978.90851
"9",2015-09-21,30758793.133005
"10",2015-09-22,30540979.0272
"11",2015-09-23,30699165.42036
"12",2015-09-24,31292357.88393
"13",2015-09-25,31121743.689792
"14",2015-09-28,30743293.31694
"15",2015-09-29,30609805.869135
"16",2015-09-30,30273541.5045
"17",2015-10-01,30234172.324965
"18",2015-10-02,30844870.708545
"19",2015-10-05,30779414.340675
"20",2015-10-06,31145365.197513
"21",2015-10-07,31098936.71682
"22",2015-10-08,30507990.303552
"23",2015-10-09,31036804.9521585
"24",2015-10-12,31373784.954
"25",2015-10-13,31580668.6056
"26",2015-10-14,32002087.341285
"27",2015-10-15,31945923.906165
"28",2015-10-16,31624538.24124
"29",2015-10-19,31604082.998175
"30",2015-10-20,31756912.345665
"31",2015-10-21,31513627.46565
"32",2015-10-22,31330626.018225
"33",2015-10-23,31436942.77539
"34",2015-10-26,31331185.1616
"35",2015-10-27,31420936.74618
"36",2015-10-28,31127399.07387
"37",2015-10-29,30859255.8609885
"38",2015-10-30,30764193.270393
"39",2015-11-02,30537939.4575
"40",2015-11-03,30117756.14232
"41",2015-11-04,29843958.359208
"42",2015-11-05,29750573.2590225
"43",2015-11-06,29354388.118272
"44",2015-11-09,29531297.814675
"45",2015-11-10,29442511.031235
"46",2015-11-11,29321025.96522
"47",2015-11-12,29307953.7959625
"48",2015-11-13,29289466.88829
"49",2015-11-16,29304017.939025
"50",2015-11-17,29008227.6875475
"51",2015-11-18,29012952.13257
"52",2015-11-19,29327728.9338
"53",2015-11-20,29211220.032825
"54",2015-11-23,28993206.564525
"55",2015-11-24,29182645.183965
"56",2015-11-25,29071394.642115
"57",2015-11-26,29075337.94425
"58",2015-11-27,28704513.274245
"59",2015-11-30,28882268.72097
"60",2015-12-01,29000497.25157
"61",2015-12-02,28581589.6574175
"62",2015-12-03,28809650.3443875
"63",2015-12-04,29461924.79064
"64",2015-12-07,29018448.979155
"65",2015-12-08,29115586.38051
"66",2015-12-09,29088429.79656
"67",2015-12-10,29043165.88944
"68",2015-12-11,29159884.6425
"69",2015-12-14,28863451.541925
"70",2015-12-15,28825258.872393
"71",2015-12-16,29148381.155256
"72",2015-12-17,28563567.72795
"73",2015-12-18,28954078.2416505
"74",2015-12-21,29316002.584968
"75",2015-12-22,29151372.087018
"76",2015-12-23,29078019.05934
"77",2015-12-24,29228251.642512
"78",2015-12-25,29243169.310446
"79",2015-12-28,29042702.17722
"80",2015-12-29,28974050.34264
"81",2015-12-30,28724892.497925
"82",2015-12-31,28772017.58385
"83",2016-01-01,28756835.89173
"84",2016-01-04,29135293.78815
"85",2016-01-05,29215539.87507
"86",2016-01-06,29647626.9156375
"87",2016-01-07,30058575.744375
"88",2016-01-08,29909500.40412
"89",2016-01-11,29623349.428746
"90",2016-01-12,29397362.9014575
"91",2016-01-13,29541197.7390045
"92",2016-01-14,29163019.4625
"93",2016-01-15,29435730.897855
"94",2016-01-18,29408662.752
"95",2016-01-19,29432679.81372
"96",2016-01-20,29811663.322998
"97",2016-01-21,29739706.49592
"98",2016-01-22,29735367.06105
"99",2016-01-25,29865740.909175
"100",2016-01-26,30174149.7395415
"101",2016-01-27,30257076.525585
"102",2016-01-28,29888775.14454
"103",2016-01-29,29981331.235548
"104",2016-02-01,30312043.544595
"105",2016-02-02,30339033.633432
"106",2016-02-03,30697700.9108265
"107",2016-02-04,31058483.540643
"108",2016-02-05,31537320.483438
"109",2016-02-08,31991844.425448
"110",2016-02-09,31916005.24437
"111",2016-02-10,32163837.638961
"112",2016-02-11,33489187.581348
"113",2016-02-12,33299528.27058
"114",2016-02-15,32634177.31455
"115",2016-02-16,32407090.59204
"116",2016-02-17,32639300.804073
"117",2016-02-18,33216051.450225
"118",2016-02-19,33094299.8220255
"119",2016-02-22,32611743.433386
"120",2016-02-23,33114588.154011
"121",2016-02-24,33179657.998575
"122",2016-02-25,33285962.120004
"123",2016-02-26,32897977.24035
"124",2016-02-29,33366886.883397
"125",2016-03-01,33134881.640364
"126",2016-03-02,33370513.97865
"127",2016-03-03,33980019.297966
"128",2016-03-04,33828535.41522
"129",2016-03-07,34149802.764804
"130",2016-03-08,33892129.3383
"131",2016-03-09,33675094.910457
"132",2016-03-10,34139357.88216
"133",2016-03-11,33539096.592402
"134",2016-03-14,33206407.043868
"135",2016-03-15,33115820.174442
"136",2016-03-16,33952956.42102
"137",2016-03-17,33779587.793175
"138",2016-03-18,33755929.72863
"139",2016-03-21,33421079.686266
"140",2016-03-22,33565330.3818
"141",2016-03-23,32898792.4442625
"142",2016-03-24,32796911.2283145
"143",2016-03-25,32711029.4463975
"144",2016-03-28,32891602.7948775
"145",2016-03-29,33470751.4457025
"146",2016-03-30,32880250.2251025
"147",2016-03-31,33180897.15675
"148",2016-04-01,32911967.833497
"149",2016-04-04,32723288.43129
"150",2016-04-05,33147812.555838
"151",2016-04-06,32865458.9085
"152",2016-04-07,33351089.006235
"153",2016-04-08,33342276.9126735
"154",2016-04-11,33815056.472925
"155",2016-04-12,33791311.23627
"156",2016-04-13,33473904.104034
"157",2016-04-14,33060164.50782
"158",2016-04-15,33238065.964815
"159",2016-04-18,33169245.75423
"160",2016-04-19,33673593.8019
"161",2016-04-20,33499157.5568475
"162",2016-04-21,33623139.47685
"163",2016-04-22,33101784.18669
"164",2016-04-25,33272359.448775
"165",2016-04-26,33402523.74624
"166",2016-04-27,33457452.66513
"167",2016-04-28,34040534.61078
"168",2016-04-29,34766211.343584
"169",2016-05-02,34694688.35148
"170",2016-05-03,34560542.8929
"171",2016-05-04,34385590.2224235
"172",2016-05-05,34346891.0142075
"173",2016-05-06,34606689.553275
"174",2016-05-09,33951559.4065725
"175",2016-05-10,34025405.72832
"176",2016-05-11,34317189.5713245
"177",2016-05-12,33986828.51283
"178",2016-05-13,34270295.9376
"179",2016-05-16,34205873.047542
"180",2016-05-17,34401611.136
"181",2016-05-18,33789570.80832
"182",2016-05-19,33767197.59798
"183",2016-05-20,33697151.069925
"184",2016-05-23,33589959.505068
"185",2016-05-24,33023770.33275
"186",2016-05-25,32962632.119145
"187",2016-05-26,32909286.70635
"188",2016-05-27,32719260.79044
"189",2016-05-30,32583902.723199
"190",2016-05-31,32794439.175576
"191",2016-06-01,32837795.0564175
"192",2016-06-02,32734150.9443
"193",2016-06-03,33661804.057362
"194",2016-06-06,33655065.617088
"195",2016-06-07,33518517.27075
"196",2016-06-08,33999211.027716
"197",2016-06-09,34177333.151925
"198",2016-06-10,34313326.1649
"199",2016-06-13,34700886.01119
"200",2016-06-14,34749530.21883
"201",2016-06-15,34886377.241172
"202",2016-06-16,34397004.662694
"203",2016-06-17,35078436.13608
"204",2016-06-20,34850180.48742
"205",2016-06-21,34263739.051632
"206",2016-06-22,34040545.7092485
"207",2016-06-23,33753986.9540775
"208",2016-06-24,35432086.007466
"209",2016-06-27,35691123.68352
"210",2016-06-28,35273775.81303
"211",2016-06-29,35472271.807611
"212",2016-06-30,35585467.529385
"213",2016-07-01,36126982.002975
"214",2016-07-04,36330785.211645
"215",2016-07-05,36473313.492387
"216",2016-07-06,36710527.070052
"217",2016-07-07,36620332.80066
"218",2016-07-08,36733646.41578
"219",2016-07-11,36429768.6904125
"220",2016-07-12,35796192.179475
"221",2016-07-13,36095641.21803
"222",2016-07-14,35892151.37079
"223",2016-07-15,35993502.75393
"224",2016-07-18,35714505.920076
"225",2016-07-19,35817125.8443
"226",2016-07-20,35367812.636265
"227",2016-07-21,35784348.564261
"228",2016-07-22,35547004.55397
"229",2016-07-25,35366847.919524
"230",2016-07-26,35499589.0752
"231",2016-07-27,36033040.55061
"232",2016-07-28,35909090.418888
"233",2016-07-29,36321251.3740065
"234",2016-08-01,36368406.2527785
"235",2016-08-02,36678567.676608
"236",2016-08-03,36472350.60831
"237",2016-08-04,36590528.1378
"238",2016-08-05,35919827.97315
"239",2016-08-08,35890018.342806
"240",2016-08-09,36065866.4263875
"241",2016-08-10,36230795.943966
"242",2016-08-11,36027401.925762
"243",2016-08-12,35927898.555183
"244",2016-08-15,36045431.842992
"245",2016-08-16,36187332.122832
"246",2016-08-17,36260756.732919
"247",2016-08-18,36351546.497541
"248",2016-08-19,36066070.858851
"249",2016-08-22,35995112.978337
"250",2016-08-23,35995388.70987
"251",2016-08-24,35611762.4296875
"252",2016-08-25,35562987.252885
"253",2016-08-26,35558607.60792
"254",2016-08-29,35589850.6045665
"255",2016-08-30,35259357.69072
"256",2016-08-31,35201773.639575
"257",2016-09-01,35312135.9723775
"258",2016-09-02,35599329.8059095
"259",2016-09-05,35683746.029334
"260",2016-09-06,36291116.946168
"261",2016-09-07,36170426.834334
"262",2016-09-08,35975488.6012275
"263",2016-09-09,35710915.8217275
"264",2016-09-12,35664119.37948
"265",2016-09-13,35453514.6061125
"266",2016-09-14,35572435.021629
"267",2016-09-15,35360945.4814875
"268",2016-09-16,35263695.280869
"269",2016-09-19,35321970.9516765
"270",2016-09-20,35381436.98598
"271",2016-09-21,35985940.84467
"272",2016-09-22,35989186.046505
"273",2016-09-23,35966886.3416655
"274",2016-09-26,36013669.7322105
"275",2016-09-27,35722482.686592
"276",2016-09-28,35534472.3092295
"277",2016-09-29,35488693.622466
"278",2016-09-30,35375221.337226
"279",2016-10-03,35281931.071374
"280",2016-10-04,34100157.018345
"281",2016-10-05,34065538.53795
"282",2016-10-06,33731793.881346
"283",2016-10-07,33790228.541784
"284",2016-10-10,33870767.9514
"285",2016-10-11,33695515.0857375
"286",2016-10-12,33745384.8150855
"287",2016-10-13,33825693.917916
"288",2016-10-14,33625937.0927025
"289",2016-10-17,33775770.00441
"290",2016-10-18,33963253.629528
"291",2016-10-19,34133558.46516
"292",2016-10-20,34047476.5491
"293",2016-10-21,34080629.07915
"294",2016-10-24,34015431.792096
"295",2016-10-25,34305841.9328625
"296",2016-10-26,34133678.1369135
"297",2016-10-27,34154443.23885
"298",2016-10-28,34344486.938835
"299",2016-10-31,34368158.62779
"300",2016-11-01,34671129.1241925
"301",2016-11-02,34908877.9844295
"302",2016-11-03,35080006.5301875
"303",2016-11-04,35093460.0322125
"304",2016-11-07,34501306.502247
"305",2016-11-08,34370560.840356
"306",2016-11-09,34403330.4642
"307",2016-11-10,33900924.099924
"308",2016-11-11,32999327.05608
"309",2016-11-14,32878414.420254
"310",2016-11-15,33094297.199628
"311",2016-11-16,33085862.255055
"312",2016-11-17,32868737.7915645
"313",2016-11-18,32775071.31717
"314",2016-11-21,33030197.618025
"315",2016-11-22,32929066.914156
"316",2016-11-23,32392540.722891
"317",2016-11-24,32505286.176
"318",2016-11-25,32464445.5662135
"319",2016-11-28,32670919.45464
"320",2016-11-29,32491602.08385
"321",2016-11-30,32050728.35382
"322",2016-12-01,32036582.96085
"323",2016-12-02,32204487.41658
"324",2016-12-05,32050467.07863
"325",2016-12-06,32050329.14655
"326",2016-12-07,32131663.86
"327",2016-12-08,31952559.5364
"328",2016-12-09,31540120.8844575
"329",2016-12-12,31700379.8156325
"330",2016-12-13,31647468.0027
"331",2016-12-14,31338118.840875
"332",2016-12-15,30945665.419995
"333",2016-12-16,31107720.12075
"334",2016-12-19,31257504.8346
"335",2016-12-20,31072941.70425
"336",2016-12-21,31068104.55642
"337",2016-12-22,30973208.49108
"338",2016-12-23,31104245.4802335
"339",2016-12-26,31121379.158454
"340",2016-12-27,31271232.21138
"341",2016-12-28,31365958.695015
"342",2016-12-29,31811445.565872
"343",2016-12-30,31624035.645195
"344",2017-01-02,31587520.502244
"345",2017-01-03,31785031.4097825
"346",2017-01-04,31891083.90765
"347",2017-01-05,32280551.41248
"348",2017-01-06,31904661.4460625
"349",2017-01-09,32163289.0997175
"350",2017-01-10,32322983.781378
"351",2017-01-11,32436269.73774
"352",2017-01-12,32538517.510602
"353",2017-01-13,32591501.20134
"354",2017-01-16,32742893.559399
"355",2017-01-17,33106742.796738
"356",2017-01-18,32758586.528604
"357",2017-01-19,32787786.62937
"358",2017-01-20,32927675.632812
"359",2017-01-23,33105167.38089
"360",2017-01-24,32902209.548775
"361",2017-01-25,32696177.0309475
"362",2017-01-26,32376382.0460325
"363",2017-01-27,32458918.5711
"364",2017-01-30,32561067.7357875
"365",2017-01-31,32977291.5321675
"366",2017-02-01,32946238.1861025
"367",2017-02-02,33194964.6916425
"368",2017-02-03,33277060.7745
"369",2017-02-06,33653471.99517
"370",2017-02-07,33632289.17244
"371",2017-02-08,33925122.655665
"372",2017-02-09,33644185.93491
"373",2017-02-10,33695272.77018
"374",2017-02-13,33502607.4564
"375",2017-02-14,33692966.326365
"376",2017-02-15,33863740.16724
"377",2017-02-16,34007882.868225
"378",2017-02-17,33950625.742635
"379",2017-02-20,34066159.943673
"380",2017-02-21,34025197.6546425
"381",2017-02-22,34072547.7844725
"382",2017-02-23,34391423.33271
"383",2017-02-24,34577478.203328
"384",2017-02-27,34411134.140424
"385",2017-02-28,34255945.033065
"386",2017-03-01,34333310.6424
"387",2017-03-02,33988135.6122
"388",2017-03-03,33994105.937175
"389",2017-03-06,33708982.06146
"390",2017-03-07,33426048.339795
"391",2017-03-08,33196325.8968
"392",2017-03-09,33014388.2686275
"393",2017-03-10,33113031.318
"394",2017-03-13,33106544.953425
"395",2017-03-14,32969889.89058
"396",2017-03-15,33561688.56495
"397",2017-03-16,33694550.55588
"398",2017-03-17,33764831.5624425
"399",2017-03-20,33908703.794775
"400",2017-03-21,34198731.01125
"401",2017-03-22,34305416.65233
"402",2017-03-23,34225739.89695
"403",2017-03-24,34183432.3360875
"404",2017-03-27,34441336.78074
"405",2017-03-28,34369531.377525
"406",2017-03-29,34390538.34891
"407",2017-03-30,34133295.8637
"408",2017-03-31,34270760.312955
"409",2017-04-03,34356315.699825
"410",2017-04-04,34374401.98353
"411",2017-04-05,34341660.1149
"412",2017-04-06,34245909.4494
"413",2017-04-07,34292343.3678
"414",2017-04-10,34318502.295285
"415",2017-04-11,34811498.73774
"416",2017-04-12,35170797.69945
"417",2017-04-13,35213605.71624
"418",2017-04-14,35324189.7169875
"419",2017-04-17,35202919.356
"420",2017-04-18,35319983.90382
"421",2017-04-19,35083686.163818
"422",2017-04-20,35129818.36785
"423",2017-04-21,35190827.692125
"424",2017-04-24,34934935.6512
"425",2017-04-25,34687381.80948
"426",2017-04-26,34796623.2632775
"427",2017-04-27,34660121.89704
"428",2017-04-28,34775003.7962925
"429",2017-05-01,34473615.54
"430",2017-05-02,34476358.5075
"431",2017-05-03,33957162.565755
"432",2017-05-04,33676783.48125
"433",2017-05-05,33650604.177435
"434",2017-05-08,33607439.4543
"435",2017-05-09,33474092.952825
"436",2017-05-10,33426188.9847
"437",2017-05-11,33559578.9818025
"438",2017-05-12,33618993.110721
"439",2017-05-15,33655588.493007
"440",2017-05-16,33775901.064
"441",2017-05-17,34467682.89315
"442",2017-05-18,34130997.7995
"443",2017-05-19,34287946.78275
"444",2017-05-22,34517018.027175
"445",2017-05-23,34243485.9924
"446",2017-05-24,34388842.0194375
"447",2017-05-25,34331533.4406
"448",2017-05-26,34716577.654125
"449",2017-05-29,34738827.063189
"450",2017-05-30,34608349.50075
"451",2017-05-31,34743477.544545
"452",2017-06-01,34655054.58108
"453",2017-06-02,35055420.89049
"454",2017-06-05,35054599.266225
"455",2017-06-06,35454995.055
"456",2017-06-07,35260732.369575
"457",2017-06-08,34987293.1737
"458",2017-06-09,34641509.265
"459",2017-06-12,34631085.928215
"460",2017-06-13,34634095.5664125
"461",2017-06-14,34525330.30383
"462",2017-06-15,34306095.582
"463",2017-06-16,34295973.36879
"464",2017-06-19,34049478.915375
"465",2017-06-20,34062824.808675
"466",2017-06-21,34117313.1045
"467",2017-06-22,34243785.24714
"468",2017-06-23,34438472.39925
"469",2017-06-26,34097348.219625
"470",2017-06-27,34169956.98075
"471",2017-06-28,34253378.51976
"472",2017-06-29,34143958.531935
"473",2017-06-30,34019259.552
"474",2017-07-03,33455484.275481
"475",2017-07-04,33553176.8112585
"476",2017-07-05,33640046.4051
"477",2017-07-06,33583308.875925
"478",2017-07-07,33232892.96925
"479",2017-07-10,33272622.291375
"480",2017-07-11,33364136.729925
"481",2017-07-12,33431107.035
"482",2017-07-13,33357560.842125
"483",2017-07-14,33673477.45185
"484",2017-07-17,33829424.4984
"485",2017-07-18,34050313.32006
"486",2017-07-19,34014219.062865
"487",2017-07-20,34120301.91423
"488",2017-07-21,34383673.33425
"489",2017-07-24,34400556.38964
"490",2017-07-25,34234680.9160125
"491",2017-07-26,34557351.706425
"492",2017-07-27,34496011.4175
"493",2017-07-28,34782212.7971625
"494",2017-07-31,34787372.5300275
"495",2017-08-01,34771376.719125
"496",2017-08-02,34706987.81775
"497",2017-08-03,34771888.9909125
"498",2017-08-04,34500226.5447
"499",2017-08-07,34475281.998255
"500",2017-08-08,34556146.18728
"501",2017-08-09,35011204.2845325
"502",2017-08-10,35275974.52755
"503",2017-08-11,35327637.2955675
"504",2017-08-14,35128694.8061625
"505",2017-08-15,34859601.7970775
"506",2017-08-16,35160207.734925
"507",2017-08-17,35296307.1931245
"508",2017-08-18,35200120.022025
"509",2017-08-21,35382716.414535
"510",2017-08-22,35206148.847564
"511",2017-08-23,35377945.64049
"512",2017-08-24,35265778.1698185
"513",2017-08-25,35388581.9340375
"514",2017-08-28,35922613.923855
"515",2017-08-29,35899423.610625
"516",2017-08-30,35871246.94419
"517",2017-08-31,36228084.9817725
"518",2017-09-01,36311546.15817
"519",2017-09-04,36577380.09987
"520",2017-09-05,36702667.7688585
"521",2017-09-06,36554812.28955
"522",2017-09-07,36967449.249
"523",2017-09-08,36900848.141322
"524",2017-09-11,36359945.72928
"525",2017-09-12,36494533.31805
"526",2017-09-13,36256431.380625
"527",2017-09-14,36436720.304475
"528",2017-09-15,36156971.07765
"529",2017-09-18,35826806.711025
"530",2017-09-19,35928458.9766
"531",2017-09-20,35654823.7037625
"532",2017-09-21,35383482.275175
"533",2017-09-22,35547605.47485
"534",2017-09-25,35924258.619225
"535",2017-09-26,35459781.32229
"536",2017-09-27,35109812.30832
"537",2017-09-28,35271418.18725
"538",2017-09-29,35064045.02145
"539",2017-10-02,34831925.22486
"540",2017-10-03,34845355.456875
"541",2017-10-04,34925910.082425
"542",2017-10-05,34743977.186625
"543",2017-10-06,34962625.455975
"544",2017-10-09,35184513.802935
"545",2017-10-10,35294251.73385
"546",2017-10-11,35385370.94394
"547",2017-10-12,35436236.7744
"548",2017-10-13,35745235.49952
"549",2017-10-16,35463562.698915
"550",2017-10-17,35203533.0753855
"551",2017-10-18,35094963.1663455
"552",2017-10-19,35335755.2736675
"553",2017-10-20,35081092.196724
"554",2017-10-23,35125799.9445765
"555",2017-10-24,34973064.756228
"556",2017-10-25,35000436.810825
"557",2017-10-26,34718221.626075
"558",2017-10-27,34866165.53745
"559",2017-10-30,34945297.91928
"560",2017-10-31,34817700.37626
"561",2017-11-01,34900020.1044105
"562",2017-11-02,34942298.7103875
"563",2017-11-03,34774158.1183125
"564",2017-11-06,35098419.227025
"565",2017-11-07,34931239.7647335
"566",2017-11-08,35083848.0411
"567",2017-11-09,35197248.044625
"568",2017-11-10,34947945.021573
"569",2017-11-13,34989363.2701725
"570",2017-11-14,35075413.747605
"571",2017-11-15,35016936.27276
"572",2017-11-16,35007899.997369
"573",2017-11-17,35445625.1081625
"574",2017-11-20,34957893.3849
"575",2017-11-21,35061395.25456
"576",2017-11-22,35399589.16119
"577",2017-11-23,35383538.4909375
"578",2017-11-24,35296625.75715
"579",2017-11-27,35460890.928
"580",2017-11-28,35439667.171755
"581",2017-11-29,35161479.92928
"582",2017-11-30,34916300.71371
"583",2017-12-01,35059230.359925
"584",2017-12-04,34951948.4821095
"585",2017-12-05,34687607.094525
"586",2017-12-06,34616125.78347
"587",2017-12-07,34141710.986565
"588",2017-12-08,34176631.699779
"589",2017-12-11,34006661.91612
"590",2017-12-12,34063661.8357575
"591",2017-12-13,34381335.5723775
"592",2017-12-14,34312398.680175
"593",2017-12-15,34374618.828675
"594",2017-12-18,34553743.3537785
"595",2017-12-19,34553043.704154
"596",2017-12-20,34658321.847225
"597",2017-12-21,34693358.46438
"598",2017-12-22,34916999.2179195
"599",2017-12-25,34919454.029148
"600",2017-12-26,35126732.6499825
"601",2017-12-27,35251924.7973885
"602",2017-12-28,35455373.427774
"603",2017-12-29,35665703.78985
"604",2018-01-01,35783717.82642
"605",2018-01-02,36092580.54858
"606",2018-01-03,35945084.542698
"607",2018-01-04,36225151.9585758
"608",2018-01-05,36148464.2552715
"609",2018-01-08,36163371.837525
"610",2018-01-09,35941738.881939
"611",2018-01-10,36072126.6498705
"612",2018-01-11,36205787.037255
"613",2018-01-12,36646521.81036
"614",2018-01-15,36694712.096064
"615",2018-01-16,36653885.7497085
"616",2018-01-17,36359170.7354625
"617",2018-01-18,36345983.3193705
"618",2018-01-19,36470625.49275
"619",2018-01-22,36531470.793597
"620",2018-01-23,36730007.8482915
"621",2018-01-24,37188931.0037775
"622",2018-01-25,36917248.3319475
"623",2018-01-26,36969600.784479
"624",2018-01-29,36702338.546445
"625",2018-01-30,36651435.88185
"626",2018-01-31,36830784.3597
"627",2018-02-01,36941961.1187385
"628",2018-02-02,36498117.635067
"629",2018-02-05,36676148.5119
"630",2018-02-06,36280964.90394
"631",2018-02-07,36091830.9829755
"632",2018-02-08,36097814.046171
"633",2018-02-09,36040970.9519325
"634",2018-02-12,36213596.127072
"635",2018-02-13,36409010.4549375
"636",2018-02-14,36981691.82139
"637",2018-02-15,37051233.040575
"638",2018-02-16,36902294.366415
"639",2018-02-19,36870261.6000975
"640",2018-02-20,36379315.480635
"641",2018-02-21,36272129.956335
"642",2018-02-22,36478738.0150575
"643",2018-02-23,36437170.416399
"644",2018-02-26,36555286.394904
"645",2018-02-27,36158592.26187
"646",2018-02-28,36164807.343945
"647",2018-03-01,36113332.3034175
"648",2018-03-02,36285052.22694
"649",2018-03-05,36233980.137381
"650",2018-03-06,36635178.789729
"651",2018-03-07,36374314.333491
"652",2018-03-08,36282516.856866
"653",2018-03-09,36326216.63349
"654",2018-03-12,36304390.7205225
"655",2018-03-13,36402711.426
"656",2018-03-14,36370678.99125
"657",2018-03-15,36132356.772435
"658",2018-03-16,36065565.1521
"659",2018-03-19,36150229.381986
"660",2018-03-20,36004796.8412265
"661",2018-03-21,36579813.467724
"662",2018-03-22,36524770.766925
"663",2018-03-23,37039896.940662
"664",2018-03-26,37224511.795542
"665",2018-03-27,36991154.5227285
"666",2018-03-28,36454275.368817
"667",2018-03-29,36439373.74875
"668",2018-04-02,36861528.3532875
"669",2018-04-03,36655238.29794
"670",2018-04-04,36678381.190989
"671",2018-04-05,36489198.33669
"672",2018-04-06,36653358.3403575
"673",2018-04-09,36721100.86614
"674",2018-04-10,36825803.1608625
"675",2018-04-11,37186387.1817465
"676",2018-04-12,36693774.616086
"677",2018-04-13,36964741.596453
"678",2018-04-16,36962774.50896
"679",2018-04-17,36992276.4506925
"680",2018-04-18,37050454.073976
"681",2018-04-19,36956419.98768
"682",2018-04-20,36657596.840052
"683",2018-04-23,36378666.75375
"684",2018-04-24,36530603.545644
"685",2018-04-25,36328827.058389
"686",2018-04-26,36159562.440432
"687",2018-04-27,36305505.23946
"688",2018-04-30,36101032.8974325
"689",2018-05-01,35788697.9642415
"690",2018-05-02,35808642.828468
"691",2018-05-03,36009977.1071625
"692",2018-05-04,36100726.8907725
"693",2018-05-07,36080137.905435
"694",2018-05-08,36091144.1680275
"695",2018-05-09,36051864.855342
"696",2018-05-10,36277436.7846
"697",2018-05-11,36190133.73558
"698",2018-05-14,36037926.107295
"699",2018-05-15,35434010.8412025
"700",2018-05-16,35447556.6998475
"701",2018-05-17,35450624.3925
"702",2018-05-18,35508176.974875
"703",2018-05-21,35491301.840934
"704",2018-05-22,35450848.339218
"705",2018-05-23,35524579.01625
"706",2018-05-24,35836486.540848
"707",2018-05-25,35734126.30029
"708",2018-05-28,35707411.303965
"709",2018-05-29,35764060.4251875
"710",2018-05-30,35863938.83478
"711",2018-05-31,35700157.173744
"712",2018-06-01,35543964.321135
"713",2018-06-04,35558537.508522
"714",2018-06-05,35676938.056341
"715",2018-06-06,35663860.8774
"716",2018-06-07,35661179.714082
"717",2018-06-08,35691624.229875
"718",2018-06-11,35765369.1522525
"719",2018-06-12,35647257.9000915
"720",2018-06-13,35748564.1659375
"721",2018-06-14,35818386.837702
"722",2018-06-15,35207440.055808
"723",2018-06-18,35196176.068812
"724",2018-06-19,35125605.2843115
"725",2018-06-20,34963222.277475
"726",2018-06-21,34952922.76608
"727",2018-06-22,35034015.73668
"728",2018-06-25,34951114.9395
"729",2018-06-26,34792982.055306
"730",2018-06-27,34625544.289875
"731",2018-06-28,34522111.80825
"732",2018-06-29,34684372.50285
"733",2018-07-02,34373060.6000805
"734",2018-07-03,34814617.377246
"735",2018-07-04,34915710.824985
"736",2018-07-05,34942002.307128
"737",2018-07-06,34857205.100589
"738",2018-07-09,34938488.885271
"739",2018-07-10,34880356.2345975
"740",2018-07-11,34512360.757728
"741",2018-07-12,34657018.42524
"742",2018-07-13,34505057.205864
"743",2018-07-16,34484854.364037
"744",2018-07-17,34115960.936064
"745",2018-07-18,34104292.038837
"746",2018-07-19,33986254.23792
"747",2018-07-20,34238534.881806
"748",2018-07-23,34290037.46655
"749",2018-07-24,34328704.928685
"750",2018-07-25,34476877.1694975
"751",2018-07-26,34171614.69768
"752",2018-07-27,34268617.422345
"753",2018-07-30,34261187.47695
"754",2018-07-31,34355738.941173
"755",2018-08-01,34150079.798493
"756",2018-08-02,33909503.11359
"757",2018-08-03,34097436.633606
"758",2018-08-06,33917250.158085
"759",2018-08-07,34025335.146642
"760",2018-08-08,34070022.41568
"761",2018-08-09,34025148.612795
"762",2018-08-10,33995230.07157
"763",2018-08-13,33554289.30462
"764",2018-08-14,33565252.553865
"765",2018-08-15,33023387.523
"766",2018-08-16,33003857.690856
"767",2018-08-17,33274947.640566
"768",2018-08-20,33406576.694733
"769",2018-08-21,33557945.433129
"770",2018-08-22,33549199.622925
"771",2018-08-23,33272964.312294
"772",2018-08-24,33882440.21253
"773",2018-08-27,34021181.389572
"774",2018-08-28,33741699.683463
"775",2018-08-29,33899924.984562
"776",2018-08-30,33712340.948748
"777",2018-08-31,33747785.779752
"778",2018-09-03,33749471.63772
"779",2018-09-04,33487042.532535
"780",2018-09-05,33640271.26815
"781",2018-09-06,33736567.7238975
"782",2018-09-07,33599112.347535
"783",2018-09-10,33599955.240348
"784",2018-09-11,33642384.0102315
"785",2018-09-12,33857634.731523
"786",2018-09-13,33718508.393616
"787",2018-09-14,33460546.5335295
"788",2018-09-17,33725190.6422415
"789",2018-09-18,33638289.1274925
"790",2018-09-19,33834068.673945
"791",2018-09-20,33957075.031935
"792",2018-09-21,33747181.1995725
"793",2018-09-24,33733992.49941
"794",2018-09-25,33814076.6668485
"795",2018-09-26,33625585.613067
"796",2018-09-27,33295915.5111
"797",2018-09-28,33528683.7030075
"798",2018-10-01,33431601.685482
"799",2018-10-02,33838350.596925
"800",2018-10-03,33698843.8425825
"801",2018-10-04,33774865.162731
"802",2018-10-05,33837120.2102175
"803",2018-10-08,33449739.3500925
"804",2018-10-09,33500807.985321
"805",2018-10-10,33638195.390346
"806",2018-10-11,34462774.102626
"807",2018-10-12,34281890.9314455
"808",2018-10-15,34516270.252035
"809",2018-10-16,34455254.863089
"810",2018-10-17,34412643.990306
"811",2018-10-18,34504961.4793125
"812",2018-10-19,34526639.7724005
"813",2018-10-22,34405657.7605965
"814",2018-10-23,34639594.950996
"815",2018-10-24,34745624.811846
"816",2018-10-25,34691831.1017055
"817",2018-10-26,34738018.894536
"818",2018-10-29,34614314.906469
"819",2018-10-30,34434771.937152
"820",2018-10-31,34186470.332349
"821",2018-11-01,34713293.725206
"822",2018-11-02,34682169.1282995
"823",2018-11-05,34609234.183125
"824",2018-11-06,34502717.27976
"825",2018-11-07,34483769.523405
"826",2018-11-08,34400705.968782
"827",2018-11-09,33973490.034585
"828",2018-11-12,33733251.3857625
"829",2018-11-13,33790156.127442
"830",2018-11-14,34043414.4553725
"831",2018-11-15,34089741.1569
"832",2018-11-16,34324833.715353
"833",2018-11-19,34403976.2069775
"834",2018-11-20,34371266.500395
"835",2018-11-21,34520692.168842
"836",2018-11-22,34552816.6165875
"837",2018-11-23,34455019.2753375
"838",2018-11-26,34400234.431569
"839",2018-11-27,34193621.5862175
"840",2018-11-28,34357413.742872
"841",2018-11-29,34426639.924704
"842",2018-11-30,34354073.15811
"843",2018-12-03,34585699.907799
"844",2018-12-04,34770456.70974
"845",2018-12-05,34777728.88929
"846",2018-12-06,34827875.121819
"847",2018-12-07,35081165.5093125
"848",2018-12-10,34972753.010436
"849",2018-12-11,34920674.486916
"850",2018-12-12,35001777.85065
"851",2018-12-13,34885467.287325
"852",2018-12-14,34766883.352536
"853",2018-12-17,35029654.587153
"854",2018-12-18,35127216.129654
"855",2018-12-19,34942593.29304
"856",2018-12-20,35404952.9286375
"857",2018-12-21,35259863.1623595
"858",2018-12-24,35621293.964439
"859",2018-12-26,35535743.496825
"860",2018-12-27,35720729.707305
"861",2018-12-28,35817725.378625
"862",2018-12-31,35875615.43643
"863",2019-01-01,35869742.532015
"864",2019-01-02,35949512.6387175
"865",2019-01-03,36199699.2469575
"866",2019-01-04,35940541.392756
"867",2019-01-07,36045432.771381
"868",2019-01-08,35951794.0642575
"869",2019-01-09,36169404.0209385
"870",2019-01-10,35978277.126102
"871",2019-01-11,36026692.1784
"872",2019-01-14,36131802.8557695
"873",2019-01-15,36071106.838668
"874",2019-01-16,36181092.287736
"875",2019-01-17,36135000.390255
"876",2019-01-18,35845373.2913535
"877",2019-01-21,35809983.976806
"878",2019-01-22,35943123.230508
"879",2019-01-23,35868508.19664
"880",2019-01-24,35826127.817526
"881",2019-01-25,36445340.504853
"882",2019-01-28,36454795.676595
"883",2019-01-29,36692875.441197
"884",2019-01-30,36927204.960348
"885",2019-01-31,36948058.048242
"886",2019-02-01,36879330.6645
"887",2019-02-04,36704447.6473125
"888",2019-02-05,36795946.441905
"889",2019-02-06,36549711.153705
"890",2019-02-07,36657998.7179475
"891",2019-02-08,36769084.410465
"892",2019-02-11,36616359.0546
"893",2019-02-12,36683034.38517
"894",2019-02-13,36533122.9823925
"895",2019-02-14,36718128.69507
"896",2019-02-15,36965187.4944555
"897",2019-02-18,37116365.256
"898",2019-02-19,37514720.5964655
"899",2019-02-20,37438949.700207
"900",2019-02-21,37039330.8343695
"901",2019-02-22,37157549.5566
"902",2019-02-25,37150000.922097
"903",2019-02-26,37175590.397472
"904",2019-02-27,36919204.441542
"905",2019-02-28,36728949.732
"906",2019-03-01,36188449.710276
"907",2019-03-04,35991817.7098095
"908",2019-03-05,36010748.688849
"909",2019-03-06,35994335.265666
"910",2019-03-07,35961927.424164
"911",2019-03-08,36318373.67556
"912",2019-03-11,36200730.9041625
"913",2019-03-12,36417781.4522145
"914",2019-03-13,36622705.087752
"915",2019-03-14,36258292.342404
"916",2019-03-15,36400944.617334
"917",2019-03-18,36473696.77236
"918",2019-03-19,36561307.938015
"919",2019-03-20,36728830.12656
"920",2019-03-21,36629039.0699325
"921",2019-03-22,36740555.884599
"922",2019-03-25,36975707.148585
"923",2019-03-26,36795661.981104
"924",2019-03-27,36637349.339097
"925",2019-03-28,36101130.348135
"926",2019-03-29,36150561.69702
"927",2019-04-01,36021343.0963785
"928",2019-04-02,36169963.4295675
"929",2019-04-03,36081672.0984
"930",2019-04-04,36149205.308634
"931",2019-04-05,36131742.408
"932",2019-04-08,36290961.471153
"933",2019-04-09,36477358.471203
"934",2019-04-10,36589877.0899425
"935",2019-04-11,36151183.0364295
"936",2019-04-12,36094600.57836
"937",2019-04-15,36024391.7691135
"938",2019-04-16,35707752.8365755
"939",2019-04-17,35638245.527703
"940",2019-04-18,35681177.02023
"941",2019-04-22,35691854.422119
"942",2019-04-23,35618725.4979
"943",2019-04-24,35700048.082008
"944",2019-04-25,35761142.7819
"945",2019-04-26,36118868.54625
"946",2019-04-29,35937747.6894
"947",2019-04-30,36044454.5508
"948",2019-05-01,35847889.2798
"949",2019-05-02,35647082.11506
"950",2019-05-03,35862781.4532075
"951",2019-05-06,35939228.385456
"952",2019-05-07,36095727.244725
"953",2019-05-08,36089171.2811175
"954",2019-05-09,36229929.7932
"955",2019-05-10,36201003.8445
"956",2019-05-13,36563576.390223
"957",2019-05-14,36562323.67998
"958",2019-05-15,36466188.818175
"959",2019-05-16,36161127.12555
"960",2019-05-17,36031680.88272
"961",2019-05-20,36060918.444585
"962",2019-05-21,35958146.6323035
"963",2019-05-22,35894453.112375
"964",2019-05-23,36193440.548685
"965",2019-05-24,36235879.9227
"966",2019-05-27,36241241.18832
"967",2019-05-28,36089481.489642
"968",2019-05-29,36112640.74404
"969",2019-05-30,36393894.1419
"970",2019-05-31,36856477.3745625
"971",2019-06-03,37378737.1085205
"972",2019-06-04,37390628.2464
"973",2019-06-05,37549723.182738
"974",2019-06-06,37685210.476905
"975",2019-06-07,37819212.63804
"976",2019-06-10,37414989.957465
"977",2019-06-11,37340624.73258
"978",2019-06-12,37495324.0002
"979",2019-06-13,37742752.9314
"980",2019-06-14,37745366.04501
"981",2019-06-17,37712196.8763
"982",2019-06-18,37884851.042496
"983",2019-06-19,38240867.9380935
"984",2019-06-20,38997876.9858
"985",2019-06-21,39286377.48465
"986",2019-06-24,39863744.472585
"987",2019-06-25,39977943.794925
"988",2019-06-26,39584238.736875
"989",2019-06-27,39627367.16844
"990",2019-06-28,39605312.86575
"991",2019-07-01,38822395.30842
"992",2019-07-02,39745352.62992
"993",2019-07-03,39776471.0235
"994",2019-07-04,39684244.01625
"995",2019-07-05,39223034.3773125
"996",2019-07-08,39113499.697275
"997",2019-07-09,39152957.7369
"998",2019-07-10,39726826.326
"999",2019-07-11,39277256.967
"1000",2019-07-12,39609953.84619
"1001",2019-07-15,39557542.573584
"1002",2019-07-16,39339895.891281
"1003",2019-07-17,39915092.7639
"1004",2019-07-18,40484151.57456
"1005",2019-07-19,39949602.42987
"1006",2019-07-22,39884417.875008
"1007",2019-07-23,39664662.72483
"1008",2019-07-24,39902809.0923
"1009",2019-07-25,39584627.63541
"1010",2019-07-26,39703608.0827295
"1011",2019-07-29,39931912.76118
"1012",2019-07-30,40032705.483225
"1013",2019-07-31,39602553.01845
"1014",2019-08-01,40437271.245735
"1015",2019-08-02,40334347.2078
"1016",2019-08-05,41067543.26454
"1017",2019-08-06,41336398.268445
"1018",2019-08-07,42020886.63744
"1019",2019-08-08,42030176.013375
"1020",2019-08-09,41890182.72894
"1021",2019-08-12,42274789.7978445
"1022",2019-08-13,42009007.8820995
"1023",2019-08-14,42424287.874605
"1024",2019-08-15,42623844.66816
"1025",2019-08-16,42376074.52386
"1026",2019-08-19,41837707.77126
"1027",2019-08-20,42164231.34588
"1028",2019-08-21,42025413.136665
"1029",2019-08-22,41933828.8278
"1030",2019-08-23,42707573.720955
"1031",2019-08-26,42693588.203805
"1032",2019-08-27,43146726.1032375
"1033",2019-08-28,43065992.280525
"1034",2019-08-29,42733191.048
"1035",2019-08-30,42499136.34405
"1036",2019-09-02,42788194.768518
"1037",2019-09-03,43271190.0621
"1038",2019-09-04,43428763.83909
"1039",2019-09-05,42496875.0235575
"1040",2019-09-06,42150950.138385
"1041",2019-09-09,41930796.432015
"1042",2019-09-10,41577041.45976
"1043",2019-09-11,41891226.624
"1044",2019-09-12,41942543.7781125
"1045",2019-09-13,41655735.629925
"1046",2019-09-16,41959128.27204
"1047",2019-09-17,42093099.567255
"1048",2019-09-18,41808443.081145
"1049",2019-09-19,41957673.23328
"1050",2019-09-20,42447230.054775
"1051",2019-09-23,42582331.850481
"1052",2019-09-24,42871100.82255
"1053",2019-09-25,42083512.564275
"1054",2019-09-26,42122414.53506
"1055",2019-09-27,41881789.24839
"1056",2019-09-30,41183905.431825
"1057",2019-10-01,41373058.324479
"1058",2019-10-02,41953693.398435
"1059",2019-10-03,42100943.06775
"1060",2019-10-04,42088846.40022
"1061",2019-10-07,41781138.49752
"1062",2019-10-08,42113394.6391035
"1063",2019-10-09,42165002.75274
"1064",2019-10-10,41800719.90951
"1065",2019-10-11,41683423.324725
"1066",2019-10-14,41768757.04365
"1067",2019-10-15,41434321.4908035
"1068",2019-10-16,41677592.631867
"1069",2019-10-17,41744096.536011
"1070",2019-10-18,41688621.27828
"1071",2019-10-21,41538214.242375
"1072",2019-10-22,41628577.0867125
"1073",2019-10-23,41749072.966305
"1074",2019-10-24,42067710.47922
"1075",2019-10-25,42091575.8216805
"1076",2019-10-28,41757482.398266
"1077",2019-10-29,41616885.02196
"1078",2019-10-30,41831490.69978
"1079",2019-10-31,42337263.342285
"1080",2019-11-01,42352223.48703
"1081",2019-11-04,42227732.6712
"1082",2019-11-05,41512706.694315
"1083",2019-11-06,41690606.306589
"1084",2019-11-07,41064321.3508005
"1085",2019-11-08,40800228.892038
"1086",2019-11-11,40728294.97326
"1087",2019-11-12,40759989.9386085
"1088",2019-11-13,40931348.0978745
"1089",2019-11-14,41154533.31384
"1090",2019-11-15,41054471.848845
"1091",2019-11-18,41153609.62707
"1092",2019-11-19,41188429.604049
"1093",2019-11-20,41153271.1569375
"1094",2019-11-21,40953720.1206
"1095",2019-11-22,40896474.497388
"1096",2019-11-25,40697892.9041355
"1097",2019-11-26,40867484.59836
"1098",2019-11-27,40685811.0184875
"1099",2019-11-28,40795673.962407
"1100",2019-11-29,40938414.9648
"1101",2019-12-02,40866285.963762
"1102",2019-12-03,41272853.405298
"1103",2019-12-04,41191987.3896375
"1104",2019-12-05,41221698.52032
"1105",2019-12-06,40793156.32818
"1106",2019-12-09,40844897.5993245
"1107",2019-12-10,40906036.988487
"1108",2019-12-11,41213069.8378425
"1109",2019-12-12,41050097.87067
"1110",2019-12-13,41235447.527358
"1111",2019-12-16,41253971.2209375
"1112",2019-12-17,41258670.165405
"1113",2019-12-18,41225109.397392
"1114",2019-12-19,41321636.46135
"1115",2019-12-20,41305790.79024
"1116",2019-12-23,41507649.132468
"1117",2019-12-24,41905371.77583
"1118",2019-12-25,41898764.29869
"1119",2019-12-26,42235877.476125
"1120",2019-12-27,42205824.185868
"1121",2019-12-30,42333857.722065
"1122",2019-12-31,42394764.92355
"1123",2020-01-01,42391971.015225
"1124",2020-01-02,42710729.893902
"1125",2020-01-03,43350743.11266
"1126",2020-01-06,43759983.157044
"1127",2020-01-07,43982479.803768
"1128",2020-01-08,43474470.551592
"1129",2020-01-09,43374602.203566
"1130",2020-01-10,43657147.364292
"1131",2020-01-13,43260882.77394
"1132",2020-01-14,43210685.769384
"1133",2020-01-15,43483212.708525
"1134",2020-01-16,43382592.980316
"1135",2020-01-17,43493071.584798
"1136",2020-01-20,43624406.62902
"1137",2020-01-21,43526832.728094
"1138",2020-01-22,43551036.480402
"1139",2020-01-23,43673957.836542
"1140",2020-01-24,43878733.6412025
"1141",2020-01-27,44194138.666389
"1142",2020-01-28,43755532.918344
"1143",2020-01-29,44059483.908072
"1144",2020-01-30,44001913.505451
"1145",2020-01-31,44525554.04322
"1146",2020-02-03,44210881.2939
"1147",2020-02-04,43503457.79808
"1148",2020-02-05,43583801.18499
"1149",2020-02-06,43869865.56699
"1150",2020-02-07,43986060.9558225
"1151",2020-02-10,44097339.861765
"1152",2020-02-11,43932693.3581475
"1153",2020-02-12,43898000.516205
"1154",2020-02-13,44171185.55052
"1155",2020-02-14,44415499.67634
"1156",2020-02-17,44283145.465965
"1157",2020-02-18,44893308.120864
"1158",2020-02-19,45135589.195344
"1159",2020-02-20,45379869.838875
"1160",2020-02-21,46064179.583415
"1161",2020-02-24,46551171.422844
"1162",2020-02-25,45885238.065486
"1163",2020-02-26,45954424.001052
"1164",2020-02-27,46022385.8918925
"1165",2020-02-28,44417995.632081
"1166",2020-03-02,44574917.004801
"1167",2020-03-03,45905604.327891
"1168",2020-03-04,45771635.600817
"1169",2020-03-05,46755882.0473625
"1170",2020-03-06,46847103.0185325
"1171",2020-03-09,46945273.49379
"1172",2020-03-10,46086577.9326
"1173",2020-03-11,45683210.6419185
"1174",2020-03-12,44107805.060454
"1175",2020-03-13,42809423.48019
"1176",2020-03-16,42414514.723602
"1177",2020-03-17,42829403.773911
"1178",2020-03-18,41723878.96053
"1179",2020-03-19,41505429.1494
"1180",2020-03-20,42378800.12928
"1181",2020-03-23,44109879.141765
"1182",2020-03-24,46129639.0559625
"1183",2020-03-25,45929348.563815
"1184",2020-03-26,46517759.944605
"1185",2020-03-27,46239955.933875
"1186",2020-03-30,46273403.860425
"1187",2020-03-31,44743078.805139
"1188",2020-04-01,45376766.367075
"1189",2020-04-03,45983920.113225
"1190",2020-04-06,47019104.895
"1191",2020-04-07,46631800.596825
"1192",2020-04-08,46781453.94966
"1193",2020-04-09,47694019.861311
"1194",2020-04-10,47754197.578125
"1195",2020-04-13,48434971.137192
"1196",2020-04-14,48955010.33346
"1197",2020-04-15,48519050.55435
"1198",2020-04-16,48585465.936
"1199",2020-04-17,47581579.920525
"1200",2020-04-20,47900741.201577
"1201",2020-04-21,47720612.768454
"1202",2020-04-22,48546272.96952
"1203",2020-04-23,49033272.416916
"1204",2020-04-24,49022434.88601
"1205",2020-04-27,48518896.4719185
"1206",2020-04-28,48299214.42936
"1207",2020-04-29,48372184.008267
"1208",2020-05-04,48104806.083318
"1209",2020-05-05,48210319.301718
"1210",2020-05-06,47614455.8087385
"1211",2020-05-07,48525855.344295
"1212",2020-05-08,47993374.4272425
"1213",2020-05-11,47733470.1784275
"1214",2020-05-12,47906043.37584
"1215",2020-05-13,48305257.0661925
"1216",2020-05-14,48775319.979375
"1217",2020-05-15,49086606.09825
"1218",2020-05-18,48748238.619048
"1219",2020-05-19,49025043.6591
"1220",2020-05-20,49090363.360875
"1221",2020-05-21,48450628.3754775
"1222",2020-05-22,48707242.6789305
"1223",2020-05-25,48615590.844837
"1224",2020-05-26,48183926.420205
"1225",2020-05-27,48072529.072323
"1226",2020-05-28,48323508.3198
"1227",2020-05-29,48514253.013765
"1228",2020-06-01,48817318.971465
"1229",2020-06-02,48452624.007918
"1230",2020-06-03,47641744.868976
"1231",2020-06-04,48018908.5489305
"1232",2020-06-05,47278397.67306
"1233",2020-06-08,47613460.37679
"1234",2020-06-09,47975867.9646675
"1235",2020-06-10,48590578.104
"1236",2020-06-11,48356691.4927155
"1237",2020-06-12,48428960.77092
"1238",2020-06-15,48313749.8964225
"1239",2020-06-16,48352167.68823
"1240",2020-06-17,48303971.63928
"1241",2020-06-18,48222896.115159
"1242",2020-06-19,48814722.79794
"1243",2020-06-22,49130045.6607
"1244",2020-06-23,49471888.811292
"1245",2020-06-24,49309739.752455
"1246",2020-06-25,49300890.083253
"1247",2020-06-26,49575478.467969
"1248",2020-06-29,49575709.926198
"1249",2020-06-30,49849115.7181545
"1250",2020-07-01,49528074.045468
"1251",2020-07-02,49689038.829594
"1252",2020-07-03,49654264.789785
"1253",2020-07-06,49905056.056575
"1254",2020-07-07,50217443.5824
"1255",2020-07-08,50627556.915294
"1256",2020-07-09,50407738.9059465
"1257",2020-07-10,50278052.79513
"1258",2020-07-13,50401370.94714
"1259",2020-07-14,50528702.006346
"1260",2020-07-15,50647947.93072
"1261",2020-07-16,50235013.344225
"1262",2020-07-17,50609499.60456
"1263",2020-07-20,50776019.084757
"1264",2020-07-21,51489928.426701
"1265",2020-07-22,52332134.014815
"1266",2020-07-23,52752686.623848
"1267",2020-07-24,53142243.66396
"1268",2020-07-27,54290511.868611
"1269",2020-07-28,54764632.37826
"1270",2020-07-29,55078210.35198
"1271",2020-07-30,54786391.585875
"1272",2020-07-31,55222702.1634
"1273",2020-08-03,55254751.658805
"1274",2020-08-04,56392758.4823235
"1275",2020-08-05,56985113.6415
"1276",2020-08-06,57647368.552842
"1277",2020-08-07,56846644.132782
"1278",2020-08-10,56633675.24094
"1279",2020-08-11,53402029.45275
"1280",2020-08-12,53587913.42745
"1281",2020-08-13,54569399.912154
"1282",2020-08-14,54310387.845168
"1283",2020-08-17,55503184.51611
"1284",2020-08-18,55908327.44721
"1285",2020-08-19,53913068.363772
"1286",2020-08-20,54277976.41068
"1287",2020-08-21,54190903.8915
"1288",2020-08-24,54001366.223805
"1289",2020-08-25,53859064.86786
"1290",2020-08-26,54581135.08671
"1291",2020-08-27,53895465.601938
"1292",2020-08-28,54889602.532182
"1293",2020-08-31,55036571.62305
"1294",2020-09-01,55047468.570852
"1295",2020-09-03,53940450.437736
"1296",2020-09-04,54003696.17877
"1297",2020-09-07,53892950.921676
"1298",2020-09-08,53956562.447976
"1299",2020-09-09,54393763.51935
"1300",2020-09-10,54594924.4063275
"1301",2020-09-11,54247241.4297
"1302",2020-09-14,54665081.286075
"1303",2020-09-15,54641330.5032
"1304",2020-09-16,54754597.530072
"1305",2020-09-17,54268607.6394
"1306",2020-09-18,54466674.36861
"1307",2020-09-21,53448135.372522
"1308",2020-09-22,53074446.863592
"1309",2020-09-23,52093964.618475
"1310",2020-09-24,52217226.476352
"1311",2020-09-25,52009581.051435
"1312",2020-09-28,52584374.71386
"1313",2020-09-29,53059759.67727
"1314",2020-09-30,52696787.960448
"1315",2020-10-01,53260952.78658
"1316",2020-10-02,53090288.72469
"1317",2020-10-05,53515017.04659
"1318",2020-10-06,52518847.149405
"1319",2020-10-07,52801147.87857
"1320",2020-10-08,52933425.334083
"1321",2020-10-09,53923952.74818
"1322",2020-10-12,53710266.17547
"1323",2020-10-13,52838036.318298
"1324",2020-10-14,53114853.716775
"1325",2020-10-15,53296991.15958
"1326",2020-10-16,53061204.889575
"1327",2020-10-19,53209298.006325
"1328",2020-10-20,53277729.390717
"1329",2020-10-21,53778927.932961
"1330",2020-10-22,53205167.024928
"1331",2020-10-23,53114351.289528
"1332",2020-10-26,53137207.394775
"1333",2020-10-27,53280829.775925
"1334",2020-10-28,52451256.704592
"1335",2020-10-29,52160272.51197
"1336",2020-10-30,52485183.2217
"1337",2020-11-02,52957638.81639
"1338",2020-11-03,53325882.094752
"1339",2020-11-04,53181974.083272
"1340",2020-11-05,54446853.5046
"1341",2020-11-06,54531635.627832
"1342",2020-11-09,52013049.42834
"1343",2020-11-10,52428820.96665
"1344",2020-11-11,52103908.629225
"1345",2020-11-12,52412668.8066
"1346",2020-11-13,52755797.7639
"1347",2020-11-16,52769209.9707
"1348",2020-11-17,52464844.02726
"1349",2020-11-18,52257275.29692
"1350",2020-11-19,52180486.096584
"1351",2020-11-20,52267669.202568
"1352",2020-11-23,51301926.664065
"1353",2020-11-24,50453317.096857
"1354",2020-11-25,50411218.8636
"1355",2020-11-26,50567110.423836
"1356",2020-11-27,49931763.57756
"1357",2020-11-30,49578676.74396