date,BITCOIN
2015-09-09,5367100
2015-09-10,5377314.140000001
2015-09-11,5430970.05
2015-09-12,5331774.25
2015-09-13,5203721.49
2015-09-14,5194721.87
2015-09-15,5195648.6
2015-09-16,5173175.005
2015-09-17,5252133.39
2015-09-18,5262270.91
2015-09-19,5242012.36
2015-09-20,5227606.28
2015-09-21,5116861.755
2015-09-22,5208425.6
2015-09-23,5186491.37
2015-09-24,5291222.3
2015-09-25,5312006.91
2015-09-26,5284984.11
2015-09-27,5259988.0200000005
2015-09-28,5405534.76
2015-09-29,5334170.574999999
2015-09-30,5340155.66
2015-10-01,5367178.46
2015-10-02,5355938.7
2015-10-03,5392801.8
2015-10-04,5391677.925
2015-10-05,5415833.149999999
2015-10-06,5554086.16
2015-10-07,5494636
2015-10-08,5397155.04
2015-10-09,5433977.475
2015-10-10,5472227.695
2015-10-11,5537831.2700000005
2015-10-12,5508048.449999999
2015-10-13,5624685.9
2015-10-14,5671981.65
2015-10-15,5710501.05
2015-10-16,5869483.83
2015-10-17,6079816.47
2015-10-18,5904465
2015-10-19,5938482.15
2015-10-20,6072180.3
2015-10-21,6019104.149999999
2015-10-22,6147094.399999999
2015-10-23,6242830.2
2015-10-24,6366674.550000001
2015-10-25,6381903.15
2015-10-26,6413814.000000001
2015-10-27,6601562.5200000005
2015-10-28,6790633.789999999
2015-10-29,7059804.84
2015-10-30,7350836.405
2015-10-31,7032332.175000001
2015-11-01,7358653.829999999
2015-11-02,8158791.399999999
2015-11-03,9032039.1
2015-11-04,9163910
2015-11-05,8654724.315
2015-11-06,8366148.76
2015-11-07,8605890.84
2015-11-08,8360334.119999999
2015-11-09,8511909.075
2015-11-10,7553621.699999999
2015-11-11,7012548
2015-11-12,7538217.225000001
2015-11-13,7578684.225
2015-11-14,7503361.425
2015-11-15,7239283.275
2015-11-16,7471716.05
2015-11-17,7563453.975000001
2015-11-18,7536782.850000001
2015-11-19,7335248.725000001
2015-11-20,7244909.274999999
2015-11-21,7348507.5
2015-11-22,7274572.975
2015-11-23,7263462.5
2015-11-24,7224105
2015-11-25,7403694.9
2015-11-26,7929299.3
2015-11-27,8053902.15
2015-11-28,8032541.4
2015-11-29,8369816.4
2015-11-30,8481234.3
2015-12-01,8156673.2
2015-12-02,8099100
2015-12-03,8135302.875
2015-12-04,8182270.4
2015-12-05,8722015.200000001
2015-12-06,8712124
2015-12-07,8875504.05
2015-12-08,9413581.8
2015-12-09,9405407.2
2015-12-10,9344486.4
2015-12-11,10191375
2015-12-12,9829575
2015-12-13,9761175
2015-12-14,10000215.225
2015-12-15,10463949.395
2015-12-16,10228852.040000001
2015-12-17,10260137.5
2015-12-18,10432209.495000001
2015-12-19,10389865.315000001
2015-12-20,9960342.17
2015-12-21,9848318.26
2015-12-22,9783377.280000001
2015-12-23,9968832.76
2015-12-24,10268733.68
2015-12-25,10276229.04
2015-12-26,9454969.335
2015-12-27,9574675.32
2015-12-28,9507152.08
2015-12-29,9753847.2
2015-12-30,9605337.75
2015-12-31,9676419.75
2016-01-01,9795815.100000001
2016-01-02,9789969
2016-01-03,9711496.350000001
2016-01-04,9755117.25
2016-01-05,9743649.899999999
2016-01-06,9680571.725
2016-01-07,10317598.25
2016-01-08,10208994.6
2016-01-09,10117786.7
2016-01-10,10109025.35
2016-01-11,10085663.07
2016-01-12,9734627.295
2016-01-13,9696861.004999999
2016-01-14,9648798.125
2016-01-15,8014571.244999999
2016-01-16,8713293.549999999
2016-01-17,8483748.59
2016-01-18,8621536
2016-01-19,8426687.85
2016-01-20,9399152.780000001
2016-01-21,9166427.58
2016-01-22,8598019.5
2016-01-23,8701312.5
2016-01-24,9050487.75
2016-01-25,8749747
2016-01-26,8744458.59
2016-01-27,8801843.05
2016-01-28,8438730.3
2016-01-29,8422221.88
2016-01-30,8417328.86
2016-01-31,8183575.95
2016-02-01,8269890.43
2016-02-02,8310931.515000001
2016-02-03,8217132.555
2016-02-04,8647715.115
2016-02-05,8568967
2016-02-06,8367055.84
2016-02-07,8412742.14
2016-02-08,8267514.64
2016-02-09,8298092.88
2016-02-10,8430507.88
2016-02-11,8425451.48
2016-02-12,8522771.4
2016-02-13,8722428
2016-02-14,9070209.719999999
2016-02-15,8924511.5
2016-02-16,9122948.64
2016-02-17,9295705.2
2016-02-18,9415702.45
2016-02-19,9402460.92
2016-02-20,9776574.809999999
2016-02-21,9801158.16
2016-02-22,9791056.35
2016-02-23,9397038.735000001
2016-02-24,9489896.9
2016-02-25,9470566.17
2016-02-26,9615494.875
2016-02-27,9666155.6
2016-02-28,9679769.275
2016-02-29,9755088.66
2016-03-01,9658550.16
2016-03-02,9381002.85
2016-03-03,9340077.6
2016-03-04,9074739.625
2016-03-05,8823672.2
2016-03-06,8983179.1
2016-03-07,9212069.08
2016-03-08,9165202.2
2016-03-09,9201931.200000001
2016-03-10,9263874.6
2016-03-11,9344638.285
2016-03-12,9148338.27
2016-03-13,9191564.379999999
2016-03-14,9253078.41
2016-03-15,9258242.67
2016-03-16,9276280.65
2016-03-17,9319036.725
2016-03-18,9136423.95
2016-03-19,9148690.6
2016-03-20,9172554.81
2016-03-21,9182244
2016-03-22,9291518
2016-03-23,9337014.625
2016-03-24,9230051.924999999
2016-03-25,9286984.025
2016-03-26,9299473.425
2016-03-27,9485253.25
2016-03-28,9450454.5
2016-03-29,9302777.185
2016-03-30,9190562.955
2016-03-31,9287869.75
2016-04-01,9326376.72
2016-04-02,9377063.549999999
2016-04-03,9381752.64
2016-04-04,9366974.835
2016-04-05,9431721.16
2016-04-06,9398558
2016-04-07,9408267.05
2016-04-08,9352096.860000001
2016-04-09,9351650.969999999
2016-04-10,9439491.299999999
2016-04-11,9451742.3
2016-04-12,9546357
2016-04-13,9504478.139999999
2016-04-14,9523988.8
2016-04-15,9626545.27
2016-04-16,9681499.209999999
2016-04-17,9628109
2016-04-18,9627007.860000001
2016-04-19,9761298.040000001
2016-04-20,9892847.16
2016-04-21,10098742.5
2016-04-22,9990126.39
2016-04-23,10152317.51
2016-04-24,10347704.34
2016-04-25,10392094.725
2016-04-26,10484745.2
2016-04-27,9916608.39
2016-04-28,10069076.4
2016-04-29,10226180.16
2016-04-30,10119197.76
2016-05-01,10185170.24
2016-05-02,9945791.18
2016-05-03,10079534.795
2016-05-04,10000852.86
2016-05-05,10029829.21
2016-05-06,10296799.475
2016-05-07,10287890.475
2016-05-08,10307490.275
2016-05-09,10341716.88
2016-05-10,10089749.52
2016-05-11,10121773.305
2016-05-12,10184068.8
2016-05-13,10220968.65
2016-05-14,10241500.75
2016-05-15,10298856.725000001
2016-05-16,10148003.860000001
2016-05-17,10124349.29
2016-05-18,10146232.32
2016-05-19,9782011.32
2016-05-20,9945793.875
2016-05-21,9959853.899999999
2016-05-22,9875047.4
2016-05-23,9938886.67
2016-05-24,9977934.275
2016-05-25,10082900.425
2016-05-26,10177678.9
2016-05-27,10548436.41
2016-05-28,11711904.75
2016-05-29,11755999.26
2016-05-30,11937907.075
2016-05-31,11892451.88
2016-06-01,12005286.06
2016-06-02,12059045.4
2016-06-03,12815422.5
2016-06-04,12928938.54
2016-06-05,12903363.78
2016-06-06,13153036.32
2016-06-07,12956518.5
2016-06-08,13030077.82
2016-06-09,12897569.100000001
2016-06-10,12961223.85
2016-06-11,13613182.5
2016-06-12,15140003.1
2016-06-13,15824508.14
2016-06-14,15352469.3
2016-06-15,15655467.12
2016-06-16,17167957.28
2016-06-17,16853633.04
2016-06-18,17004411.96
2016-06-19,17223299.04
2016-06-20,15752700.48
2016-06-21,14958254.639999999
2016-06-22,13477629.75
2016-06-23,14070690.05
2016-06-24,14961323.38
2016-06-25,15044618.010000002
2016-06-26,14259683.36
2016-06-27,14699776.215
2016-06-28,14453504.7
2016-06-29,14263541.94
2016-06-30,15033980.525
2016-07-01,15138896.275
2016-07-02,15736246.375000002
2016-07-03,14812094.874999998
2016-07-04,15213268.85
2016-07-05,14942455.155
2016-07-06,15153307.959999999
2016-07-07,14330696.31
2016-07-08,14875119.365
2016-07-09,14658455.705
2016-07-10,14543213.82
2016-07-11,14513050.665000001
2016-07-12,14860955.2
2016-07-13,14610149.96
2016-07-14,14752810.049999999
2016-07-15,14894148.72
2016-07-16,14868264.48
2016-07-17,15173520
2016-07-18,15058246
2016-07-19,15029754
2016-07-20,14866313.719999999
2016-07-21,14878342.16
2016-07-22,14595867.649999999
2016-07-23,14658962.5
2016-07-24,14736995
2016-07-25,14666743.629999999
2016-07-26,14585537.999999998
2016-07-27,14662191.75
2016-07-28,14657390.4
2016-07-29,14650771.5
2016-07-30,14625573.065
2016-07-31,13981117.515
2016-08-01,13490210.600000001
2016-08-02,11989880.76
2016-08-03,12772740.72
2016-08-04,13098312.5
2016-08-05,13002357.5
2016-08-06,13196612.275
2016-08-07,13273109.85
2016-08-08,13184680.68
2016-08-09,13083992.725000001
2016-08-10,13275491.160000002
2016-08-11,13120975.379999999
2016-08-12,13107189.74
2016-08-13,13078421.450000001
2016-08-14,12822851.99
2016-08-15,12673640.59
2016-08-16,12910408.94
2016-08-17,12809947.775
2016-08-18,12799049.505
2016-08-19,12789112.145
2016-08-20,12971918.845
2016-08-21,12958988.614999998
2016-08-22,13047326.600000001
2016-08-23,12993703.29
2016-08-24,12907111.875
2016-08-25,12844931.07
2016-08-26,12929752.799999999
2016-08-27,12741148.8
2016-08-28,12843151.2
2016-08-29,12785162.445
2016-08-30,12823684.8
2016-08-31,12778311.45
2016-09-01,12774048.35
2016-09-02,12839975.535
2016-09-03,13390377.985
2016-09-04,13635719.319999998
2016-09-05,13507795.535000002
2016-09-06,13668451.02
2016-09-07,13719490.605
2016-09-08,14000277.165000001
2016-09-09,13872472.035000002
2016-09-10,13909713.870000001
2016-09-11,13557365.97
2016-09-12,13518167.200000001
2016-09-13,13567884.275
2016-09-14,13568597.43
2016-09-15,13510696.32
2016-09-16,13568389.669999998
2016-09-17,13568166.479999999
2016-09-18,13645836.6
2016-09-19,13575127.3
2016-09-20,13513358.4
2016-09-21,13328622
2016-09-22,13307705.305000002
2016-09-23,13446912.440000001
2016-09-24,13462969.52
2016-09-25,13418143.504999999
2016-09-26,13552757.46
2016-09-27,13520052.91
2016-09-28,13494509.639999999
2016-09-29,13509941.06
2016-09-30,13577736.545
2016-10-01,13726224.575
2016-10-02,13653764.2
2016-10-03,13672435.455
2016-10-04,13610276.83
2016-10-05,13676533.799999999
2016-10-06,13643088.36
2016-10-07,13778482.08
2016-10-08,13812372
2016-10-09,13765996.319999998
2016-10-10,13797456
2016-10-11,14318954.94
2016-10-12,14175255.944999998
2016-10-13,14174582.34
2016-10-14,14229026.045
2016-10-15,14231925.239999998
2016-10-16,14315778.879999999
2016-10-17,14267944.04
2016-10-18,14166763.66
2016-10-19,14045576.58
2016-10-20,14008969.274999999
2016-10-21,14076340.620000001
2016-10-22,14565463.5
2016-10-23,14527306.559999999
2016-10-24,14502353.76
2016-10-25,14608883.249999998
2016-10-26,15060193
2016-10-27,15438175.350000001
2016-10-28,15398649.075000001
2016-10-29,15941658.18
2016-10-30,15565145.084999999
2016-10-31,15551323.5
2016-11-01,16311781.450000001
2016-11-02,16616865.9
2016-11-03,15398385
2016-11-04,15762590.280000001
2016-11-05,15777542.335
2016-11-06,16001376.83
2016-11-07,15775065.02
2016-11-08,15892069.049999999
2016-11-09,16097097.190000001
2016-11-10,15911794.745
2016-11-11,16008377
2016-11-12,15732154.899999999
2016-11-13,15720543.299999999
2016-11-14,15828827.040000001
2016-11-15,15920037.645
2016-11-16,16569310.675
2016-11-17,16376307.165000001
2016-11-18,16834664.599999998
2016-11-19,16884817.3
2016-11-20,16462455.1
2016-11-21,16616866
2016-11-22,16821876.47
2016-11-23,16772440.879999999
2016-11-24,16804032.3
2016-11-25,16827975.39
2016-11-26,16736071.450000001
2016-11-27,16589116.14
2016-11-28,16569427.85
2016-11-29,16606489.75
2016-11-30,16829355.400000002
2016-12-01,17104490
2016-12-02,17458128.75
2016-12-03,17406611.1
2016-12-04,17429533.05
2016-12-05,17081680
2016-12-06,17266455
2016-12-07,17350518
2016-12-08,17385029.6
2016-12-09,17468972.85
2016-12-10,17528842.975
2016-12-11,17419947.125
2016-12-12,17621570.150000002
2016-12-13,17588238.799999997
2016-12-14,17664546.9
2016-12-15,17653759.2
2016-12-16,17767295
2016-12-17,17939967.5
2016-12-18,17988880
2016-12-19,17998835.599999998
2016-12-20,18187009.875
2016-12-21,18999061.5
2016-12-22,19483015.2
2016-12-23,20876378.97
2016-12-24,20290094.25
2016-12-25,20395243.14
2016-12-26,20534274.67
2016-12-27,21061252.8
2016-12-28,22364993.07
2016-12-29,22111060.16
2016-12-30,21878604.509999998
2016-12-31,22164608.27
2017-01-01,22610464.45
2017-01-02,23031727.95
2017-01-03,23217690.825
2017-01-04,25688893.25
2017-01-05,22838760
2017-01-06,20209456.875
2017-01-07,20509312.5
2017-01-08,20832633.125
2017-01-09,20384319.45
2017-01-10,20471897
2017-01-11,17962120.44
2017-01-12,18333294.75
2017-01-13,18765149.4
2017-01-14,18687960
2017-01-15,18807806.7
2017-01-16,18833468.11
2017-01-17,20449326
2017-01-18,20044598.27
2017-01-19,20374389.8
2017-01-20,20185471.009999998
2017-01-21,20879529.259999998
2017-01-22,21018566.62
2017-01-23,20538561.75
2017-01-24,20024025
2017-01-25,20242880
2017-01-26,20717774.349999998
2017-01-27,20844518.275
2017-01-28,20897610.650000002
2017-01-29,20706929.95
2017-01-30,20858073.775000002
2017-01-31,21914950.925
2017-02-01,22428704.375
2017-02-02,22832244.15
2017-02-03,23032250
2017-02-04,23429092.5
2017-02-05,22994240
2017-02-06,23100082.2
2017-02-07,23830035.6
2017-02-08,23939538.5
2017-02-09,22539420.8
2017-02-10,22690063.55
2017-02-11,23067329.25
2017-02-12,22871450
2017-02-13,22738943.5
2017-02-14,23061610.4
2017-02-15,23110993.4
2017-02-16,23648871.75
2017-02-17,24101153.5
2017-02-18,24211709.250000004
2017-02-19,24159964.6
2017-02-20,24864788.209999997
2017-02-21,25761681.425
2017-02-22,25771271.075
2017-02-23,27096927.000000004
2017-02-24,27080538.560000002
2017-02-25,26420928
2017-02-26,27034906.560000002
2017-02-27,27242943.419999998
2017-02-28,27194045.4
2017-03-01,28044000
2017-03-02,28962459.400000002
2017-03-03,29532154.549999997
2017-03-04,29100659.725
2017-03-05,29215100.650000002
2017-03-06,29304196.95
2017-03-07,28217994.799999997
2017-03-08,26225016
2017-03-09,27301433.25
2017-03-10,25285428
2017-03-11,27088907.999999996
2017-03-12,28171224
2017-03-13,28403399.45
2017-03-14,28447413.1
2017-03-15,28831132.5
2017-03-16,26769005.799999997
2017-03-17,24368548.095
2017-03-18,22099995
2017-03-19,23227550.415
2017-03-20,23817250.8
2017-03-21,25389273.650000002
2017-03-22,23561297.18
2017-03-23,23368066.3
2017-03-24,21303350.125
2017-03-25,21960769.5
2017-03-26,22174060.5
2017-03-27,23732329.919999998
2017-03-28,23808985.000000004
2017-03-29,23759430.98
2017-03-30,23734081.799999997
2017-03-31,24779967.45
2017-04-01,24848460
2017-04-02,25348842.45
2017-04-03,26204360.999999996
2017-04-04,25962853.05
2017-04-05,25707543.1
2017-04-06,27053287
2017-04-07,27079920
2017-04-08,26864460
2017-04-09,27464799.6
2017-04-10,27448850
2017-04-11,27729493.45
2017-04-12,27528269.325000003
2017-04-13,26695494
2017-04-14,26746600.25
2017-04-15,26863044.374999996
2017-04-16,26843447.125
2017-04-17,27040704.75
2017-04-18,27302067.1
2017-04-19,27609921.19
2017-04-20,28097689.500000004
2017-04-21,28402897.775
2017-04-22,28334957.5
2017-04-23,28448115.55
2017-04-24,28565628.8
2017-04-25,29165607.400000002
2017-04-26,29528473.26
2017-04-27,30671378.32
2017-04-28,30779688.29
2017-04-29,31054657.205000002
2017-04-30,31489512.925
2017-05-01,32680375
2017-05-02,33487772.5
2017-05-03,34864252.5
2017-05-04,35567122.5
2017-05-05,35264927.25
2017-05-06,36039878.175000004
2017-05-07,36589550.025
2017-05-08,38936490
2017-05-09,39109674.975
2017-05-10,40818072.6
2017-05-11,41766040.285000004
2017-05-12,38475086.51
2017-05-13,40678836.43
2017-05-14,40843573.09
2017-05-15,39642078.61
2017-05-16,40259922
2017-05-17,41114990.25
2017-05-18,43110932
2017-05-19,44761609.5
2017-05-20,46634311.5
2017-05-21,46591050
2017-05-22,48225224.125
2017-05-23,51591425
2017-05-24,55137182.62499999
2017-05-25,53399625
2017-05-26,51647107.49999999
2017-05-27,47722272.74999999
2017-05-28,50739925.50000001
2017-05-29,51837654.68
2017-05-30,49803655.5
2017-05-31,52319232.35
2017-06-01,54957972.9
2017-06-02,56310257.849999994
2017-06-03,57878955.75000001
2017-06-04,57272692.400000006
2017-06-05,61285070
2017-06-06,65250065.25
2017-06-07,61031169
2017-06-08,63525873.7
2017-06-09,63783410.625
2017-06-10,66500465.625
2017-06-11,68039358.75
2017-06-12,60264699.175000004
2017-06-13,61474209.425000004
2017-06-14,55223328.050000004
2017-06-15,54682446.2
2017-06-16,56280956.699999996
2017-06-17,59786788.6
2017-06-18,57071022.5
2017-06-19,58990400.7
2017-06-20,61927443
2017-06-21,60004045
2017-06-22,60862572.9
2017-06-23,61147521.00000001
2017-06-24,58513239
2017-06-25,56939987.25
2017-06-26,54719754.75
2017-06-27,58533918.75
2017-06-28,58057948.8
2017-06-29,57513225
2017-06-30,55794192.75
2017-07-01,55076991.75
2017-07-02,57191098.5
2017-07-03,57802962.555
2017-07-04,59160373
2017-07-05,59509670.4
2017-07-06,59221037.400000006
2017-07-07,56838633.75
2017-07-08,58201224.75
2017-07-09,57016797.74999999
2017-07-10,52973111.25000001
2017-07-11,52494977.25000001
2017-07-12,54169178.050000004
2017-07-13,53176500
2017-07-14,50386778.99999999
2017-07-15,44638944.75
2017-07-16,43445200.5
2017-07-17,50805868.7
2017-07-18,52464249.5
2017-07-19,51358137.65
2017-07-20,65328567.8
2017-07-21,60390551.24999999
2017-07-22,64204260.75
2017-07-23,62591013.00000001
2017-07-24,62786169.800000004
2017-07-25,58286130
2017-07-26,57409437.724999994
2017-07-27,60561897.74999999
2017-07-28,63323191.995000005
2017-07-29,61371722.985
2017-07-30,61912206.714999996
2017-07-31,64926883.32
2017-08-01,62098107.75
2017-08-02,61355227.5
2017-08-03,63355932.15
2017-08-04,64961624.900000006
2017-08-05,73740745.14999999
2017-08-06,73257171.69999999
2017-08-07,77258759.05
2017-08-08,77808946.05
2017-08-09,75980172.60000001
2017-08-10,78321620.3
2017-08-11,83095149.125
2017-08-12,88046335
2017-08-13,92284331.925
2017-08-14,98196436.50000001
2017-08-15,94544809.075
2017-08-16,99319402.275
2017-08-17,97278207.28500001
2017-08-18,93225943.02000001
2017-08-19,94491693.185
2017-08-20,92072926.21499999
2017-08-21,90955455
2017-08-22,93005022
2017-08-23,94202245.14999999
2017-08-24,98049094.155
2017-08-25,99113700
2017-08-26,98757254.39999999
2017-08-27,98661550.57499999
2017-08-28,99692747.64999999
2017-08-29,104569762.5
2017-08-30,104159860.35
2017-08-31,107817896.35
2017-09-01,112467812.69999999
2017-09-02,105694272.69999999
2017-09-03,105150116.5
2017-09-04,102245222.5
2017-09-05,100744303.53500001
2017-09-06,104902690.5
2017-09-07,105084490.5
2017-09-08,98858100
2017-09-09,98502665.36
2017-09-10,96616407.36
2017-09-11,95667558.4
2017-09-12,94638717.00000001
2017-09-13,87612147
2017-09-14,73865340
2017-09-15,84991954.5
2017-09-16,84684939.75
2017-09-17,84536318.25
2017-09-18,93172500
2017-09-19,88857249.75
2017-09-20,88002243.65
2017-09-21,82207005.75
2017-09-22,82242002.25
2017-09-23,86067074.25
2017-09-24,83378252.25
2017-09-25,89116198.30000001
2017-09-26,88308095.7
2017-09-27,95466000
2017-09-28,95204569.5
2017-09-29,94488382.69999999
2017-09-30,98625470
2017-10-01,99894031.30000001
2017-10-02,99835316.525
2017-10-03,97899072.75
2017-10-04,95782239
2017-10-05,98172909
2017-10-06,99148947.75
2017-10-07,100558125
2017-10-08,104614310.25
2017-10-09,108390408.525
2017-10-10,107967500
2017-10-11,109391757.81
2017-10-12,123596800
2017-10-13,127795456
2017-10-14,132210633.60000001
2017-10-15,129360864
2017-10-16,130736940.74999999
2017-10-17,127087289
2017-10-18,126648489.58
2017-10-19,129609367.22500001
2017-10-20,136063368.35
2017-10-21,136875781.91
2017-10-22,136425728.425
2017-10-23,134204763.765
2017-10-24,125535006.885
2017-10-25,130440818.25
2017-10-26,133886837.25
2017-10-27,131263800
2017-10-28,130628147.10000001
2017-10-29,139439627.1
2017-10-30,139079673.6
2017-10-31,146366177.1
2017-11-01,154081342.815
2017-11-02,159895545.75
2017-11-03,162848852.125
2017-11-04,168357541.875
2017-11-05,167890800
2017-11-06,158318098.4
2017-11-07,161870710.505
2017-11-08,169597371.6
2017-11-09,162530650
2017-11-10,149400771.87
2017-11-11,144155770.45
2017-11-12,133699610.72500001
2017-11-13,148413268.025
2017-11-14,150032575
2017-11-15,165654034
2017-11-16,178020854.82999998
2017-11-17,175220350.875
2017-11-18,176635339.625
2017-11-19,182422711.75
2017-11-20,187493987.1
2017-11-21,184155390
2017-11-22,187460625
2017-11-23,182528188.9
2017-11-24,186686102.25
2017-11-25,199877737.5
2017-11-26,213640224.75
2017-11-27,221945091.2
2017-11-28,225991535
2017-11-29,225745465.6
2017-11-30,224971402.5
2017-12-01,246881241
2017-12-02,248253076
2017-12-03,256424125
2017-12-04,264487183.70999998
2017-12-05,266182320.25
2017-12-06,320054350
2017-12-07,394987992.135
2017-12-08,371703434.815
2017-12-09,347697300.78999996
2017-12-10,347243772.105
2017-12-11,383475609.59999996
2017-12-12,402713080.62
2017-12-13,379079456.735
2017-12-14,380471252.7
2017-12-15,402889542.37499994
2017-12-16,446300852.12499994
2017-12-17,440145310.37500006
2017-12-18,432461592.645
2017-12-19,405179993.855
2017-12-20,374685614.125
2017-12-21,357961142
2017-12-22,322771781.695
2017-12-23,342426227.515
2017-12-24,323030034.19
2017-12-25,321859837.78
2017-12-26,358492453.2
2017-12-27,348994070.34
2017-12-28,328166952.105
2017-12-29,330772285.5
2017-12-30,291596172.9
2017-12-31,314831682.29999995
2018-01-01,306131027.1
2018-01-02,335688092.1
2018-01-03,342856112.19
2018-01-04,343945751.898
2018-01-05,385153347.09499997
2018-01-06,388309513.40500003
2018-01-07,367308449.09
2018-01-08,340545319.75
2018-01-09,328856042.405
2018-01-10,337867400.93
2018-01-11,302192772.45
2018-01-12,313845290
2018-01-13,322201250.52500004
2018-01-14,310126155.185
2018-01-15,308622105
2018-01-16,262760712.10500002
2018-01-17,254380227.125
2018-01-18,256788155.655
2018-01-19,261170810.375
2018-01-20,289875095
2018-01-21,261606436.125
2018-01-22,244522523.70000002
2018-01-23,245839799.87
2018-01-24,257918379.29500002
2018-01-25,252528693
2018-01-26,251788815.345
2018-01-27,257060149.5
2018-01-28,261988328
2018-01-29,252614680.11
2018-01-30,226986450
2018-01-31,229370772.9
2018-02-01,204708656.185
2018-02-02,199560185.44
2018-02-03,209835780
2018-02-04,185489152.145
2018-02-05,156799601.92499998
2018-02-06,174604926.6
2018-02-07,171996040.125
2018-02-08,186542651.9
2018-02-09,196853604.525
2018-02-10,194049391.725
2018-02-11,183277055.475
2018-02-12,201440681.26000002
2018-02-13,193510727.125
2018-02-14,215107693.35
2018-02-15,227784155.225
2018-02-16,230878279.17499998
2018-02-17,252541461.25
2018-02-18,235704758.3
2018-02-19,252961550
2018-02-20,254991261.15
2018-02-21,237494878.72500002
2018-02-22,223362175
2018-02-23,230702145.095
2018-02-24,220324063.11
2018-02-25,218263091.595
2018-02-26,234242600
2018-02-27,240394750.785
2018-02-28,234562543.39000002
2018-03-01,247887627.96
2018-03-02,250371000
2018-03-03,260215132.5
2018-03-04,261066393.9
2018-03-05,259026764.41000003
2018-03-06,243633650
2018-03-07,225774240
2018-03-08,211751609.29999998
2018-03-09,210653055
2018-03-10,200193009.84
2018-03-11,217000642.67999998
2018-03-12,207557520
2018-03-13,208172395.125
2018-03-14,186845348.495
2018-03-15,188059322.325
2018-03-16,188376237.5
2018-03-17,179043247.79000002
2018-03-18,186486784
2018-03-19,195545763
2018-03-20,202693050
2018-03-21,202502080.94
2018-03-22,198660476.55
2018-03-23,203564661.3
2018-03-24,194540146.02
2018-03-25,192753759
2018-03-26,185795595
2018-03-27,177815108.95499998
2018-03-28,181244927.68
2018-03-29,161491031.905
2018-03-30,156093539.94
2018-03-31,157928229
2018-04-01,155364131.94
2018-04-02,160573390.425
2018-04-03,169361969
2018-04-04,154955575.04000002
2018-04-05,154812381.9
2018-04-06,150929975.525
2018-04-07,157200663.025
2018-04-08,160073778.025
2018-04-09,154330980.525
2018-04-10,155558584.575
2018-04-11,158234213.595
2018-04-12,180393766
2018-04-13,179858173.935
2018-04-14,182362866.015
2018-04-15,190386904.125
2018-04-16,183334503.07500002
2018-04-17,179722847.25
2018-04-18,185654786.70000002
2018-04-19,188473446
2018-04-20,201902700.44
2018-04-21,203021944.24
2018-04-22,200279967.72
2018-04-23,203379097.95
2018-04-24,219720850
2018-04-25,201869498.62
2018-04-26,211098128.37
2018-04-27,203108466.92499998
2018-04-28,212383227.365
2018-04-29,213726729.135
2018-04-30,210421696.57
2018-05-01,206517073.41500002
2018-05-02,209184515.28
2018-05-03,221382156.75
2018-05-04,220512922.5
2018-05-05,223131300
2018-05-06,218577600
2018-05-07,213027778.125
2018-05-08,209001678.225
2018-05-09,211827922.16
2018-05-10,205169312.70000002
2018-05-11,191343824.1
2018-05-12,192975750
2018-05-13,197782497
2018-05-14,197394225
2018-05-15,193036002.92999998
2018-05-16,190013740
2018-05-17,183543725
2018-05-18,187718569.60500002
2018-05-19,187652263.8
2018-05-20,194060913.53
2018-05-21,191131218.96
2018-05-22,181875935.15
2018-05-23,170918870
2018-05-24,172751768.7
2018-05-25,169843934.7
2018-05-26,167085121.5
2018-05-27,167282992.8
2018-05-28,162164097.13
2018-05-29,170367750
2018-05-30,168670128.55
2018-05-31,170702910
2018-06-01,171303953.04
2018-06-02,174087466.74
2018-06-03,175682116.89
2018-06-04,170914194.99
2018-06-05,173789797.04500002
2018-06-06,174579930
2018-06-07,175231773.86
2018-06-08,173655992.19
2018-06-09,170865445.2
2018-06-10,154315675.83
2018-06-11,156993455.5
2018-06-12,149314129.365
2018-06-13,143771675
2018-06-14,151443872.37
2018-06-15,145822075.52
2018-06-16,147945560.64
2018-06-17,147098402.56
2018-06-18,153207180.72
2018-06-19,153950545.935
2018-06-20,154495116.75
2018-06-21,153710791.77
2018-06-22,138724429.35
2018-06-23,141436503.825
2018-06-24,140788646.075
2018-06-25,143018013.975
2018-06-26,139222154
2018-06-27,140656649.375
2018-06-28,134222451.25
2018-06-29,142396882.06
2018-06-30,146548467.61499998
2018-07-01,145774995.75
2018-07-02,151770333.555
2018-07-03,149859380.52
2018-07-04,151768721.33
2018-07-05,150528967.42499998
2018-07-06,152040900
2018-07-07,155571934.72
2018-07-08,154389931.905
2018-07-09,153532126.39000002
2018-07-10,145234096.15
2018-07-11,147252081.76
2018-07-12,144044238
2018-07-13,143291700.79
2018-07-14,144037631.15
2018-07-15,146344575.23
2018-07-16,155102434.905
2018-07-17,168618295.51
2018-07-18,170082030.005
2018-07-19,172198670.52
2018-07-20,169088640.84
2018-07-21,170784032
2018-07-22,170548881.20000002
2018-07-23,179299090.25
2018-07-24,194971260.5
2018-07-25,189388630.125
2018-07-26,183863528.2
2018-07-27,190139658.825
2018-07-28,191177919.25
2018-07-29,190886119.05
2018-07-30,190014007.57500002
2018-07-31,179914027.41
2018-08-01,177108333.085
2018-08-02,175408492.4
2018-08-03,172792548.48
2018-08-04,163258530
2018-08-05,163841413.06
2018-08-06,161707435
2018-08-07,156554680.66
2018-08-08,146281730
2018-08-09,152384989.875
2018-08-10,143060674.77
2018-08-11,145145130.12
2018-08-12,147017764.77
2018-08-13,145804316.05
2018-08-14,144436658.15
2018-08-15,146146295.625
2018-08-16,147242576.7
2018-08-17,153402404.06
2018-08-18,149003332.16
2018-08-19,151167111.82
2018-08-20,145659656.01999998
2018-08-21,150687484.41
2018-08-22,148028767.25
2018-08-23,151946713.51999998
2018-08-24,155914231.2
2018-08-25,157001059.8
2018-08-26,156359308.95
2018-08-27,161005798.6
2018-08-28,164729784.465
2018-08-29,163827000.9
2018-08-30,162724849
2018-08-31,163477793.04
2018-09-01,167580928.32
2018-09-02,170002680
2018-09-03,169116661.92
2018-09-04,171583680
2018-09-05,155923099.44
2018-09-06,151427677.5
2018-09-07,149022918.03
2018-09-08,144198964
2018-09-09,145294438.03
2018-09-10,146808900
2018-09-11,146291852.315
2018-09-12,147275606
2018-09-13,150974389.23
2018-09-14,150604712.94
2018-09-15,151549531.98000002
2018-09-16,151068753
2018-09-17,145588179.04999998
2018-09-18,147504599.54999998
2018-09-19,148863604.04999998
2018-09-20,151435557.975
2018-09-21,157501125
2018-09-22,156505484.555
2018-09-23,156264216.165
2018-09-24,153612816.42000002
2018-09-25,150272415.495
2018-09-26,150729977.51
2018-09-27,155961533.475
2018-09-28,154428283.275
2018-09-29,153518277.5
2018-09-30,154078137.5
2018-10-01,153350696.73
2018-10-02,151592825.65
2018-10-03,150933305.275
2018-10-04,152886231.225
2018-10-05,153846511.10999998
2018-10-06,152878020.54500002
2018-10-07,153287955
2018-10-08,154314954.67499998
2018-10-09,153907189.61999997
2018-10-10,152355000.56
2018-10-11,143687392.73999998
2018-10-12,144462187.455
2018-10-13,144648718
2018-10-14,144356665.795
2018-10-15,150271099.65
2018-10-16,150702490.29
2018-10-17,150418510.95
2018-10-18,149306328.6
2018-10-19,149052390.98499998
2018-10-20,149776521
2018-10-21,149820421.82
2018-10-22,149609016.025
2018-10-23,149316926.29000002
2018-10-24,149806717.01999998
2018-10-25,149339990.79
2018-10-26,149592143.72
2018-10-27,149691406.72
2018-10-28,149562948.72
2018-10-29,146282903
2018-10-30,146311554.72
2018-10-31,147174234.19
2018-11-01,148107024
2018-11-02,148150358.70000002
2018-11-03,147734124.74
2018-11-04,149864757.32
2018-11-05,149293250
2018-11-06,150417711
2018-11-07,151695028.68
2018-11-08,149387110.56
2018-11-09,147571262.55
2018-11-10,147863148.9
2018-11-11,148100292
2018-11-12,147455190.675
2018-11-13,145898956.06
2018-11-14,130705313.55
2018-11-15,130053031.68
2018-11-16,128473777.67999999
2018-11-17,128285690.19
2018-11-18,129586920
2018-11-19,110344985.25
2018-11-20,101497980.50999999
2018-11-21,106141953.83
2018-11-22,99585492.6
2018-11-23,100080277.5
2018-11-24,88193203.875
2018-11-25,91970920.125
2018-11-26,87092740.12
2018-11-27,88136812.5
2018-11-28,98595300.08
2018-11-29,99097344
2018-11-30,92710380
2018-12-01,96581318.17500001
2018-12-02,95676132.82499999
2018-12-03,89323684.47
2018-12-04,90850442.56
2018-12-05,86106994.925
2018-12-06,80108255.58
2018-12-07,78796483.125
2018-12-08,79285812.5
2018-12-09,82320633.75
2018-12-10,79476955.9
2018-12-11,78046786.72
2018-12-12,79933167.6
2018-12-13,76033687.5
2018-12-14,74421694.48
2018-12-15,74125704
2018-12-16,74405160
2018-12-17,81542345.58
2018-12-18,85528728.63
2018-12-19,85831943.08
2018-12-20,94965610.35000001
2018-12-21,89386753.51
2018-12-22,92679040.41
2018-12-23,91851777.655
2018-12-24,93907486
2018-12-25,87992730
2018-12-26,88627333.5
2018-12-27,83402119.425
2018-12-28,90183551.7
2018-12-29,86501345.45
2018-12-30,88813655
2018-12-31,85632692.7
2019-01-01,88746389.5
2019-01-02,90295508.925
2019-01-03,87881092.925
2019-01-04,88625979.75
2019-01-05,88124185.38
2019-01-06,93746927.00999999
2019-01-07,92935425.99000001
2019-01-08,92651561.21000001
2019-01-09,92889577.82
2019-01-10,84115105.64
2019-01-11,84344372.31
2019-01-12,83966692.59
2019-01-13,81526853.75999999
2019-01-14,85007375.905
2019-01-15,83087955.04
2019-01-16,83741662.29
2019-01-17,84457619.025
2019-01-18,83700316.075
2019-01-19,85435638.675
2019-01-20,82037839.905
2019-01-21,81931534.36
2019-01-22,82981730.455
2019-01-23,82422725.98
2019-01-24,82789397.08999999
2019-01-25,82622752.065
2019-01-26,82481265.61500001
2019-01-27,81900243.39
2019-01-28,79557690.25
2019-01-29,78809951.74
2019-01-30,79764910.2
2019-01-31,79143388.5
2019-02-01,79775781.25
2019-02-02,80493589.225
2019-02-03,79248506.85000001
2019-02-04,79127595.775
2019-02-05,79564593
2019-02-06,78148007.2
2019-02-07,77953992.5
2019-02-08,84057332.925
2019-02-09,84097713.975
2019-02-10,84680454.3
2019-02-11,83341231.5
2019-02-12,83275284.53999999
2019-02-13,82970034.3
2019-02-14,82633923
2019-02-15,82750237.885
2019-02-16,83116357.55499999
2019-02-17,84107293.62
2019-02-18,89714400
2019-02-19,90199887.995
2019-02-20,91380629.00999999
2019-02-21,90471695.665
2019-02-22,91494284.2
2019-02-23,95393100
2019-02-24,86671246.19999999
2019-02-25,88660847.42999999
2019-02-26,88151735.48
2019-02-27,88156012.045
2019-02-28,87977648
2019-03-01,88314562.51
2019-03-02,88396469.1
2019-03-03,87868136.78999999
2019-03-04,85858554.36
2019-03-05,89190643.41
2019-03-06,89365773.945
2019-03-07,89475845.9
2019-03-08,89158462.44
2019-03-09,90872441.5
2019-03-10,90499625.535
2019-03-11,89306801.47999999
2019-03-12,89546210
2019-03-13,89341738.49
2019-03-14,89407786.05
2019-03-15,90541057.2
2019-03-16,92564010
2019-03-17,92030664.99000001
2019-03-18,92131482
2019-03-19,92855727.64999999
2019-03-20,93579238.5
2019-03-21,92170018.38000001
2019-03-22,92429671.67
2019-03-23,92421551.145
2019-03-24,92098818.28
2019-03-25,90652742.235
2019-03-26,90971757.825
2019-03-27,93409456.205
2019-03-28,93063155.17
2019-03-29,94927796.04
2019-03-30,95000424.56
2019-03-31,95020147.96
2019-04-01,95984605.5
2019-04-02,113717423.105
2019-04-03,115442504
2019-04-04,113825661.50999999
2019-04-05,116943312
2019-04-06,117141904
2019-04-07,120519128
2019-04-08,122621885.23
2019-04-09,120335491.185
2019-04-10,123393715.28999999
2019-04-11,116940515.45
2019-04-12,117811468.90499999
2019-04-13,117533770.89
2019-04-14,119808481.86500001
2019-04-15,116693253.005
2019-04-16,120704678.55
2019-04-17,121258559.5
2019-04-18,122525849.71499999
2019-04-19,122802481.49999999
2019-04-20,123487946.62500001
2019-04-21,122971468.50000001
2019-04-22,125094684.4
2019-04-23,128456623.125
2019-04-24,126341871.35
2019-04-25,119230288.2
2019-04-26,120164987.9
2019-04-27,120423274.00000001
2019-04-28,120059950
2019-04-29,119902742.5
2019-04-30,122754370.1
2019-05-01,123929583.49999999
2019-05-02,125425532.7
2019-05-03,131548693.49999999
2019-05-04,134167157.525
2019-05-05,132908034.64999999
2019-05-06,132422843.85
2019-05-07,133910142.75
2019-05-08,138999470.67499998
2019-05-09,143982306
2019-05-10,148096461.15
2019-05-11,168567782.625
2019-05-12,162959946.6
2019-05-13,182547791.97
2019-05-14,186827709.6
2019-05-15,191342439
2019-05-16,183658557.6
2019-05-17,172251436.48
2019-05-18,169882060.79999998
2019-05-19,191814400
2019-05-20,187249232.55
2019-05-21,186002190.54999998
2019-05-22,178268970
2019-05-23,184351630.22
2019-05-24,187000243.2
2019-05-25,188696719.9
2019-05-26,204897101.70000002
2019-05-27,205422651
2019-05-28,203211981
2019-05-29,202716323.5
2019-05-30,193767009.4
2019-05-31,200181089.25
2019-06-01,200364409.125
2019-06-02,204652642.625
2019-06-03,187507151.445
2019-06-04,179905284
2019-06-05,181846663.82999998
2019-06-06,182827746.45
2019-06-07,186984809.32
2019-06-08,185732421.44
2019-06-09,178367360.64000002
2019-06-10,187997827.45
2019-06-11,184810788
2019-06-12,190501313.20000002
2019-06-13,192529920
2019-06-14,202874023.29999998
2019-06-15,206779135.55
2019-06-16,209943828.25000003
2019-06-17,218240074.49999997
2019-06-18,212124006.64
2019-06-19,216470152.835
2019-06-20,222342580
2019-06-21,236996245.2
2019-06-22,248231806.99999997
2019-06-23,251730663.70000002
2019-06-24,257133338.73000002
2019-06-25,273436656.03
2019-06-26,300693228.6
2019-06-27,259435331
2019-06-28,287064697.65
2019-06-29,277649477.65
2019-06-30,251198535.7
2019-07-01,245872621.20000002
2019-07-02,252967632.4
2019-07-03,279525682.5
2019-07-04,258794587.50000003
2019-07-05,256509699.875
2019-07-06,259976502.49999997
2019-07-07,266740938.75
2019-07-08,285892663.41499996
2019-07-09,291756255.79999995
2019-07-10,280570278.59999996
2019-07-11,262743949.87500003
2019-07-12,274097227.95
2019-07-13,264724960.5
2019-07-14,236467303.8
2019-07-15,251865275.33999997
2019-07-16,218924636
2019-07-17,225262631.37499997
2019-07-18,247349068
2019-07-19,245210285.88000003
2019-07-20,250019625.24
2019-07-21,247197904.38000003
2019-07-22,239191303.67999998
2019-07-23,228228339.9
2019-07-24,226326280.4
2019-07-25,229330350.7
2019-07-26,228446654.54
2019-07-27,219787836.58
2019-07-28,221662861.55
2019-07-29,220572057.2
2019-07-30,222303900
2019-07-31,234625017.5
2019-08-01,241732054.2
2019-08-02,244577885.4
2019-08-03,251257815
2019-08-04,255369380.4
2019-08-05,273995732.65999997
2019-08-06,266039060.4
2019-08-07,278926542.56
2019-08-08,279115495.25
2019-08-09,275884245
2019-08-10,261841043.1
2019-08-11,267598899.75000003
2019-08-12,264170134.92999998
2019-08-13,251920017.27
2019-08-14,234494414.70000002
2019-08-15,238610800.64
2019-08-16,240681281.96
2019-08-17,237188804.44000003
2019-08-18,239293436.48000002
2019-08-19,253773158.02
2019-08-20,249930051.96
2019-08-21,235211006.625
2019-08-22,234112692.45
2019-08-23,241617816.99
2019-08-24,235609044
2019-08-25,235435051.5
2019-08-26,240660626.25
2019-08-27,235922286.6
2019-08-28,225353643.85
2019-08-29,220980000
2019-08-30,222135791.6
2019-08-31,222445324.70000002
2019-09-01,226518873.04
2019-09-02,241251489.29999998
2019-09-03,246569643.54
2019-09-04,245582251.165
2019-09-05,245307202.595
2019-09-06,239385841.2
2019-09-07,243238499.13000003
2019-09-08,241157548.83
2019-09-09,239202542.01
2019-09-10,234083186.995
2019-09-11,235932168
2019-09-12,242221086.925
2019-09-13,240938176.325
2019-09-14,240434341.50000003
2019-09-15,239191579.875
2019-09-16,238430570.63000003
2019-09-17,236565154.20999998
2019-09-18,235718817.49
2019-09-19,239198267.28
2019-09-20,235958650.20000002
2019-09-21,231641359.95
2019-09-22,232862175
2019-09-23,224695299.67
2019-09-24,198551958.15
2019-09-25,196002656.85
2019-09-26,187069663
2019-09-27,190141305.89999998
2019-09-28,190935845.1
2019-09-29,187103307.3
2019-09-30,192687553.14
2019-10-01,193116061.145
2019-10-02,194829180
2019-10-03,191209361.875
2019-10-04,189313431.71
2019-10-05,189157520.99
2019-10-06,182421806.67
2019-10-07,190824048.82
2019-10-08,189936229.36499998
2019-10-09,199743600
2019-10-10,199273621.01
2019-10-11,191757766.2
2019-10-12,192696640.5
2019-10-13,192137632.05
2019-10-14,194063415
2019-10-15,189243498.78
2019-10-16,185461579
2019-10-17,187442939
2019-10-18,184568328.64
2019-10-19,184826125.08
2019-10-20,191095149.76000002
2019-10-21,190639865.35
2019-10-22,185806548.1
2019-10-23,173431921.23
2019-10-24,172621285.16
2019-10-25,201956872.425
2019-10-26,215330104.63500002
2019-10-27,222042241.29
2019-10-28,213967915.92
2019-10-29,218833757.81
2019-10-30,212887039.77
2019-10-31,212232040.25
2019-11-01,215036136
2019-11-02,216242640
2019-11-03,213806662.02
2019-11-04,218404800
2019-11-05,216103110.505
2019-11-06,216755480.44500002
2019-11-07,213359073.64499998
2019-11-08,203192849.31
2019-11-09,204113617.61999997
2019-11-10,209645187.18
2019-11-11,202335593.22
2019-11-12,204704268.17499998
2019-11-13,203375300.41500002
2019-11-14,200224862.01
2019-11-15,196314300
2019-11-16,196964040
2019-11-17,197242732.05
2019-11-18,189377900.38
2019-11-19,188474137.04
2019-11-20,187520630.52
2019-11-21,176717138.20000002
2019-11-22,169248454.2
2019-11-23,170233588.32
2019-11-24,160197375
2019-11-25,165296437.5
2019-11-26,165928027.5
2019-11-27,174932928.5
2019-11-28,171993879.57500002
2019-11-29,179674902.2
2019-11-30,175048406
2019-12-01,171852811.20000002
2019-12-02,169538183.385
2019-12-03,169055616
2019-12-04,166507620.825
2019-12-05,171182560
2019-12-06,175239514.9
2019-12-07,173882240.5
2019-12-08,174294800
2019-12-09,169909426.33499998
2019-12-10,167194752.98999998
2019-12-11,168612977.505
2019-12-12,166689382.29999998
2019-12-13,167994119.5
2019-12-14,163598011.70000002
2019-12-15,164790314
2019-12-16,159392594.6
2019-12-17,153399755.74
2019-12-18,169381546.88
2019-12-19,165757948.29999998
2019-12-20,166632427.12
2019-12-21,165546399.76
2019-12-22,174978800
2019-12-23,169595162.41
2019-12-24,168265636.925
2019-12-25,166731368.24
2019-12-26,166744125
2019-12-27,167935594.20000002
2019-12-28,169241336.4
2019-12-29,170975297.16
2019-12-30,166633447.5
2019-12-31,165868986.725
2020-01-01,166246930.2
2020-01-02,160908936.69
2020-01-03,169979132.88
2020-01-04,170395302
2020-01-05,170283844.67999998
2020-01-06,180165945.95999998
2020-01-07,189346761.2
2020-01-08,186221014.08
2020-01-09,181076537.72
2020-01-10,189678018.53
2020-01-11,185482981.53
2020-01-12,189881280.82
2020-01-13,187932333.88
2020-01-14,202956403.68
2020-01-15,204678355.5
2020-01-16,202227141.83999997
2020-01-17,205688020.94
2020-01-18,206271774
2020-01-19,201855041.34
2020-01-20,200042133.9
2020-01-21,202282830
2020-01-22,200772382.5
2020-01-23,194322410.415
2020-01-24,195210535.67999998
2020-01-25,192408758.82000002
2020-01-26,200029072.86
2020-01-27,206292522.42
2020-01-28,218211427.61999997
2020-01-29,214790535
2020-01-30,220090360.63000003
2020-01-31,216978991.44000003
2020-02-01,217717018.38
2020-02-02,216300415.38
2020-02-03,215906065.4
2020-02-04,212845166.79999998
2020-02-05,223465900.24
2020-02-06,226785123.11999997
2020-02-07,227794197.85
2020-02-08,230260327.725
2020-02-09,236386273.325
2020-02-10,229230451.75
2020-02-11,238932667.575
2020-02-12,240549952.55
2020-02-13,237967606.79999998
2020-02-14,241293480
2020-02-15,230166549.64000002
2020-02-16,230485019.84000003
2020-02-17,225603742.525
2020-02-18,236886362.685
2020-02-19,222792291.12000003
2020-02-20,223313536.87499997
2020-02-21,225392451.935
2020-02-22,224724201.31
2020-02-23,231601952.96
2020-02-24,224768357.88
2020-02-25,216443803.71
2020-02-26,203963248.41
2020-02-27,204913565.46499997
2020-02-28,202502551.56
2020-02-29,198758891.28
2020-03-01,197323062.29999998
2020-03-02,207391528.32000002
2020-03-03,203622967.73
2020-03-04,203409355
2020-03-05,210155761.5
2020-03-06,212649858.35
2020-03-07,206214418.6
2020-03-08,187238110
2020-03-09,184114152.70499998
2020-03-10,182781456.75
2020-03-11,184392002.97
2020-03-12,115518570
2020-03-13,129813784.47000001
2020-03-14,120293792.82
2020-03-15,123647782.32
2020-03-16,117853369.2
2020-03-17,124602173.03000002
2020-03-18,126350088.93
2020-03-19,145560205.98
2020-03-20,145813284
2020-03-21,144718171.20000002
2020-03-22,135873047.39999998
2020-03-23,155005682.1
2020-03-24,159031878.375
2020-03-25,159400552.15
2020-03-26,160060947
2020-03-27,149305066.35
2020-03-28,148108586.72500002
2020-03-29,139314874.875
2020-03-30,151341789.55
2020-03-31,151969018.41
2020-04-01,158544007.05
2020-04-02,160206274.8
2020-04-03,158545084.35
2020-04-04,162518379
2020-04-05,159764808.75
2020-04-06,171655641.5
2020-04-07,168983423.9
2020-04-08,173053112.25
2020-04-09,171344973.41
2020-04-10,161543906.25
2020-04-11,161517890.625
2020-04-12,160803984.375
2020-04-13,161008143
2020-04-14,161165911.28
2020-04-15,154175696.3
2020-04-16,167041150.5
2020-04-17,165268528.5
2020-04-18,170335590.25
2020-04-19,166910386.75
2020-04-20,160230599.07
2020-04-21,160590545
2020-04-22,167740885.2
2020-04-23,175653203.16
2020-04-24,176669186.4
2020-04-25,177164071.89999998
2020-04-26,182573722.9
2020-04-27,182327374.5
2020-04-28,182270573.55
2020-04-29,205919823.9
2020-04-30,202714736.7
2020-05-01,206500863.1
2020-05-02,210673568
2020-05-03,208931153.26999998
2020-05-04,208676199.34000003
2020-05-05,211680775.18
2020-05-06,213918155.88
2020-05-07,234452111.89999998
2020-05-08,228880892.05499998
2020-05-09,223379463.435
2020-05-10,205120387.36499998
2020-05-11,199596376.56500003
2020-05-12,205561281.89999998
2020-05-13,217968524.4
2020-05-14,229430767.49999997
2020-05-15,217953036.85
2020-05-16,218468770.45000002
2020-05-17,226575457.975
2020-05-18,227168254.795
2020-05-19,227965103
2020-05-20,221036619.6
2020-05-21,210408115.8
2020-05-22,213456475.48499998
2020-05-23,213288702.39000002
2020-05-24,201831265.98
2020-05-25,207308288.07
2020-05-26,206223701.49
2020-05-27,214603800
2020-05-28,223629613.2
2020-05-29,219471673.90500003
2020-05-30,225472014.9
2020-05-31,219679577.7
2020-06-01,237591020.7
2020-06-02,221154198.275
2020-06-03,225005649.54
2020-06-04,227991895.83499998
2020-06-05,222573777.00000003
2020-06-06,224816273.60000002
2020-06-07,227110640
2020-06-08,228712859.55
2020-06-09,226936859.5
2020-06-10,229660976
2020-06-11,214954608.55
2020-06-12,219695331.39000002
2020-06-13,219936684.19
2020-06-14,216189681.96999997
2020-06-15,219156073.67499998
2020-06-16,221350381.99999997
2020-06-17,219460644.675
2020-06-18,217462865.95
2020-06-19,215610238.8
2020-06-20,217381228.2
2020-06-21,215474169.6
2020-06-22,225182373.375
2020-06-23,223405500.35999998
2020-06-24,215437540.5
2020-06-25,214284983.56
2020-06-26,212548233.42
2020-06-27,208927781.64
2020-06-28,211743740.16
2020-06-29,213236955.52499998
2020-06-30,211853916.08499998
2020-07-01,214383844.36
2020-07-02,210881393.62000003
2020-07-03,209970210.04999998
2020-07-04,212015842.22
2020-07-05,210862752.52
2020-07-06,216518537.22500002
2020-07-07,214914592
2020-07-08,218811635.89000002
2020-07-09,214013294.04
2020-07-10,215540646.96
2020-07-11,214076535
2020-07-12,215902502.37
2020-07-13,213954645.2
2020-07-14,214626837.88
2020-07-15,213165519.84
2020-07-16,211700148.35
2020-07-17,212152298.79999998
2020-07-18,212777323.20000002
2020-07-19,213869898.32
2020-07-20,212437443.57
2020-07-21,217828441.975
2020-07-22,221331197.35
2020-07-23,222816931.04999998
2020-07-24,221448043.79999998
2020-07-25,225055083.60000002
2020-07-26,230515364.4
2020-07-27,257510301.86
2020-07-28,253887063
2020-07-29,257307040.2
2020-07-30,258189701.425
2020-07-31,263620576.8
2020-08-01,273658907.59999996
2020-08-02,256139695.4
2020-08-03,260409410.60000002
2020-08-04,259531374.06000003
2020-08-05,272018648.25
2020-08-06,272679651.88
2020-08-07,268782700.08
2020-08-08,272981184.21999997
2020-08-09,270956327.48
2020-08-10,275634722.3
2020-08-11,263882569.74
2020-08-12,267976233
2020-08-13,274032318.26
2020-08-14,273112310.46000004
2020-08-15,274710852.98
2020-08-16,276326776
2020-08-17,285621867.40000004
2020-08-18,277706092.48
2020-08-19,272637475.2
2020-08-20,274756505.76
2020-08-21,267122466
2020-08-22,270586201.5
2020-08-23,269989445.25
2020-08-24,272615754.18
2020-08-25,262397006.20000002
2020-08-26,265574271.74
2020-08-27,262833251.01999998
2020-08-28,267427960
2020-08-29,265772409.44
2020-08-30,271714918.26
2020-08-31,270346261.82
2020-09-01,276042662.76
2020-09-02,263954640.88000003
2020-09-03,236973152.68
2020-09-04,237014055.95999998
2020-09-05,235325538.66
2020-09-06,237695025.60000002
2020-09-07,240774383.9
2020-09-08,234615514.95999998
2020-09-09,237196125
2020-09-10,239741526.37500003
2020-09-11,241009368.26
2020-09-12,242029487.74
2020-09-13,239532952.72000003
2020-09-14,247493472.75
2020-09-15,250053614.99999997
2020-09-16,253877441.64
2020-09-17,253661221.1
2020-09-18,253530774.00000003
2020-09-19,256615396.1
2020-09-20,252821540.3
2020-09-21,241650351.3
2020-09-22,244030864.77
2020-09-23,237185100.35000002
2020-09-24,249019344
2020-09-25,247988320.29999998
2020-09-26,248844763.92999998
2020-09-27,250281446.38
2020-09-28,247671259.88
2020-09-29,251516421
2020-09-30,249966286.44
2020-10-01,245761264.32
2020-10-02,245312542.72
2020-10-03,244553965.10999998
2020-10-04,247270790.76000002
2020-10-05,250592400
2020-10-06,245837250.75
2020-10-07,247625892.14999998
2020-10-08,253401331.60999998
2020-10-09,256354573.99999997
2020-10-10,262016520.79999998
2020-10-11,263567031.00000003
2020-10-12,267354289.74
2020-10-13,265014161.72
2020-10-14,264817712.25000003
2020-10-15,266669322.5
2020-10-16,262557222.75
2020-10-17,263406122.99999997
2020-10-18,266896278
2020-10-19,272655960.75
2020-10-20,276232023.86
2020-10-21,297508547.49
2020-10-22,300755415.52
2020-10-23,299967663.28000003
2020-10-24,304089283.12
2020-10-25,302454216.32
2020-10-26,302965616.25
2020-10-27,317455321.5
2020-10-28,307777280
2020-10-29,311868200
2020-10-30,314853244.59999996
2020-10-31,318609563.6
2020-11-01,319525173.6
2020-11-02,314602975.61
2020-11-03,325636473.84
2020-11-04,328172160
2020-11-05,362378205
2020-11-06,361460544.08
2020-11-07,343343633.12
2020-11-08,358947106.88
2020-11-09,355297352.90000004
2020-11-10,355132018.25
2020-11-11,364399296.75
2020-11-12,378209511
2020-11-13,378669998.25
2020-11-14,372962227.5
2020-11-15,369563382
2020-11-16,387360391.50000006
2020-11-17,409079426.70000005
2020-11-18,412313311.2
2020-11-19,412635701.44
2020-11-20,433457715.12
2020-11-21,433626204.64
2020-11-22,428234076.48
2020-11-23,426253074.16999996
2020-11-24,444153555.57
2020-11-25,433234434.00000006
2020-11-26,397795372
2020-11-27,397355888.40000004
2020-11-28,410355828
2020-11-29,422404123.2
2020-11-30,456482780
2020-12-01,433977522.15
2020-12-02,445131713.69
2020-12-03,449320368.75
2020-12-04,432353361.59999996
2020-12-05,443097246.59999996
2020-12-06,448654460.40000004
2020-12-07,444105005.76000005
2020-12-08,423514385.28
2020-12-09,429024631.28
2020-12-10,422937110.4
2020-12-11,417417381.91999996
2020-12-12,435416054.08000004
2020-12-13,442508949.12
2020-12-14,446064232.18
2020-12-15,449831688.84
2020-12-16,494540953.38
2020-12-17,527837460.8
2020-12-18,535765968.23999995
2020-12-19,550695978.84
2020-12-20,542296648.32
2020-12-21,526610251.2
2020-12-22,551347448.73
2020-12-23,536536664.09999996
2020-12-24,548987731.25
2020-12-25,572153394.5999999
2020-12-26,613386783
2020-12-27,608782987.8000001
2020-12-28,625395737.5
2020-12-29,633669492
2020-12-30,668041121.28
2020-12-31,669942467.6
2021-01-01,678346357.2
2021-01-02,744208368.4
2021-01-03,764735028
2021-01-04,741177041.7
2021-01-05,787748788.4000001
2021-01-06,853863812.9
2021-01-07,913274694.42
2021-01-08,938018563.52
2021-01-09,930627755.8000001
2021-01-10,882090433.3199999
2021-01-11,817682845.5
2021-01-12,783481837.95
2021-01-13,865376502.2400001
2021-01-14,903442711.6800001
2021-01-15,850369415.35
2021-01-16,827329325.5500001
2021-01-17,828751974.75
2021-01-18,848154161.9300001
2021-01-19,822941129.0699999
2021-01-20,820681191.6800001
2021-01-21,706725815.5999999
2021-01-22,758668715.7
2021-01-23,738732083.1
2021-01-24,744007730.6999999
2021-01-25,737435740
2021-01-26,751583867.58
2021-01-27,704805472.14
2021-01-28,772126003.2
2021-01-29,791241066.72
2021-01-30,788915754
2021-01-31,762337722.3199999
2021-02-01,771030392
2021-02-02,817713408.89
2021-02-03,869451818.2
2021-02-04,853186073.0500001
2021-02-05,882667780
2021-02-06,896896959.9999999
2021-02-07,894441020
2021-02-08,1072111886.8000001
2021-02-09,1072161074.4000001
2021-02-10,1032856542.9
2021-02-11,1107264210
2021-02-12,1093531381.8
2021-02-13,1087780032.3000002
2021-02-14,1120662012.6000001
2021-02-15,1102452128.7
2021-02-16,1133408862.3000002
2021-02-17,1202729018.3999999
2021-02-18,1188590342.4
2021-02-19,1289687261.18
2021-02-20,1288088430.9
2021-02-21,1324420502.46
2021-02-22,1246080196.6000001
2021-02-23,1127582832.75
2021-02-24,1146165569.8
2021-02-25,1080510983.25
2021-02-26,1066979312.55
2021-02-27,1058081483.4
2021-02-28,1043782954.35
2021-03-01,1142993413.8
2021-03-02,1113533160.84
2021-03-03,1154790703.3999999
2021-03-04,1112448190.41
2021-03-05,1126500036.97
2021-03-06,1128314116.05
2021-03-07,1171420145.22
2021-03-08,1208181384.75
2021-03-09,1268299769.3999999
2021-03-10,1291978616.04
2021-03-11,1334906922.02
2021-03-12,1318167088.95
2021-03-13,1409357222.1000001
2021-03-14,1364694153.9
2021-03-15,1279384215.39
2021-03-16,1318594334.6399999
2021-03-17,1364753245.3500001
2021-03-18,1327678139.9
2021-03-19,1338263764.17
2021-03-20,1339410953.73
2021-03-21,1324437038.19
2021-03-22,1251416325.96
2021-03-23,1251981446.7
2021-03-24,1206960522
2021-03-25,1186199040.8
2021-03-26,1276870915.24
2021-03-27,1291138443.1200001
2021-03-28,1288585583.56
2021-03-29,1329540710.4
2021-03-30,1356516000
2021-03-31,1357621320.54
