date,BITCOIN,E1VFVN30,TCBF
2015-09-09,5367100,9300,10000
2015-09-10,5377314.140000001,9300,10030
2015-09-11,5430970.05,9200,10000
2015-09-12,5331774.25,9200,10000
2015-09-13,5203721.49,9200,10000
2015-09-14,5194721.87,9300,10000
2015-09-15,5195648.6,9100,10000
2015-09-16,5173175.005,9100,9994
2015-09-17,5252133.39,9200,9994
2015-09-18,5262270.91,9300,9994
2015-09-19,5242012.36,9300,9994
2015-09-20,5227606.28,9300,9994
2015-09-21,5116861.755,9400,9994
2015-09-22,5208425.6,9400,9994
2015-09-23,5186491.37,9400,9989
2015-09-24,5291222.3,9300,9989
2015-09-25,5312006.91,9300,9989
2015-09-26,5284984.11,9300,9989
2015-09-27,5259988.0200000005,9300,9989
2015-09-28,5405534.76,9300,9989
2015-09-29,5334170.574999999,9200,9989
2015-09-30,5340155.66,9500,10064
2015-10-01,5367178.46,9300,10086
2015-10-02,5355938.7,9300,10086
2015-10-03,5392801.8,9300,10086
2015-10-04,5391677.925,9300,10086
2015-10-05,5415833.149999999,9300,10086
2015-10-06,5554086.16,9400,10086
2015-10-07,5494636,9400,10080
2015-10-08,5397155.04,9600,10080
2015-10-09,5433977.475,9600,10080
2015-10-10,5472227.695,9600,10080
2015-10-11,5537831.2700000005,9600,10080
2015-10-12,5508048.449999999,9700,10080
2015-10-13,5624685.9,9600,10080
2015-10-14,5671981.65,9500,10152
2015-10-15,5710501.05,9500,10152
2015-10-16,5869483.83,9600,10152
2015-10-17,6079816.47,9600,10152
2015-10-18,5904465,9600,10152
2015-10-19,5938482.15,9700,10152
2015-10-20,6072180.3,9600,10152
2015-10-21,6019104.149999999,9700,10064
2015-10-22,6147094.399999999,9700,10064
2015-10-23,6242830.2,9800,10064
2015-10-24,6366674.550000001,9800,10064
2015-10-25,6381903.15,9800,10064
2015-10-26,6413814.000000001,9800,10064
2015-10-27,6601562.5200000005,9700,10064
2015-10-28,6790633.789999999,9700,10011
2015-10-29,7059804.84,9800,10011
2015-10-30,7350836.405,9800,10011
2015-10-31,7032332.175000001,9800,10011
2015-11-01,7358653.829999999,9800,10037
2015-11-02,8158791.399999999,9700,10037
2015-11-03,9032039.1,9900,10037
2015-11-04,9163910,9900,10023
2015-11-05,8654724.315,9900,10023
2015-11-06,8366148.76,9900,10023
2015-11-07,8605890.84,9900,10023
2015-11-08,8360334.119999999,9900,10023
2015-11-09,8511909.075,9900,10023
2015-11-10,7553621.699999999,9900,10023
2015-11-11,7012548,9800,10056
2015-11-12,7538217.225000001,9700,10056
2015-11-13,7578684.225,9800,10056
2015-11-14,7503361.425,9800,10056
2015-11-15,7239283.275,9800,10056
2015-11-16,7471716.05,9900,10056
2015-11-17,7563453.975000001,9800,10056
2015-11-18,7536782.850000001,9800,10090
2015-11-19,7335248.725000001,9700,10090
2015-11-20,7244909.274999999,9700,10090
2015-11-21,7348507.5,9700,10090
2015-11-22,7274572.975,9700,10090
2015-11-23,7263462.5,9700,10090
2015-11-24,7224105,9500,10090
2015-11-25,7403694.9,9700,9997
2015-11-26,7929299.3,9700,9997
2015-11-27,8053902.15,9400,9997
2015-11-28,8032541.4,9400,9997
2015-11-29,8369816.4,9400,9997
2015-11-30,8481234.3,9400,9997
2015-12-01,8156673.2,9400,10038
2015-12-02,8099100,9300,10038
2015-12-03,8135302.875,9400,10038
2015-12-04,8182270.4,9300,10038
2015-12-05,8722015.200000001,9300,10038
2015-12-06,8712124,9300,10038
2015-12-07,8875504.05,9300,10038
2015-12-08,9413581.8,9300,10038
2015-12-09,9405407.2,9300,10046
2015-12-10,9344486.4,9300,10046
2015-12-11,10191375,9200,10046
2015-12-12,9829575,9200,10046
2015-12-13,9761175,9200,10046
2015-12-14,10000215.225,9200,10046
2015-12-15,10463949.395,9400,10046
2015-12-16,10228852.040000001,9400,10053
2015-12-17,10260137.5,9400,10053
2015-12-18,10432209.495000001,9400,10053
2015-12-19,10389865.315000001,9400,10053
2015-12-20,9960342.17,9400,10053
2015-12-21,9848318.26,9300,10053
2015-12-22,9783377.280000001,9300,10053
2015-12-23,9968832.76,9200,10077
2015-12-24,10268733.68,9200,10077
2015-12-25,10276229.04,9300,10077
2015-12-26,9454969.335,9300,10077
2015-12-27,9574675.32,9300,10077
2015-12-28,9507152.08,9300,10077
2015-12-29,9753847.2,9500,10077
2015-12-30,9605337.75,9600,10117
2015-12-31,9676419.75,9600,10117
2016-01-01,9795815.100000001,9600,10118
2016-01-02,9789969,9600,10118
2016-01-03,9711496.350000001,9600,10118
2016-01-04,9755117.25,9400,10118
2016-01-05,9743649.899999999,9400,10118
2016-01-06,9680571.725,9300,10203
2016-01-07,10317598.25,9300,10203
2016-01-08,10208994.6,9100,10203
2016-01-09,10117786.7,9100,10203
2016-01-10,10109025.35,9100,10203
2016-01-11,10085663.07,9200,10203
2016-01-12,9734627.295,9200,10203
2016-01-13,9696861.004999999,9200,10180
2016-01-14,9648798.125,9100,10180
2016-01-15,8014571.244999999,9000,10180
2016-01-16,8713293.549999999,9000,10180
2016-01-17,8483748.59,9000,10180
2016-01-18,8621536,8700,10180
2016-01-19,8426687.85,8700,10180
2016-01-20,9399152.780000001,8800,10181
2016-01-21,9166427.58,8700,10181
2016-01-22,8598019.5,8700,10181
2016-01-23,8701312.5,8700,10181
2016-01-24,9050487.75,8700,10181
2016-01-25,8749747,8900,10181
2016-01-26,8744458.59,8800,10181
2016-01-27,8801843.05,9000,10183
2016-01-28,8438730.3,9000,10183
2016-01-29,8422221.88,8900,10183
2016-01-30,8417328.86,8900,10183
2016-01-31,8183575.95,8900,10183
2016-02-01,8269890.43,9000,10177
2016-02-02,8310931.515000001,9000,10177
2016-02-03,8217132.555,8800,10187
2016-02-04,8647715.115,8900,10187
2016-02-05,8568967,9000,10187
2016-02-06,8367055.84,9000,10187
2016-02-07,8412742.14,9000,10187
2016-02-08,8267514.64,9000,10187
2016-02-09,8298092.88,9000,10187
2016-02-10,8430507.88,9000,10187
2016-02-11,8425451.48,9000,10187
2016-02-12,8522771.4,9000,10187
2016-02-13,8722428,9000,10187
2016-02-14,9070209.719999999,9000,10187
2016-02-15,8924511.5,8900,10187
2016-02-16,9122948.64,9000,10187
2016-02-17,9295705.2,9000,10193
2016-02-18,9415702.45,9000,10193
2016-02-19,9402460.92,9000,10193
2016-02-20,9776574.809999999,9000,10193
2016-02-21,9801158.16,9000,10193
2016-02-22,9791056.35,9100,10193
2016-02-23,9397038.735000001,9100,10193
2016-02-24,9489896.9,9200,10194
2016-02-25,9470566.17,9200,10194
2016-02-26,9615494.875,9200,10194
2016-02-27,9666155.6,9200,10194
2016-02-28,9679769.275,9200,10194
2016-02-29,9755088.66,9200,10194
2016-03-01,9658550.16,9200,10194
2016-03-02,9381002.85,9200,10199
2016-03-03,9340077.6,9300,10199
2016-03-04,9074739.625,9200,10199
2016-03-05,8823672.2,9200,10199
2016-03-06,8983179.1,9200,10199
2016-03-07,9212069.08,9200,10199
2016-03-08,9165202.2,9200,10199
2016-03-09,9201931.200000001,9200,10167
2016-03-10,9263874.6,9200,10167
2016-03-11,9344638.285,9300,10167
2016-03-12,9148338.27,9300,10167
2016-03-13,9191564.379999999,9300,10167
2016-03-14,9253078.41,9400,10167
2016-03-15,9258242.67,9200,10167
2016-03-16,9276280.65,9300,10202
2016-03-17,9319036.725,9300,10202
2016-03-18,9136423.95,9300,10202
2016-03-19,9148690.6,9300,10202
2016-03-20,9172554.81,9300,10202
2016-03-21,9182244,9300,10202
2016-03-22,9291518,9300,10232
2016-03-23,9337014.625,9300,10207
2016-03-24,9230051.924999999,9200,10207
2016-03-25,9286984.025,9200,10207
2016-03-26,9299473.425,9200,10207
2016-03-27,9485253.25,9200,10207
2016-03-28,9450454.5,9200,10207
2016-03-29,9302777.185,9100,10207
2016-03-30,9190562.955,9200,10198
2016-03-31,9287869.75,9100,10198
2016-04-01,9326376.72,9100,10200
2016-04-02,9377063.549999999,9100,10200
2016-04-03,9381752.64,9100,10200
2016-04-04,9366974.835,9100,10200
2016-04-05,9431721.16,9000,10200
2016-04-06,9398558,9200,10218
2016-04-07,9408267.05,9200,10218
2016-04-08,9352096.860000001,9300,10218
2016-04-09,9351650.969999999,9300,10218
2016-04-10,9439491.299999999,9300,10218
2016-04-11,9451742.3,9300,10218
2016-04-12,9546357,9300,10218
2016-04-13,9504478.139999999,9300,10265
2016-04-14,9523988.8,9400,10265
2016-04-15,9626545.27,9400,10265
2016-04-16,9681499.209999999,9400,10265
2016-04-17,9628109,9400,10265
2016-04-18,9627007.860000001,9400,10265
2016-04-19,9761298.040000001,9200,10265
2016-04-20,9892847.16,9200,10273
2016-04-21,10098742.5,9300,10273
2016-04-22,9990126.39,9400,10273
2016-04-23,10152317.51,9400,10273
2016-04-24,10347704.34,9400,10273
2016-04-25,10392094.725,9500,10273
2016-04-26,10484745.2,9500,10273
2016-04-27,9916608.39,9500,10237
2016-04-28,10069076.4,9400,10237
2016-04-29,10226180.16,9500,10237
2016-04-30,10119197.76,9500,10237
2016-05-01,10185170.24,9500,10260
2016-05-02,9945791.18,9500,10260
2016-05-03,10079534.795,9500,10260
2016-05-04,10000852.86,9500,10260
2016-05-05,10029829.21,9600,10263
2016-05-06,10296799.475,9600,10263
2016-05-07,10287890.475,9600,10263
2016-05-08,10307490.275,9600,10263
2016-05-09,10341716.88,9600,10263
2016-05-10,10089749.52,9500,10277
2016-05-11,10121773.305,9600,10277
2016-05-12,10184068.8,9700,10277
2016-05-13,10220968.65,9700,10277
2016-05-14,10241500.75,9700,10277
2016-05-15,10298856.725000001,9700,10277
2016-05-16,10148003.860000001,9700,10277
2016-05-17,10124349.29,9800,10334
2016-05-18,10146232.32,9900,10334
2016-05-19,9782011.32,9900,10334
2016-05-20,9945793.875,9900,10334
2016-05-21,9959853.899999999,9900,10334
2016-05-22,9875047.4,9900,10334
2016-05-23,9938886.67,9800,10334
2016-05-24,9977934.275,9700,10265
2016-05-25,10082900.425,9900,10265
2016-05-26,10177678.9,9700,10265
2016-05-27,10548436.41,9700,10265
2016-05-28,11711904.75,9700,10265
2016-05-29,11755999.26,9700,10265
2016-05-30,11937907.075,9800,10265
2016-05-31,11892451.88,9800,10367
2016-06-01,12005286.06,9800,10366
2016-06-02,12059045.4,9800,10366
2016-06-03,12815422.5,9900,10366
2016-06-04,12928938.54,9900,10366
2016-06-05,12903363.78,9900,10366
2016-06-06,13153036.32,9900,10366
2016-06-07,12956518.5,9900,10384
2016-06-08,13030077.82,10000,10384
2016-06-09,12897569.100000001,10100,10384
2016-06-10,12961223.85,10100,10384
2016-06-11,13613182.5,10100,10384
2016-06-12,15140003.1,10100,10384
2016-06-13,15824508.14,10000,10384
2016-06-14,15352469.3,9900,10387
2016-06-15,15655467.12,9900,10387
2016-06-16,17167957.28,9900,10387
2016-06-17,16853633.04,9800,10387
2016-06-18,17004411.96,9800,10387
2016-06-19,17223299.04,9800,10387
2016-06-20,15752700.48,9900,10387
2016-06-21,14958254.639999999,9900,10424
2016-06-22,13477629.75,9900,10424
2016-06-23,14070690.05,9900,10424
2016-06-24,14961323.38,9700,10424
2016-06-25,15044618.010000002,9700,10424
2016-06-26,14259683.36,9700,10424
2016-06-27,14699776.215,9700,10424
2016-06-28,14453504.7,9700,10441
2016-06-29,14263541.94,9800,10441
2016-06-30,15033980.525,9900,10441
2016-07-01,15138896.275,10100,10442
2016-07-02,15736246.375000002,10100,10442
2016-07-03,14812094.874999998,10100,10442
2016-07-04,15213268.85,10000,10442
2016-07-05,14942455.155,10100,10431
2016-07-06,15153307.959999999,10100,10431
2016-07-07,14330696.31,10200,10431
2016-07-08,14875119.365,10200,10431
2016-07-09,14658455.705,10200,10431
2016-07-10,14543213.82,10200,10431
2016-07-11,14513050.665000001,10200,10431
2016-07-12,14860955.2,10200,10457
2016-07-13,14610149.96,10400,10457
2016-07-14,14752810.049999999,10300,10457
2016-07-15,14894148.72,10500,10457
2016-07-16,14868264.48,10500,10457
2016-07-17,15173520,10500,10457
2016-07-18,15058246,10400,10457
2016-07-19,15029754,10500,10445
2016-07-20,14866313.719999999,10500,10445
2016-07-21,14878342.16,10400,10445
2016-07-22,14595867.649999999,10200,10445
2016-07-23,14658962.5,10200,10445
2016-07-24,14736995,10200,10445
2016-07-25,14666743.629999999,10200,10445
2016-07-26,14585537.999999998,10200,10411
2016-07-27,14662191.75,10200,10411
2016-07-28,14657390.4,10300,10411
2016-07-29,14650771.5,10300,10411
2016-07-30,14625573.065,10300,10411
2016-07-31,13981117.515,10300,10411
2016-08-01,13490210.600000001,10200,10458
2016-08-02,11989880.76,10100,10463
2016-08-03,12772740.72,10000,10463
2016-08-04,13098312.5,10000,10463
2016-08-05,13002357.5,9800,10463
2016-08-06,13196612.275,9800,10463
2016-08-07,13273109.85,9800,10463
2016-08-08,13184680.68,9800,10463
2016-08-09,13083992.725000001,9900,10570
2016-08-10,13275491.160000002,10000,10570
2016-08-11,13120975.379999999,10100,10570
2016-08-12,13107189.74,10300,10570
2016-08-13,13078421.450000001,10300,10570
2016-08-14,12822851.99,10300,10570
2016-08-15,12673640.59,10200,10570
2016-08-16,12910408.94,10300,10579
2016-08-17,12809947.775,10400,10579
2016-08-18,12799049.505,10400,10579
2016-08-19,12789112.145,10400,10579
2016-08-20,12971918.845,10400,10579
2016-08-21,12958988.614999998,10400,10579
2016-08-22,13047326.600000001,10400,10579
2016-08-23,12993703.29,10400,10578
2016-08-24,12907111.875,10400,10578
2016-08-25,12844931.07,10400,10578
2016-08-26,12929752.799999999,10500,10578
2016-08-27,12741148.8,10500,10578
2016-08-28,12843151.2,10500,10578
2016-08-29,12785162.445,10600,10578
2016-08-30,12823684.8,10600,10631
2016-08-31,12778311.45,10600,10631
2016-09-01,12774048.35,10600,10617
2016-09-02,12839975.535,10600,10617
2016-09-03,13390377.985,10600,10617
2016-09-04,13635719.319999998,10600,10617
2016-09-05,13507795.535000002,10600,10617
2016-09-06,13668451.02,10600,10648
2016-09-07,13719490.605,10500,10648
2016-09-08,14000277.165000001,10600,10648
2016-09-09,13872472.035000002,10600,10648
2016-09-10,13909713.870000001,10600,10648
2016-09-11,13557365.97,10600,10648
2016-09-12,13518167.200000001,10500,10648
2016-09-13,13567884.275,10500,10666
2016-09-14,13568597.43,10580,10666
2016-09-15,13510696.32,10460,10666
2016-09-16,13568389.669999998,10460,10666
2016-09-17,13568166.479999999,10460,10666
2016-09-18,13645836.6,10460,10666
2016-09-19,13575127.3,10400,10666
2016-09-20,13513358.4,10400,10673
2016-09-21,13328622,10600,10673
2016-09-22,13307705.305000002,10750,10673
2016-09-23,13446912.440000001,10750,10673
2016-09-24,13462969.52,10750,10673
2016-09-25,13418143.504999999,10750,10673
2016-09-26,13552757.46,10790,10673
2016-09-27,13520052.91,10720,10671
2016-09-28,13494509.639999999,10880,10671
2016-09-29,13509941.06,10840,10671
2016-09-30,13577736.545,10860,10671
2016-10-01,13726224.575,10860,10691
2016-10-02,13653764.2,10860,10691
2016-10-03,13672435.455,10800,10691
2016-10-04,13610276.83,10700,10685
2016-10-05,13676533.799999999,10700,10685
2016-10-06,13643088.36,10770,10685
2016-10-07,13778482.08,10640,10685
2016-10-08,13812372,10640,10685
2016-10-09,13765996.319999998,10640,10685
2016-10-10,13797456,10600,10685
2016-10-11,14318954.94,10560,10721
2016-10-12,14175255.944999998,10560,10721
2016-10-13,14174582.34,10600,10721
2016-10-14,14229026.045,10660,10721
2016-10-15,14231925.239999998,10660,10721
2016-10-16,14315778.879999999,10660,10721
2016-10-17,14267944.04,10590,10721
2016-10-18,14166763.66,10640,10728
2016-10-19,14045576.58,10600,10728
2016-10-20,14008969.274999999,10600,10728
2016-10-21,14076340.620000001,10640,10728
2016-10-22,14565463.5,10640,10728
2016-10-23,14527306.559999999,10640,10728
2016-10-24,14502353.76,10640,10728
2016-10-25,14608883.249999998,10450,10744
2016-10-26,15060193,10390,10744
2016-10-27,15438175.350000001,10390,10744
2016-10-28,15398649.075000001,10390,10744
2016-10-29,15941658.18,10390,10744
2016-10-30,15565145.084999999,10390,10744
2016-10-31,15551323.5,10520,10744
2016-11-01,16311781.450000001,10400,10753
2016-11-02,16616865.9,10380,10753
2016-11-03,15398385,10210,10753
2016-11-04,15762590.280000001,10200,10753
2016-11-05,15777542.335,10200,10753
2016-11-06,16001376.83,10200,10753
2016-11-07,15775065.02,10300,10753
2016-11-08,15892069.049999999,10400,10777
2016-11-09,16097097.190000001,10200,10777
2016-11-10,15911794.745,10310,10777
2016-11-11,16008377,10310,10777
2016-11-12,15732154.899999999,10310,10777
2016-11-13,15720543.299999999,10310,10777
2016-11-14,15828827.040000001,10310,10777
2016-11-15,15920037.645,10310,10780
2016-11-16,16569310.675,10300,10780
2016-11-17,16376307.165000001,10300,10780
2016-11-18,16834664.599999998,10300,10780
2016-11-19,16884817.3,10300,10780
2016-11-20,16462455.1,10300,10780
2016-11-21,16616866,10300,10780
2016-11-22,16821876.47,10300,10837
2016-11-23,16772440.879999999,10300,10837
2016-11-24,16804032.3,10500,10837
2016-11-25,16827975.39,10450,10837
2016-11-26,16736071.450000001,10450,10837
2016-11-27,16589116.14,10450,10837
2016-11-28,16569427.85,10240,10837
2016-11-29,16606489.75,10180,10810
2016-11-30,16829355.400000002,10130,10810
2016-12-01,17104490,10260,10810
2016-12-02,17458128.75,10190,10810
2016-12-03,17406611.1,10190,10810
2016-12-04,17429533.05,10190,10810
2016-12-05,17081680,10150,10810
2016-12-06,17266455,9990,10833
2016-12-07,17350518,9970,10833
2016-12-08,17385029.6,10010,10833
2016-12-09,17468972.85,10050,10833
2016-12-10,17528842.975,10050,10833
2016-12-11,17419947.125,10050,10833
2016-12-12,17621570.150000002,9980,10833
2016-12-13,17588238.799999997,9900,10844
2016-12-14,17664546.9,9850,10844
2016-12-15,17653759.2,9900,10844
2016-12-16,17767295,9900,10844
2016-12-17,17939967.5,9900,10844
2016-12-18,17988880,9900,10844
2016-12-19,17998835.599999998,10110,10844
2016-12-20,18187009.875,10050,10867
2016-12-21,18999061.5,10050,10867
2016-12-22,19483015.2,10040,10867
2016-12-23,20876378.97,10000,10867
2016-12-24,20290094.25,10000,10867
2016-12-25,20395243.14,10000,10867
2016-12-26,20534274.67,10060,10867
2016-12-27,21061252.8,10090,10860
2016-12-28,22364993.07,10080,10860
2016-12-29,22111060.16,10120,10860
2016-12-30,21878604.509999998,10170,10860
2016-12-31,22164608.27,10170,10860
2017-01-01,22610464.45,10170,10860
2017-01-02,23031727.95,10170,10860
2017-01-03,23217690.825,10190,10887
2017-01-04,25688893.25,10250,10887
2017-01-05,22838760,10290,10887
2017-01-06,20209456.875,10350,10887
2017-01-07,20509312.5,10350,10887
2017-01-08,20832633.125,10350,10887
2017-01-09,20384319.45,10370,10887
2017-01-10,20471897,10370,10932
2017-01-11,17962120.44,10430,10932
2017-01-12,18333294.75,10430,10932
2017-01-13,18765149.4,10410,10932
2017-01-14,18687960,10410,10932
2017-01-15,18807806.7,10410,10932
2017-01-16,18833468.11,10340,10932
2017-01-17,20449326,10340,10932
2017-01-18,20044598.27,10360,10932
2017-01-19,20374389.8,10360,10932
2017-01-20,20185471.009999998,10360,10932
2017-01-21,20879529.259999998,10360,10932
2017-01-22,21018566.62,10360,10932
2017-01-23,20538561.75,10360,10932
2017-01-24,20024025,10410,10932
2017-01-25,20242880,10450,10932
2017-01-26,20717774.349999998,10450,10932
2017-01-27,20844518.275,10450,10932
2017-01-28,20897610.650000002,10450,10932
2017-01-29,20706929.95,10450,10932
2017-01-30,20858073.775000002,10450,10932
2017-01-31,21914950.925,10450,10936
2017-02-01,22428704.375,10450,10936
2017-02-02,22832244.15,10520,10936
2017-02-03,23032250,10610,10936
2017-02-04,23429092.5,10610,10936
2017-02-05,22994240,10610,10936
2017-02-06,23100082.2,10600,10936
2017-02-07,23830035.6,10650,10974
2017-02-08,23939538.5,10670,10974
2017-02-09,22539420.8,10700,10974
2017-02-10,22690063.55,10730,10974
2017-02-11,23067329.25,10730,10974
2017-02-12,22871450,10730,10974
2017-02-13,22738943.5,10760,10974
2017-02-14,23061610.4,10760,10977
2017-02-15,23110993.4,10840,10977
2017-02-16,23648871.75,10900,10977
2017-02-17,24101153.5,10890,10977
2017-02-18,24211709.250000004,10890,10977
2017-02-19,24159964.6,10890,10977
2017-02-20,24864788.209999997,10800,10977
2017-02-21,25761681.425,10920,11004
2017-02-22,25771271.075,10900,11034
2017-02-23,27096927.000000004,10860,11034
2017-02-24,27080538.560000002,10870,11034
2017-02-25,26420928,10870,11034
2017-02-26,27034906.560000002,10870,11034
2017-02-27,27242943.419999998,10820,11004
2017-02-28,27194045.4,10820,11020
2017-03-01,28044000,10700,11020
2017-03-02,28962459.400000002,10720,11020
2017-03-03,29532154.549999997,10690,11020
2017-03-04,29100659.725,10690,11020
2017-03-05,29215100.650000002,10690,11020
2017-03-06,29304196.95,10740,11020
2017-03-07,28217994.799999997,10750,11031
2017-03-08,26225016,10790,11031
2017-03-09,27301433.25,10830,11031
2017-03-10,25285428,10860,11031
2017-03-11,27088907.999999996,10860,11031
2017-03-12,28171224,10860,11031
2017-03-13,28403399.45,10860,11031
2017-03-14,28447413.1,10890,11021
2017-03-15,28831132.5,10850,11021
2017-03-16,26769005.799999997,10850,11021
2017-03-17,24368548.095,10900,11021
2017-03-18,22099995,10900,11021
2017-03-19,23227550.415,10900,11021
2017-03-20,23817250.8,11000,11021
2017-03-21,25389273.650000002,11030,11056
2017-03-22,23561297.18,11080,11056
2017-03-23,23368066.3,11180,11047
2017-03-24,21303350.125,11320,11047
2017-03-25,21960769.5,11320,11047
2017-03-26,22174060.5,11320,11047
2017-03-27,23732329.919999998,11290,11047
2017-03-28,23808985.000000004,11250,11059
2017-03-29,23759430.98,11320,11059
2017-03-30,23734081.799999997,11320,11057
2017-03-31,24779967.45,11300,11057
2017-04-01,24848460,11300,11057
2017-04-02,25348842.45,11300,11057
2017-04-03,26204360.999999996,11340,11057
2017-04-04,25962853.05,11370,11077
2017-04-05,25707543.1,11360,11077
2017-04-06,27053287,11360,11077
2017-04-07,27079920,11290,11077
2017-04-08,26864460,11290,11077
2017-04-09,27464799.6,11290,11077
2017-04-10,27448850,11400,11077
2017-04-11,27729493.45,11390,11085
2017-04-12,27528269.325000003,11380,11085
2017-04-13,26695494,11340,11088
2017-04-14,26746600.25,11140,11088
2017-04-15,26863044.374999996,11140,11088
2017-04-16,26843447.125,11140,11088
2017-04-17,27040704.75,11000,11088
2017-04-18,27302067.1,10960,11103
2017-04-19,27609921.19,11080,11103
2017-04-20,28097689.500000004,11040,11108
2017-04-21,28402897.775,11030,11108
2017-04-22,28334957.5,11030,11108
2017-04-23,28448115.55,11030,11108
2017-04-24,28565628.8,10950,11108
2017-04-25,29165607.400000002,10920,11101
2017-04-26,29528473.26,10990,11101
2017-04-27,30671378.32,11140,11119
2017-04-28,30779688.29,11140,11119
2017-04-29,31054657.205000002,11140,11119
2017-04-30,31489512.925,11140,11119
2017-05-01,32680375,11140,11119
2017-05-02,33487772.5,11140,11119
2017-05-03,34864252.5,11180,11119
2017-05-04,35567122.5,11210,11129
2017-05-05,35264927.25,11230,11129
2017-05-06,36039878.175000004,11230,11129
2017-05-07,36589550.025,11230,11129
2017-05-08,38936490,11190,11129
2017-05-09,39109674.975,11240,11136
2017-05-10,40818072.6,11350,11136
2017-05-11,41766040.285000004,11320,11172
2017-05-12,38475086.51,11300,11172
2017-05-13,40678836.43,11300,11172
2017-05-14,40843573.09,11300,11172
2017-05-15,39642078.61,11370,11172
2017-05-16,40259922,11410,11137
2017-05-17,41114990.25,11380,11137
2017-05-18,43110932,11400,11153
2017-05-19,44761609.5,11460,11153
2017-05-20,46634311.5,11460,11153
2017-05-21,46591050,11460,11153
2017-05-22,48225224.125,11600,11153
2017-05-23,51591425,11610,11167
2017-05-24,55137182.62499999,11780,11167
2017-05-25,53399625,11700,11205
2017-05-26,51647107.49999999,11770,11205
2017-05-27,47722272.74999999,11770,11205
2017-05-28,50739925.50000001,11770,11205
2017-05-29,51837654.68,11850,11205
2017-05-30,49803655.5,11830,11217
2017-05-31,52319232.35,11610,11217
2017-06-01,54957972.9,11790,11220
2017-06-02,56310257.849999994,11780,11220
2017-06-03,57878955.75000001,11780,11220
2017-06-04,57272692.400000006,11780,11220
2017-06-05,61285070,11840,11220
2017-06-06,65250065.25,11910,11187
2017-06-07,61031169,12100,11187
2017-06-08,63525873.7,12040,11236
2017-06-09,63783410.625,12130,11236
2017-06-10,66500465.625,12130,11236
2017-06-11,68039358.75,12130,11236
2017-06-12,60264699.175000004,12090,11236
2017-06-13,61474209.425000004,12140,11224
2017-06-14,55223328.050000004,12240,11224
2017-06-15,54682446.2,12260,11255
2017-06-16,56280956.699999996,12300,11255
2017-06-17,59786788.6,12300,11255
2017-06-18,57071022.5,12300,11255
2017-06-19,58990400.7,12370,11255
2017-06-20,61927443,12460,11265
2017-06-21,60004045,12370,11265
2017-06-22,60862572.9,12450,11283
2017-06-23,61147521.00000001,12370,11283
2017-06-24,58513239,12370,11283
2017-06-25,56939987.25,12370,11283
2017-06-26,54719754.75,12450,11283
2017-06-27,58533918.75,12390,11311
2017-06-28,58057948.8,12360,11311
2017-06-29,57513225,12490,11283
2017-06-30,55794192.75,12560,11283
2017-07-01,55076991.75,12560,11283
2017-07-02,57191098.5,12560,11283
2017-07-03,57802962.555,12630,11283
2017-07-04,59160373,12570,11277
2017-07-05,59509670.4,13400,11277
2017-07-06,59221037.400000006,12650,11307
2017-07-07,56838633.75,12600,11307
2017-07-08,58201224.75,12600,11307
2017-07-09,57016797.74999999,12600,11307
2017-07-10,52973111.25000001,12300,11307
2017-07-11,52494977.25000001,12380,11322
2017-07-12,54169178.050000004,12440,11322
2017-07-13,53176500,12440,11333
2017-07-14,50386778.99999999,12470,11333
2017-07-15,44638944.75,12470,11333
2017-07-16,43445200.5,12470,11333
2017-07-17,50805868.7,12270,11333
2017-07-18,52464249.5,12020,11355
2017-07-19,51358137.65,12140,11355
2017-07-20,65328567.8,12110,11343
2017-07-21,60390551.24999999,12040,11343
2017-07-22,64204260.75,12040,11343
2017-07-23,62591013.00000001,12040,11343
2017-07-24,62786169.800000004,12030,11343
2017-07-25,58286130,12000,11363
2017-07-26,57409437.724999994,12140,11363
2017-07-27,60561897.74999999,12140,11362
2017-07-28,63323191.995000005,12270,11362
2017-07-29,61371722.985,12270,11362
2017-07-30,61912206.714999996,12270,11362
2017-07-31,64926883.32,12350,11362
2017-08-01,62098107.75,12440,11387
2017-08-02,61355227.5,12430,11387
2017-08-03,63355932.15,12360,11374
2017-08-04,64961624.900000006,12380,11374
2017-08-05,73740745.14999999,12380,11374
2017-08-06,73257171.69999999,12380,11374
2017-08-07,77258759.05,12490,11374
2017-08-08,77808946.05,12430,11399
2017-08-09,75980172.60000001,12300,11399
2017-08-10,78321620.3,12200,11390
2017-08-11,83095149.125,12190,11390
2017-08-12,88046335,12190,11390
2017-08-13,92284331.925,12190,11390
2017-08-14,98196436.50000001,12250,11390
2017-08-15,94544809.075,12220,11438
2017-08-16,99319402.275,12270,11438
2017-08-17,97278207.28500001,12220,11459
2017-08-18,93225943.02000001,12220,11459
2017-08-19,94491693.185,12220,11459
2017-08-20,92072926.21499999,12220,11459
2017-08-21,90955455,12180,11459
2017-08-22,93005022,12170,11429
2017-08-23,94202245.14999999,12120,11429
2017-08-24,98049094.155,12290,11420
2017-08-25,99113700,12260,11420
2017-08-26,98757254.39999999,12260,11420
2017-08-27,98661550.57499999,12260,11420
2017-08-28,99692747.64999999,12390,11420
2017-08-29,104569762.5,12390,11439
2017-08-30,104159860.35,12460,11439
2017-08-31,107817896.35,12630,11447
2017-09-01,112467812.69999999,12690,11447
2017-09-02,105694272.69999999,12690,11447
2017-09-03,105150116.5,12690,11447
2017-09-04,102245222.5,12690,11447
2017-09-05,100744303.53500001,12730,11463
2017-09-06,104902690.5,12750,11463
2017-09-07,105084490.5,12820,11473
2017-09-08,98858100,12800,11473
2017-09-09,98502665.36,12800,11473
2017-09-10,96616407.36,12800,11473
2017-09-11,95667558.4,12820,11473
2017-09-12,94638717.00000001,12810,11470
2017-09-13,87612147,12820,11470
2017-09-14,73865340,13040,11474
2017-09-15,84991954.5,13020,11474
2017-09-16,84684939.75,13020,11474
2017-09-17,84536318.25,13020,11474
2017-09-18,93172500,13060,11474
2017-09-19,88857249.75,13120,11496
2017-09-20,88002243.65,13040,11496
2017-09-21,82207005.75,12960,11502
2017-09-22,82242002.25,12950,11502
2017-09-23,86067074.25,12950,11502
2017-09-24,83378252.25,12950,11502
2017-09-25,89116198.30000001,13000,11502
2017-09-26,88308095.7,13000,11510
2017-09-27,95466000,12950,11510
2017-09-28,95204569.5,13060,11513
2017-09-29,94488382.69999999,13000,11513
2017-09-30,98625470,13000,11513
2017-10-01,99894031.30000001,13000,11513
2017-10-02,99835316.525,12960,11513
2017-10-03,97899072.75,12900,11508
2017-10-04,95782239,13050,11508
2017-10-05,98172909,13110,11505
2017-10-06,99148947.75,13150,11505
2017-10-07,100558125,13150,11505
2017-10-08,104614310.25,13150,11505
2017-10-09,108390408.525,13200,11505
2017-10-10,107967500,13250,11521
2017-10-11,109391757.81,13310,11521
2017-10-12,123596800,13400,11530
2017-10-13,127795456,13420,11530
2017-10-14,132210633.60000001,13420,11530
2017-10-15,129360864,13420,11530
2017-10-16,130736940.74999999,13420,11530
2017-10-17,127087289,13460,11547
2017-10-18,126648489.58,13460,11547
2017-10-19,129609367.22500001,13480,11539
2017-10-20,136063368.35,13400,11539
2017-10-21,136875781.91,13400,11539
2017-10-22,136425728.425,13400,11539
2017-10-23,134204763.765,13350,11539
2017-10-24,125535006.885,13410,11561
2017-10-25,130440818.25,13560,11561
2017-10-26,133886837.25,13520,11562
2017-10-27,131263800,13720,11562
2017-10-28,130628147.10000001,13720,11562
2017-10-29,139439627.1,13720,11562
2017-10-30,139079673.6,13840,11562
2017-10-31,146366177.1,13780,11573
2017-11-01,154081342.815,13750,11573
2017-11-02,159895545.75,13710,11564
2017-11-03,162848852.125,13710,11564
2017-11-04,168357541.875,13710,11564
2017-11-05,167890800,13710,11564
2017-11-06,158318098.4,13860,11564
2017-11-07,161870710.505,13960,11590
2017-11-08,169597371.6,14130,11590
2017-11-09,162530650,14020,11583
2017-11-10,149400771.87,14150,11583
2017-11-11,144155770.45,14150,11583
2017-11-12,133699610.72500001,14150,11583
2017-11-13,148413268.025,14220,11583
2017-11-14,150032575,14330,11634
2017-11-15,165654034,14570,11634
2017-11-16,178020854.82999998,14610,11613
2017-11-17,175220350.875,14650,11613
2017-11-18,176635339.625,14650,11613
2017-11-19,182422711.75,14650,11613
2017-11-20,187493987.1,14820,11613
2017-11-21,184155390,15060,11620
2017-11-22,187460625,15250,11620
2017-11-23,182528188.9,15300,11632
2017-11-24,186686102.25,15310,11632
2017-11-25,199877737.5,15310,11632
2017-11-26,213640224.75,15310,11632
2017-11-27,221945091.2,15300,11632
2017-11-28,225991535,15340,11639
2017-11-29,225745465.6,15490,11639
2017-11-30,224971402.5,15640,11650
2017-12-01,246881241,15730,11650
2017-12-02,248253076,15730,11650
2017-12-03,256424125,15730,11650
2017-12-04,264487183.70999998,15990,11650
2017-12-05,266182320.25,15650,11669
2017-12-06,320054350,15280,11669
2017-12-07,394987992.135,15420,11684
2017-12-08,371703434.815,15430,11684
2017-12-09,347697300.78999996,15430,11684
2017-12-10,347243772.105,15430,11684
2017-12-11,383475609.59999996,15330,11684
2017-12-12,402713080.62,15280,11707
2017-12-13,379079456.735,15130,11707
2017-12-14,380471252.7,15360,11711
2017-12-15,402889542.37499994,15430,11711
2017-12-16,446300852.12499994,15430,11711
2017-12-17,440145310.37500006,15430,11711
2017-12-18,432461592.645,15710,11711
2017-12-19,405179993.855,15740,11718
2017-12-20,374685614.125,15740,11718
2017-12-21,357961142,15710,11733
2017-12-22,322771781.695,15650,11733
2017-12-23,342426227.515,15650,11733
2017-12-24,323030034.19,15650,11733
2017-12-25,321859837.78,15730,11733
2017-12-26,358492453.2,15850,11728
2017-12-27,348994070.34,15860,11728
2017-12-28,328166952.105,16040,11765
2017-12-29,330772285.5,16180,11765
2017-12-30,291596172.9,16180,11765
2017-12-31,314831682.29999995,16180,11765
2018-01-01,306131027.1,16180,11765
2018-01-02,335688092.1,16410,11781
2018-01-03,342856112.19,16650,11781
2018-01-04,343945751.898,16750,11833
2018-01-05,385153347.09499997,16710,11833
2018-01-06,388309513.40500003,16710,11833
2018-01-07,367308449.09,16710,11833
2018-01-08,340545319.75,16980,11833
2018-01-09,328856042.405,17160,11810
2018-01-10,337867400.93,17090,11810
2018-01-11,302192772.45,17350,11797
2018-01-12,313845290,17450,11797
2018-01-13,322201250.52500004,17450,11797
2018-01-14,310126155.185,17450,11797
2018-01-15,308622105,17600,11797
2018-01-16,262760712.10500002,17580,11837
2018-01-17,254380227.125,17250,11837
2018-01-18,256788155.655,17250,11815
2018-01-19,261170810.375,17550,11815
2018-01-20,289875095,17550,11815
2018-01-21,261606436.125,17550,11815
2018-01-22,244522523.70000002,17850,11815
2018-01-23,245839799.87,17850,11812
2018-01-24,257918379.29500002,17850,11812
2018-01-25,252528693,18500,11817
2018-01-26,251788815.345,18150,11817
2018-01-27,257060149.5,18150,11817
2018-01-28,261988328,18150,11817
2018-01-29,252614680.11,18010,11817
2018-01-30,226986450,18000,11835
2018-01-31,229370772.9,18000,11835
2018-02-01,204708656.185,17800,11810
2018-02-02,199560185.44,17900,11810
2018-02-03,209835780,17900,11810
2018-02-04,185489152.145,17900,11810
2018-02-05,156799601.92499998,16910,11810
2018-02-06,174604926.6,16440,11856
2018-02-07,171996040.125,16940,11856
2018-02-08,186542651.9,16650,11856
2018-02-09,196853604.525,16350.000000000002,11856
2018-02-10,194049391.725,16350.000000000002,11856
2018-02-11,183277055.475,16350.000000000002,11856
2018-02-12,201440681.26000002,17000,11856
2018-02-13,193510727.125,17330,11866
2018-02-14,215107693.35,17330,11866
2018-02-15,227784155.225,17330,11866
2018-02-16,230878279.17499998,17330,11866
2018-02-17,252541461.25,17330,11866
2018-02-18,235704758.3,17330,11866
2018-02-19,252961550,17330,11866
2018-02-20,254991261.15,17330,11866
2018-02-21,237494878.72500002,17670,11866
2018-02-22,223362175,17450,11894
2018-02-23,230702145.095,17900,11894
2018-02-24,220324063.11,17900,11894
2018-02-25,218263091.595,17900,11894
2018-02-26,234242600,18000,11894
2018-02-27,240394750.785,18000,11892
2018-02-28,234562543.39000002,18000,11892
2018-03-01,247887627.96,18150,11907
2018-03-02,250371000,18240,11907
2018-03-03,260215132.5,18240,11907
2018-03-04,261066393.9,18240,11907
2018-03-05,259026764.41000003,17900,11907
2018-03-06,243633650,17900,11906
2018-03-07,225774240,17700,11906
2018-03-08,211751609.29999998,18100,11911
2018-03-09,210653055,18170,11911
2018-03-10,200193009.84,18170,11911
2018-03-11,217000642.67999998,18170,11911
2018-03-12,207557520,18000,11911
2018-03-13,208172395.125,18100,11932
2018-03-14,186845348.495,18300,11932
2018-03-15,188059322.325,18210,11940
2018-03-16,188376237.5,18300,11940
2018-03-17,179043247.79000002,18300,11940
2018-03-18,186486784,18300,11940
2018-03-19,195545763,18550,11940
2018-03-20,202693050,18650,11957
2018-03-21,202502080.94,18780,11957
2018-03-22,198660476.55,18910,11938
2018-03-23,203564661.3,18700,11938
2018-03-24,194540146.02,18700,11938
2018-03-25,192753759,18700,11938
2018-03-26,185795595,18760,11938
2018-03-27,177815108.95499998,18950,11985
2018-03-28,181244927.68,18900,11985
2018-03-29,161491031.905,18750,11980
2018-03-30,156093539.94,18880,11980
2018-03-31,157928229,18880,11980
2018-04-01,155364131.94,18880,11980
2018-04-02,160573390.425,19100,11980
2018-04-03,169361969,18960,11985
2018-04-04,154955575.04000002,19100,11985
2018-04-05,154812381.9,19200,11994
2018-04-06,150929975.525,19000,11994
2018-04-07,157200663.025,19000,11994
2018-04-08,160073778.025,19000,11994
2018-04-09,154330980.525,19300,11994
2018-04-10,155558584.575,19050,11985
2018-04-11,158234213.595,18700,11985
2018-04-12,180393766,18720,12016
2018-04-13,179858173.935,18600,12016
2018-04-14,182362866.015,18600,12016
2018-04-15,190386904.125,18600,12016
2018-04-16,183334503.07500002,18500,12016
2018-04-17,179722847.25,18550,12046
2018-04-18,185654786.70000002,18300,12046
2018-04-19,188473446,18200,12044
2018-04-20,201902700.44,17800,12044
2018-04-21,203021944.24,17800,12044
2018-04-22,200279967.72,17800,12044
2018-04-23,203379097.95,17400,12044
2018-04-24,219720850,17300,12050
2018-04-25,201869498.62,17300,12050
2018-04-26,211098128.37,16700,12048
2018-04-27,203108466.92499998,16600,12048
2018-04-28,212383227.365,16600,12048
2018-04-29,213726729.135,16600,12048
2018-04-30,210421696.57,16600,12048
2018-05-01,206517073.41500002,16600,12048
2018-05-02,209184515.28,16400,12048
2018-05-03,221382156.75,16490,12074
2018-05-04,220512922.5,16520,12074
2018-05-05,223131300,16520,12074
2018-05-06,218577600,16520,12074
2018-05-07,213027778.125,17200,12074
2018-05-08,209001678.225,17170,12070
2018-05-09,211827922.16,17100,12070
2018-05-10,205169312.70000002,17000,12075
2018-05-11,191343824.1,16800,12075
2018-05-12,192975750,16800,12075
2018-05-13,197782497,16800,12075
2018-05-14,197394225,17290,12075
2018-05-15,193036002.92999998,17300,12083
2018-05-16,190013740,16990,12083
2018-05-17,183543725,16650,12084
2018-05-18,187718569.60500002,16700,12084
2018-05-19,187652263.8,16700,12084
2018-05-20,194060913.53,16700,12084
2018-05-21,191131218.96,16400,12084
2018-05-22,181875935.15,15630,12136
2018-05-23,170918870,15900,12136
2018-05-24,172751768.7,15600,12114
2018-05-25,169843934.7,15400,12114
2018-05-26,167085121.5,15400,12114
2018-05-27,167282992.8,15400,12114
2018-05-28,162164097.13,14800,12114
2018-05-29,170367750,15100,12111
2018-05-30,168670128.55,15000,12111
2018-05-31,170702910,15800,12124
2018-06-01,171303953.04,16040,12124
2018-06-02,174087466.74,16040,12124
2018-06-03,175682116.89,16040,12124
2018-06-04,170914194.99,16340,12124
2018-06-05,173789797.04500002,16450,12125
2018-06-06,174579930,16730,12125
2018-06-07,175231773.86,16800,12127
2018-06-08,173655992.19,16780,12127
2018-06-09,170865445.2,16780,12127
2018-06-10,154315675.83,16780,12127
2018-06-11,156993455.5,16860,12127
2018-06-12,149314129.365,16600,12159
2018-06-13,143771675,16750,12159
2018-06-14,151443872.37,16309.999999999998,12151
2018-06-15,145822075.52,16540,12151
2018-06-16,147945560.64,16540,12151
2018-06-17,147098402.56,16540,12151
2018-06-18,153207180.72,16000,12151
2018-06-19,153950545.935,15110,12171
2018-06-20,154495116.75,16000,12171
2018-06-21,153710791.77,15560,12170
2018-06-22,138724429.35,15990,12170
2018-06-23,141436503.825,15990,12170
2018-06-24,140788646.075,15990,12170
2018-06-25,143018013.975,16140,12170
2018-06-26,139222154,15930,12198
2018-06-27,140656649.375,15800,12198
2018-06-28,134222451.25,15490,12198
2018-06-29,142396882.06,15580,12198
2018-06-30,146548467.61499998,15580,12198
2018-07-01,145774995.75,15580,12198
2018-07-02,151770333.555,15330,12198
2018-07-03,149859380.52,14800,12235
2018-07-04,151768721.33,14990,12228
2018-07-05,150528967.42499998,14520,12230
2018-07-06,152040900,14900,12226
2018-07-07,155571934.72,14900,12226
2018-07-08,154389931.905,14900,12226
2018-07-09,153532126.39000002,14820,12238
2018-07-10,145234096.15,14820,12231
2018-07-11,147252081.76,14460,12240
2018-07-12,144044238,14510,12243
2018-07-13,143291700.79,14850,12238
2018-07-14,144037631.15,14850,12238
2018-07-15,146344575.23,14850,12238
2018-07-16,155102434.905,14900,12238
2018-07-17,168618295.51,14950,12245
2018-07-18,170082030.005,15400,12251
2018-07-19,172198670.52,15410,12248
2018-07-20,169088640.84,15530,12291
2018-07-21,170784032,15530,12291
2018-07-22,170548881.20000002,15530,12291
2018-07-23,179299090.25,15600,12272
2018-07-24,194971260.5,15200,12338
2018-07-25,189388630.125,15160,12294
2018-07-26,183863528.2,15010,12286
2018-07-27,190139658.825,15210,12336
2018-07-28,191177919.25,15210,12336
2018-07-29,190886119.05,15210,12336
2018-07-30,190014007.57500002,15410,12316
2018-07-31,179914027.41,15550,12319
2018-08-01,177108333.085,15550,12311
2018-08-02,175408492.4,15400,12332
2018-08-03,172792548.48,15480,12312
2018-08-04,163258530,15480,12312
2018-08-05,163841413.06,15480,12312
2018-08-06,161707435,15400,12334
2018-08-07,156554680.66,15400,12323
2018-08-08,146281730,15550,12355
2018-08-09,152384989.875,15550,12339
2018-08-10,143060674.77,15550,12335
2018-08-11,145145130.12,15550,12335
2018-08-12,147017764.77,15550,12335
2018-08-13,145804316.05,15850,12329
2018-08-14,144436658.15,15840,12333
2018-08-15,146146295.625,15600,12347
2018-08-16,147242576.7,15550,12348
2018-08-17,153402404.06,15680,12374
2018-08-18,149003332.16,15680,12374
2018-08-19,151167111.82,15680,12374
2018-08-20,145659656.01999998,15450,12341
2018-08-21,150687484.41,15650,12354
2018-08-22,148028767.25,15750,12345
2018-08-23,151946713.51999998,15820,12356
2018-08-24,155914231.2,15810,12374
2018-08-25,157001059.8,15810,12374
2018-08-26,156359308.95,15810,12374
2018-08-27,161005798.6,15920,12378
2018-08-28,164729784.465,15990,12361
2018-08-29,163827000.9,15980,12365
2018-08-30,162724849,15980,12365
2018-08-31,163477793.04,15950,12394
2018-09-01,167580928.32,15950,12394
2018-09-02,170002680,15950,12394
2018-09-03,169116661.92,15950,12394
2018-09-04,171583680,15800,12376
2018-09-05,155923099.44,15500,12393
2018-09-06,151427677.5,15400,12386
2018-09-07,149022918.03,15560,12407
2018-09-08,144198964,15560,12407
2018-09-09,145294438.03,15560,12407
2018-09-10,146808900,15500,12405
2018-09-11,146291852.315,15780,12393
2018-09-12,147275606,15850,12421
2018-09-13,150974389.23,15710,12421
2018-09-14,150604712.94,16100.000000000002,12414
2018-09-15,151549531.98000002,16100.000000000002,12414
2018-09-16,151068753,16100.000000000002,12414
2018-09-17,145588179.04999998,15700,12395
2018-09-18,147504599.54999998,15750,12436
2018-09-19,148863604.04999998,15900,12452
2018-09-20,151435557.975,15960,12439
2018-09-21,157501125,16200,12444
2018-09-22,156505484.555,16200,12444
2018-09-23,156264216.165,16200,12444
2018-09-24,153612816.42000002,16210,12412
2018-09-25,150272415.495,16219.999999999998,12453
2018-09-26,150729977.51,16239.999999999998,12434
2018-09-27,155961533.475,16290,12434
2018-09-28,154428283.275,16370.000000000002,12473
2018-09-29,153518277.5,16370.000000000002,12473
2018-09-30,154078137.5,16370.000000000002,12473
2018-10-01,153350696.73,16450,12474
2018-10-02,151592825.65,16300,12467
2018-10-03,150933305.275,16350.000000000002,12487
2018-10-04,152886231.225,16309.999999999998,12477
2018-10-05,153846511.10999998,16129.999999999998,12489
2018-10-06,152878020.54500002,16129.999999999998,12489
2018-10-07,153287955,16129.999999999998,12489
2018-10-08,154314954.67499998,16000,12497
2018-10-09,153907189.61999997,15960,12459
2018-10-10,152355000.56,15910,12489
2018-10-11,143687392.73999998,15150,12460
2018-10-12,144462187.455,15590,12473
2018-10-13,144648718,15590,12473
2018-10-14,144356665.795,15590,12473
2018-10-15,150271099.65,15210,12496
2018-10-16,150702490.29,15430,12509
2018-10-17,150418510.95,15580,12512
2018-10-18,149306328.6,15480,12534
2018-10-19,149052390.98499998,15400,12534
2018-10-20,149776521,15400,12534
2018-10-21,149820421.82,15400,12534
2018-10-22,149609016.025,15300,12511
2018-10-23,149316926.29000002,15020,12524
2018-10-24,149806717.01999998,14700,12515
2018-10-25,149339990.79,14600,12522
2018-10-26,149592143.72,14520,12527
2018-10-27,149691406.72,14520,12527
2018-10-28,149562948.72,14520,12527
2018-10-29,146282903,14420,12519
2018-10-30,146311554.72,14400,12530
2018-10-31,147174234.19,14400,12528
2018-11-01,148107024,14570,12527
2018-11-02,148150358.70000002,15020,12531
2018-11-03,147734124.74,15020,12531
2018-11-04,149864757.32,15020,12531
2018-11-05,149293250,15020,12536
2018-11-06,150417711,14880,12534
2018-11-07,151695028.68,14800,12540
2018-11-08,149387110.56,14850,12538
2018-11-09,147571262.55,14600,12537
2018-11-10,147863148.9,14600,12537
2018-11-11,148100292,14600,12537
2018-11-12,147455190.675,14600,12550
2018-11-13,145898956.06,14470,12550
2018-11-14,130705313.55,14360,12551
2018-11-15,130053031.68,14170,12566
2018-11-16,128473777.67999999,14410,12561
2018-11-17,128285690.19,14410,12561
2018-11-18,129586920,14410,12561
2018-11-19,110344985.25,14930,12569
2018-11-20,101497980.50999999,14700,12581
2018-11-21,106141953.83,14800,12585
2018-11-22,99585492.6,14810,12586
2018-11-23,100080277.5,14600,12588
2018-11-24,88193203.875,14600,12588
2018-11-25,91970920.125,14600,12588
2018-11-26,87092740.12,14710,12587
2018-11-27,88136812.5,14750,12590
2018-11-28,98595300.08,14780,12591
2018-11-29,99097344,14780,12603
2018-11-30,92710380,14720,12606
2018-12-01,96581318.17500001,14720,12606
2018-12-02,95676132.82499999,14720,12606
2018-12-03,89323684.47,15180,12607
2018-12-04,90850442.56,15500,12608
2018-12-05,86106994.925,15270,12626
2018-12-06,80108255.58,15140,12617
2018-12-07,78796483.125,15300,12632
2018-12-08,79285812.5,15300,12632
2018-12-09,82320633.75,15300,12632
2018-12-10,79476955.9,15200,12624
2018-12-11,78046786.72,15150,12622
2018-12-12,79933167.6,15350,12634
2018-12-13,76033687.5,15450,12625
2018-12-14,74421694.48,15340,12666
2018-12-15,74125704,15340,12666
2018-12-16,74405160,15340,12666
2018-12-17,81542345.58,14800,12655
2018-12-18,85528728.63,14570,12680
2018-12-19,85831943.08,14550,12677
2018-12-20,94965610.35000001,14530,12681
2018-12-21,89386753.51,14500,12690
2018-12-22,92679040.41,14500,12690
2018-12-23,91851777.655,14500,12690
2018-12-24,93907486,14400,12698
2018-12-25,87992730,14130,12690
2018-12-26,88627333.5,14100,12699
2018-12-27,83402119.425,14320,12693
2018-12-28,90183551.7,14310,12725
2018-12-29,86501345.45,14310,12725
2018-12-30,88813655,14310,12725
2018-12-31,85632692.7,14310,12725
2019-01-01,88746389.5,14310,12725
2019-01-02,90295508.925,14100,12741
2019-01-03,87881092.925,13930,12735
2019-01-04,88625979.75,13740,12743
2019-01-05,88124185.38,13740,12743
2019-01-06,93746927.00999999,13740,12743
2019-01-07,92935425.99000001,14000,12751
2019-01-08,92651561.21000001,14000,12747
2019-01-09,92889577.82,14000,12746
2019-01-10,84115105.64,14200,12757
2019-01-11,84344372.31,14170,12761
2019-01-12,83966692.59,14170,12761
2019-01-13,81526853.75999999,14170,12761
2019-01-14,85007375.905,14150,12761
2019-01-15,83087955.04,14250,12765
2019-01-16,83741662.29,14260,12772
2019-01-17,84457619.025,14040,12760
2019-01-18,83700316.075,14050,12773
2019-01-19,85435638.675,14050,12773
2019-01-20,82037839.905,14050,12773
2019-01-21,81931534.36,14390,12775
2019-01-22,82981730.455,14200,12788
2019-01-23,82422725.98,14280,12791
2019-01-24,82789397.08999999,14270,12792
2019-01-25,82622752.065,14200,12795
2019-01-26,82481265.61500001,14200,12795
2019-01-27,81900243.39,14200,12795
2019-01-28,79557690.25,14310,12782
2019-01-29,78809951.74,14500,12774
2019-01-30,79764910.2,14420,12784
2019-01-31,79143388.5,14260,12793
2019-02-01,79775781.25,14200,12817
2019-02-02,80493589.225,14200,12817
2019-02-03,79248506.85000001,14200,12817
2019-02-04,79127595.775,14200,12817
2019-02-05,79564593,14200,12817
2019-02-06,78148007.2,14200,12817
2019-02-07,77953992.5,14200,12817
2019-02-08,84057332.925,14200,12817
2019-02-09,84097713.975,14200,12817
2019-02-10,84680454.3,14200,12817
2019-02-11,83341231.5,14690,12796
2019-02-12,83275284.53999999,14800,12806
2019-02-13,82970034.3,14900,12805
2019-02-14,82633923,14950,12812
2019-02-15,82750237.885,14900,12841
2019-02-16,83116357.55499999,14900,12841
2019-02-17,84107293.62,14900,12841
2019-02-18,89714400,14940,12841
2019-02-19,90199887.995,15020,12861
2019-02-20,91380629.00999999,15150,12842
2019-02-21,90471695.665,15180,12862
2019-02-22,91494284.2,15400,12843
2019-02-23,95393100,15400,12843
2019-02-24,86671246.19999999,15400,12843
2019-02-25,88660847.42999999,15550,12854
2019-02-26,88151735.48,15370,12855
2019-02-27,88156012.045,15440,12865
2019-02-28,87977648,15000,12875
2019-03-01,88314562.51,15050,12884
2019-03-02,88396469.1,15050,12884
2019-03-03,87868136.78999999,15050,12884
2019-03-04,85858554.36,15390,12881
2019-03-05,89190643.41,15300,12892
2019-03-06,89365773.945,15300,12888
2019-03-07,89475845.9,15400,12931
2019-03-08,89158462.44,15220,12934
2019-03-09,90872441.5,15220,12934
2019-03-10,90499625.535,15220,12934
2019-03-11,89306801.47999999,15200,12934
2019-03-12,89546210,15300,12917
2019-03-13,89341738.49,15460,12912
2019-03-14,89407786.05,15480,12916
2019-03-15,90541057.2,15350,12917
2019-03-16,92564010,15350,12917
2019-03-17,92030664.99000001,15350,12917
2019-03-18,92131482,15410,12916
2019-03-19,92855727.64999999,15300,12924
2019-03-20,93579238.5,15240,12936
2019-03-21,92170018.38000001,15110,12927
2019-03-22,92429671.67,15400,12939
2019-03-23,92421551.145,15400,12939
2019-03-24,92098818.28,15400,12939
2019-03-25,90652742.235,14730,12942
2019-03-26,90971757.825,15000,12948
2019-03-27,93409456.205,14860,12954
2019-03-28,93063155.17,14890,12957
2019-03-29,94927796.04,14700,12953
2019-03-30,95000424.56,14700,12953
2019-03-31,95020147.96,14700,12953
2019-04-01,95984605.5,14940,12957
2019-04-02,113717423.105,14970,12961
2019-04-03,115442504,15000,12962
2019-04-04,113825661.50999999,14950,12964
2019-04-05,116943312,14980,12965
2019-04-06,117141904,14980,12965
2019-04-07,120519128,14980,12965
2019-04-08,122621885.23,15000,12970
2019-04-09,120335491.185,14900,12974
2019-04-10,123393715.28999999,14800,12977
2019-04-11,116940515.45,14810,12973
2019-04-12,117811468.90499999,14810,12993
2019-04-13,117533770.89,14810,12993
2019-04-14,119808481.86500001,14810,12993
2019-04-15,116693253.005,14810,12993
2019-04-16,120704678.55,14680,12999
2019-04-17,121258559.5,14750,12999
2019-04-18,122525849.71499999,14610,12992
2019-04-19,122802481.49999999,14650,13010
2019-04-20,123487946.62500001,14650,13010
2019-04-21,122971468.50000001,14650,13010
2019-04-22,125094684.4,14570,13011
2019-04-23,128456623.125,14520,13020
2019-04-24,126341871.35,14800,13021
2019-04-25,119230288.2,14630,13026
2019-04-26,120164987.9,14720,13024
2019-04-27,120423274.00000001,14720,13024
2019-04-28,120059950,14720,13024
2019-04-29,119902742.5,14720,13024
2019-04-30,122754370.1,14720,13024
2019-05-01,123929583.49999999,14720,13024
2019-05-02,125425532.7,14720,13039
2019-05-03,131548693.49999999,14900,13039
2019-05-04,134167157.525,14900,13039
2019-05-05,132908034.64999999,14900,13039
2019-05-06,132422843.85,14520,13043
2019-05-07,133910142.75,14500,13053
2019-05-08,138999470.67499998,14460,13053
2019-05-09,143982306,14460,13054
2019-05-10,148096461.15,14460,13052
2019-05-11,168567782.625,14460,13052
2019-05-12,162959946.6,14460,13052
2019-05-13,182547791.97,14500,13053
2019-05-14,186827709.6,14560,13051
2019-05-15,191342439,14770,13054
2019-05-16,183658557.6,14820,13056
2019-05-17,172251436.48,14770,13055
2019-05-18,169882060.79999998,14770,13055
2019-05-19,191814400,14770,13055
2019-05-20,187249232.55,14940,13063
2019-05-21,186002190.54999998,14980,13066
2019-05-22,178268970,14800,13068
2019-05-23,184351630.22,14840,13085
2019-05-24,187000243.2,14790,13087
2019-05-25,188696719.9,14790,13087
2019-05-26,204897101.70000002,14790,13087
2019-05-27,205422651,14750,13087
2019-05-28,203211981,14810,13087
2019-05-29,202716323.5,14700,13097
2019-05-30,193767009.4,14780,13095
2019-05-31,200181089.25,14550,13094
2019-06-01,200364409.125,14550,13094
2019-06-02,204652642.625,14550,13094
2019-06-03,187507151.445,14100,13099
2019-06-04,179905284,14390,13134
2019-06-05,181846663.82999998,14370,13134
2019-06-06,182827746.45,14210,13107
2019-06-07,186984809.32,14380,13110
2019-06-08,185732421.44,14380,13110
2019-06-09,178367360.64000002,14380,13110
2019-06-10,187997827.45,14320,13119
2019-06-11,184810788,14490,13120
2019-06-12,190501313.20000002,14300,13123
2019-06-13,192529920,14300,13129
2019-06-14,202874023.29999998,14500,13129
2019-06-15,206779135.55,14500,13129
2019-06-16,209943828.25000003,14500,13129
2019-06-17,218240074.49999997,14190,13132
2019-06-18,212124006.64,14050,13141
2019-06-19,216470152.835,14200,13142
2019-06-20,222342580,14400,13142
2019-06-21,236996245.2,14410,13148
2019-06-22,248231806.99999997,14410,13148
2019-06-23,251730663.70000002,14410,13148
2019-06-24,257133338.73000002,14450,13150
2019-06-25,273436656.03,14420,13153
2019-06-26,300693228.6,14340,13156
2019-06-27,259435331,14220,13189
2019-06-28,287064697.65,14210,13190
2019-06-29,277649477.65,14210,13190
2019-06-30,251198535.7,14210,13190
2019-07-01,245872621.20000002,14550,13193
2019-07-02,252967632.4,14550,13196
2019-07-03,279525682.5,14350,13205
2019-07-04,258794587.50000003,14590,13211
2019-07-05,256509699.875,14600,13221
2019-07-06,259976502.49999997,14600,13221
2019-07-07,266740938.75,14600,13221
2019-07-08,285892663.41499996,14510,13228
2019-07-09,291756255.79999995,14420,13232
2019-07-10,280570278.59999996,14560,13232
2019-07-11,262743949.87500003,14600,13234
2019-07-12,274097227.95,14550,13235
2019-07-13,264724960.5,14550,13235
2019-07-14,236467303.8,14550,13235
2019-07-15,251865275.33999997,14480,13246
2019-07-16,218924636,14560,13232
2019-07-17,225262631.37499997,14570,13238
2019-07-18,247349068,14490,13237
2019-07-19,245210285.88000003,14570,13251
2019-07-20,250019625.24,14570,13251
2019-07-21,247197904.38000003,14570,13251
2019-07-22,239191303.67999998,14590,13258
2019-07-23,228228339.9,14680,13268
2019-07-24,226326280.4,14730,13263
2019-07-25,229330350.7,14790,13273
2019-07-26,228446654.54,14750,13275
2019-07-27,219787836.58,14750,13275
2019-07-28,221662861.55,14750,13275
2019-07-29,220572057.2,14730,13280
2019-07-30,222303900,14640,13281
2019-07-31,234625017.5,14710,13285
2019-08-01,241732054.2,14680,13288
2019-08-02,244577885.4,14660,13290
2019-08-03,251257815,14660,13290
2019-08-04,255369380.4,14660,13290
2019-08-05,273995732.65999997,14500,13293
2019-08-06,266039060.4,14300,13297
2019-08-07,278926542.56,14370,13298
2019-08-08,279115495.25,14500,13306
2019-08-09,275884245,14560,13342
2019-08-10,261841043.1,14560,13342
2019-08-11,267598899.75000003,14560,13342
2019-08-12,264170134.92999998,14620,13351
2019-08-13,251920017.27,14580,13356
2019-08-14,234494414.70000002,14620,13354
2019-08-15,238610800.64,14720,13359
2019-08-16,240681281.96,14860,13365
2019-08-17,237188804.44000003,14860,13365
2019-08-18,239293436.48000002,14860,13365
2019-08-19,253773158.02,14850,13369
2019-08-20,249930051.96,14850,13370
2019-08-21,235211006.625,14940,13372
2019-08-22,234112692.45,14970,13375
2019-08-23,241617816.99,14950,13369
2019-08-24,235609044,14950,13369
2019-08-25,235435051.5,14950,13369
2019-08-26,240660626.25,14850,13385
2019-08-27,235922286.6,14700,13378
2019-08-28,225353643.85,14700,13380
2019-08-29,220980000,14730,13385
2019-08-30,222135791.6,14880,13391
2019-08-31,222445324.70000002,14880,13391
2019-09-01,226518873.04,14880,13391
2019-09-02,241251489.29999998,14880,13391
2019-09-03,246569643.54,14780,13424
2019-09-04,245582251.165,14750,13417
2019-09-05,245307202.595,14730,13433
2019-09-06,239385841.2,14750,13431
2019-09-07,243238499.13000003,14750,13431
2019-09-08,241157548.83,14750,13431
2019-09-09,239202542.01,14700,13440
2019-09-10,234083186.995,14690,13444
2019-09-11,235932168,14700,13407
2019-09-12,242221086.925,14810,13447
2019-09-13,240938176.325,14900,13409
2019-09-14,240434341.50000003,14900,13409
2019-09-15,239191579.875,14900,13409
2019-09-16,238430570.63000003,15060,13426
2019-09-17,236565154.20999998,15120,13431
2019-09-18,235718817.49,15150,13427
2019-09-19,239198267.28,15210,13436
2019-09-20,235958650.20000002,15260,13433
2019-09-21,231641359.95,15260,13433
2019-09-22,232862175,15260,13433
2019-09-23,224695299.67,15220,13475
2019-09-24,198551958.15,15160,13469
2019-09-25,196002656.85,15160,13477
2019-09-26,187069663,15200,13442
2019-09-27,190141305.89999998,15400,13432
2019-09-28,190935845.1,15400,13432
2019-09-29,187103307.3,15400,13432
2019-09-30,192687553.14,15460,13438
2019-10-01,193116061.145,15500,13478
2019-10-02,194829180,15280,13481
2019-10-03,191209361.875,15400,13482
2019-10-04,189313431.71,15220,13485
2019-10-05,189157520.99,15220,13485
2019-10-06,182421806.67,15220,13485
2019-10-07,190824048.82,15300,13499
2019-10-08,189936229.36499998,15200,13495
2019-10-09,199743600,15230,13496
2019-10-10,199273621.01,15230,13495
2019-10-11,191757766.2,15300,13463
2019-10-12,192696640.5,15300,13463
2019-10-13,192137632.05,15300,13463
2019-10-14,194063415,15500,13453
2019-10-15,189243498.78,15400,13456
2019-10-16,185461579,15400,13490
2019-10-17,187442939,15290,13494
2019-10-18,184568328.64,15300,13496
2019-10-19,184826125.08,15300,13496
2019-10-20,191095149.76000002,15300,13496
2019-10-21,190639865.35,15260,13503
2019-10-22,185806548.1,15230,13505
2019-10-23,173431921.23,15300,13507
2019-10-24,172621285.16,15350,13540
2019-10-25,201956872.425,15400,13524
2019-10-26,215330104.63500002,15400,13524
2019-10-27,222042241.29,15400,13524
2019-10-28,213967915.92,15450,13532
2019-10-29,218833757.81,15410,13535
2019-10-30,212887039.77,15500,13537
2019-10-31,212232040.25,15380,13540
2019-11-01,215036136,15500,13542
2019-11-02,216242640,15500,13542
2019-11-03,213806662.02,15500,13542
2019-11-04,218404800,15620,13550
2019-11-05,216103110.505,15670,13552
2019-11-06,216755480.44500002,15720,13554
2019-11-07,213359073.64499998,15730,13575
2019-11-08,203192849.31,15700,13542
2019-11-09,204113617.61999997,15700,13542
2019-11-10,209645187.18,15700,13542
2019-11-11,202335593.22,15670,13585
2019-11-12,204704268.17499998,15650,13586
2019-11-13,203375300.41500002,15500,13591
2019-11-14,200224862.01,15450,13594
2019-11-15,196314300,15430,13575
2019-11-16,196964040,15430,13575
2019-11-17,197242732.05,15430,13575
2019-11-18,189377900.38,15330,13575
2019-11-19,188474137.04,15400,13578
2019-11-20,187520630.52,15300,13605
2019-11-21,176717138.20000002,15000,13607
2019-11-22,169248454.2,14870,13610
2019-11-23,170233588.32,14870,13610
2019-11-24,160197375,14870,13610
2019-11-25,165296437.5,14910,13618
2019-11-26,165928027.5,14980,13620
2019-11-27,174932928.5,14900,13621
2019-11-28,171993879.57500002,14740,13628
2019-11-29,179674902.2,14750,13618
2019-11-30,175048406,14750,13618
2019-12-01,171852811.20000002,14750,13618
2019-12-02,169538183.385,14650,13625
2019-12-03,169055616,14500,13628
2019-12-04,166507620.825,14750,13631
2019-12-05,171182560,14640,13642
2019-12-06,175239514.9,14670,13645
2019-12-07,173882240.5,14670,13645
2019-12-08,174294800,14670,13645
2019-12-09,169909426.33499998,14660,13651
2019-12-10,167194752.98999998,14520,13655
2019-12-11,168612977.505,14800,13658
2019-12-12,166689382.29999998,14730,13661
2019-12-13,167994119.5,14800,13635
2019-12-14,163598011.70000002,14800,13635
2019-12-15,164790314,14800,13635
2019-12-16,159392594.6,14560,13668
2019-12-17,153399755.74,14480,13674
2019-12-18,169381546.88,14350,13678
2019-12-19,165757948.29999998,14300,13678
2019-12-20,166632427.12,14360,13695
2019-12-21,165546399.76,14360,13695
2019-12-22,174978800,14360,13695
2019-12-23,169595162.41,14440,13702
2019-12-24,168265636.925,14500,13706
2019-12-25,166731368.24,14500,13708
2019-12-26,166744125,14500,13713
2019-12-27,167935594.20000002,14610,13713
2019-12-28,169241336.4,14610,13713
2019-12-29,170975297.16,14610,13713
2019-12-30,166633447.5,14660,13733
2019-12-31,165868986.725,14760,13764
2020-01-01,166246930.2,14760,13764
2020-01-02,160908936.69,14780,13767
2020-01-03,169979132.88,14700,13769
2020-01-04,170395302,14700,13769
2020-01-05,170283844.67999998,14700,13769
2020-01-06,180165945.95999998,14600,13777
2020-01-07,189346761.2,14580,13780
2020-01-08,186221014.08,14430,13790
2020-01-09,181076537.72,14600,13789
2020-01-10,189678018.53,14720,13798
2020-01-11,185482981.53,14720,13798
2020-01-12,189881280.82,14720,13798
2020-01-13,187932333.88,14700,13800
2020-01-14,202956403.68,14740,13814
2020-01-15,204678355.5,14730,13814
2020-01-16,202227141.83999997,14850,13817
2020-01-17,205688020.94,14910,13808
2020-01-18,206271774,14910,13808
2020-01-19,201855041.34,14910,13808
2020-01-20,200042133.9,14920,13784
2020-01-21,202282830,15800,13788
2020-01-22,200772382.5,15100,13796
2020-01-23,194322410.415,15100,13796
2020-01-24,195210535.67999998,15100,13796
2020-01-25,192408758.82000002,15100,13796
2020-01-26,200029072.86,15100,13796
2020-01-27,206292522.42,15100,13796
2020-01-28,218211427.61999997,15100,13796
2020-01-29,214790535,15100,13796
2020-01-30,220090360.63000003,14600,13819
2020-01-31,216978991.44000003,14150,13822
2020-02-01,217717018.38,14150,13822
2020-02-02,216300415.38,14150,13822
2020-02-03,215906065.4,13970,13827
2020-02-04,212845166.79999998,14040,13828
2020-02-05,223465900.24,14000,13832
2020-02-06,226785123.11999997,14350,13835
2020-02-07,227794197.85,14400,13864
2020-02-08,230260327.725,14400,13864
2020-02-09,236386273.325,14400,13864
2020-02-10,229230451.75,14250,13870
2020-02-11,238932667.575,14260,13874
2020-02-12,240549952.55,14460,13882
2020-02-13,237967606.79999998,14680,13841
2020-02-14,241293480,14430,13846
2020-02-15,230166549.64000002,14430,13846
2020-02-16,230485019.84000003,14430,13846
2020-02-17,225603742.525,14390,13852
2020-02-18,236886362.685,14350,13855
2020-02-19,222792291.12000003,14310,13854
2020-02-20,223313536.87499997,14400,13858
2020-02-21,225392451.935,14430,13894
2020-02-22,224724201.31,14430,13894
2020-02-23,231601952.96,14430,13894
2020-02-24,224768357.88,14110,13933
2020-02-25,216443803.71,14090,13905
2020-02-26,203963248.41,14050,13908
2020-02-27,204913565.46499997,14120,13905
2020-02-28,202502551.56,13860,13937
2020-02-29,198758891.28,13860,13937
2020-03-01,197323062.29999998,13860,13937
2020-03-02,207391528.32000002,13990,13919
2020-03-03,203622967.73,14080,13918
2020-03-04,203409355,13870,13920
2020-03-05,210155761.5,13950,13924
2020-03-06,212649858.35,13810,13921
2020-03-07,206214418.6,13810,13921
2020-03-08,187238110,13810,13921
2020-03-09,184114152.70499998,13020,13923
2020-03-10,182781456.75,13000,13934
2020-03-11,184392002.97,12550,13939
2020-03-12,115518570,11800,13950
2020-03-13,129813784.47000001,12000,13954
2020-03-14,120293792.82,12000,13954
2020-03-15,123647782.32,12000,13954
2020-03-16,117853369.2,11530,13960
2020-03-17,124602173.03000002,11630,13960
2020-03-18,126350088.93,11510,13967
2020-03-19,145560205.98,11150,13969
2020-03-20,145813284,11240,13970
2020-03-21,144718171.20000002,11240,13970
2020-03-22,135873047.39999998,11240,13970
2020-03-23,155005682.1,10500,13978
2020-03-24,159031878.375,10400,13981
2020-03-25,159400552.15,10850,13984
2020-03-26,160060947,10700,13988
2020-03-27,149305066.35,10670,13989
2020-03-28,148108586.72500002,10670,13989
2020-03-29,139314874.875,10670,13989
2020-03-30,151341789.55,10100,14001
2020-03-31,151969018.41,10750,14034
2020-04-01,158544007.05,10380,14040
2020-04-02,160206274.8,10380,14000
2020-04-03,158545084.35,10710,14047
2020-04-04,162518379,10710,14047
2020-04-05,159764808.75,10710,14047
2020-04-06,171655641.5,11220,14023
2020-04-07,168983423.9,11500,14020
2020-04-08,173053112.25,11550,14024
2020-04-09,171344973.41,11680,14006
2020-04-10,161543906.25,11500,14039
2020-04-11,161517890.625,11500,14039
2020-04-12,160803984.375,11500,14009
2020-04-13,161008143,11800,14016
2020-04-14,161165911.28,11820,14020
2020-04-15,154175696.3,12100,14023
2020-04-16,167041150.5,11950,14026
2020-04-17,165268528.5,12250,14029
2020-04-18,170335590.25,12250,14029
2020-04-19,166910386.75,12250,14029
2020-04-20,160230599.07,12300,14035
2020-04-21,160590545,11820,14034
2020-04-22,167740885.2,11910,14035
2020-04-23,175653203.16,11950,14038
2020-04-24,176669186.4,12050,14039
2020-04-25,177164071.89999998,12050,14039
2020-04-26,182573722.9,12050,14039
2020-04-27,182327374.5,12130,14037
2020-04-28,182270573.55,11940,14041
2020-04-29,205919823.9,12000,14062
2020-04-30,202714736.7,12000,14062
2020-05-01,206500863.1,12000,14062
2020-05-02,210673568,12000,14062
2020-05-03,208931153.26999998,12000,14062
2020-05-04,208676199.34000003,11900,14066
2020-05-05,211680775.18,11860,14073
2020-05-06,213918155.88,12180,14077
2020-05-07,234452111.89999998,12350,14091
2020-05-08,228880892.05499998,12700,14094
2020-05-09,223379463.435,12700,14094
2020-05-10,205120387.36499998,12700,14094
2020-05-11,199596376.56500003,12950,14101
2020-05-12,205561281.89999998,13100,14103
2020-05-13,217968524.4,13040,14099
2020-05-14,229430767.49999997,12950,14102
2020-05-15,217953036.85,12930,14103
2020-05-16,218468770.45000002,12930,14103
2020-05-17,226575457.975,12930,14103
2020-05-18,227168254.795,13070,14109
2020-05-19,227965103,13400,14113
2020-05-20,221036619.6,13450,14106
2020-05-21,210408115.8,13700,14100
2020-05-22,213456475.48499998,13420,14103
2020-05-23,213288702.39000002,13420,14103
2020-05-24,201831265.98,13420,14103
2020-05-25,207308288.07,13400,14099
2020-05-26,206223701.49,13580,14102
2020-05-27,214603800,13460,14115
2020-05-28,223629613.2,13430,14115
2020-05-29,219471673.90500003,13470,14118
2020-05-30,225472014.9,13470,14118
2020-05-31,219679577.7,13470,14118
2020-06-01,237591020.7,13690,14127
2020-06-02,221154198.275,13620,14128
2020-06-03,225005649.54,13630,14131
2020-06-04,227991895.83499998,13700,14131
2020-06-05,222573777.00000003,13750,14132
2020-06-06,224816273.60000002,13750,14132
2020-06-07,227110640,13750,14132
2020-06-08,228712859.55,14000,14138
2020-06-09,226936859.5,13960,14142
2020-06-10,229660976,14140,14146
2020-06-11,214954608.55,13650,14150
2020-06-12,219695331.39000002,13550,14151
2020-06-13,219936684.19,13550,14151
2020-06-14,216189681.96999997,13550,14151
2020-06-15,219156073.67499998,13000,14159
2020-06-16,221350381.99999997,13290,14164
2020-06-17,219460644.675,13400,14162
2020-06-18,217462865.95,13350,14161
2020-06-19,215610238.8,13500,14164
2020-06-20,217381228.2,13500,14164
2020-06-21,215474169.6,13500,14164
2020-06-22,225182373.375,13550,14173
2020-06-23,223405500.35999998,13540,14176
2020-06-24,215437540.5,13400,14178
2020-06-25,214284983.56,13340,14180
2020-06-26,212548233.42,13350,14190
2020-06-27,208927781.64,13350,14190
2020-06-28,211743740.16,13350,14190
2020-06-29,213236955.52499998,12820,14196
2020-06-30,211853916.08499998,13300,14202
2020-07-01,214383844.36,13300,14204
2020-07-02,210881393.62000003,13180,14203
2020-07-03,209970210.04999998,13290,14206
2020-07-04,212015842.22,13290,14206
2020-07-05,210862752.52,13290,14206
2020-07-06,216518537.22500002,13500,14216
2020-07-07,214914592,13480,14222
2020-07-08,218811635.89000002,13440,14225
2020-07-09,214013294.04,13700,14238
2020-07-10,215540646.96,13690,14228
2020-07-11,214076535,13690,14228
2020-07-12,215902502.37,13690,14228
2020-07-13,213954645.2,13500,14235
2020-07-14,214626837.88,13500,14240
2020-07-15,213165519.84,13700,14241
2020-07-16,211700148.35,13600,14245
2020-07-17,212152298.79999998,13600,14246
2020-07-18,212777323.20000002,13600,14246
2020-07-19,213869898.32,13600,14246
2020-07-20,212437443.57,13470,14255
2020-07-21,217828441.975,13500,14285
2020-07-22,221331197.35,13400,14264
2020-07-23,222816931.04999998,13280,14267
2020-07-24,221448043.79999998,13000,14270
2020-07-25,225055083.60000002,13000,14270
2020-07-26,230515364.4,13000,14270
2020-07-27,257510301.86,12250,14274
2020-07-28,253887063,12600,14310
2020-07-29,257307040.2,12380,14309
2020-07-30,258189701.425,12460,14278
2020-07-31,263620576.8,12400,14280
2020-08-01,273658907.59999996,12400,14280
2020-08-02,256139695.4,12400,14280
2020-08-03,260409410.60000002,12620,14286
2020-08-04,259531374.06000003,12900,14294
2020-08-05,272018648.25,13070,14296
2020-08-06,272679651.88,13440,14298
2020-08-07,268782700.08,13200,14303
2020-08-08,272981184.21999997,13200,14303
2020-08-09,270956327.48,13200,14303
2020-08-10,275634722.3,13290,14290
2020-08-11,263882569.74,13130,14289
2020-08-12,267976233,13300,14299
2020-08-13,274032318.26,13320,14313
2020-08-14,273112310.46000004,13300,14343
2020-08-15,274710852.98,13300,14343
2020-08-16,276326776,13300,14343
2020-08-17,285621867.40000004,13270,14352
2020-08-18,277706092.48,13280,14354
2020-08-19,272637475.2,13300,14356
2020-08-20,274756505.76,13250,14357
2020-08-21,267122466,13310,14361
2020-08-22,270586201.5,13310,14361
2020-08-23,269989445.25,13310,14361
2020-08-24,272615754.18,13580,14367
2020-08-25,262397006.20000002,13780,14389
2020-08-26,265574271.74,13680,14377
2020-08-27,262833251.01999998,13750,14396
2020-08-28,267427960,13850,14382
2020-08-29,265772409.44,13850,14382
2020-08-30,271714918.26,13850,14382
2020-08-31,270346261.82,13790,14409
2020-09-01,276042662.76,13980,14412
2020-09-02,263954640.88000003,13980,14412
2020-09-03,236973152.68,14120,14414
2020-09-04,237014055.95999998,14090,14412
2020-09-05,235325538.66,14090,14412
2020-09-06,237695025.60000002,14090,14412
2020-09-07,240774383.9,14000,14435
2020-09-08,234615514.95999998,13970,14422
2020-09-09,237196125,13800,14423
2020-09-10,239741526.37500003,13830,14428
2020-09-11,241009368.26,13870,14382
2020-09-12,242029487.74,13870,14382
2020-09-13,239532952.72000003,13870,14382
2020-09-14,247493472.75,13950,14414
2020-09-15,250053614.99999997,13970,14413
2020-09-16,253877441.64,14000,14424
2020-09-17,253661221.1,14000,14436
2020-09-18,253530774.00000003,14200,14401
2020-09-19,256615396.1,14200,14401
2020-09-20,252821540.3,14200,14401
2020-09-21,241650351.3,14280,14411
2020-09-22,244030864.77,14300,14407
2020-09-23,237185100.35000002,14380,14415
2020-09-24,249019344,14300,14422
2020-09-25,247988320.29999998,14300,14421
2020-09-26,248844763.92999998,14300,14421
2020-09-27,250281446.38,14300,14421
2020-09-28,247671259.88,14490,14427
2020-09-29,251516421,14530,14422
2020-09-30,249966286.44,14520,14426
2020-10-01,245761264.32,14550,14437
2020-10-02,245312542.72,14500,14459
2020-10-03,244553965.10999998,14500,14459
2020-10-04,247270790.76000002,14500,14459
2020-10-05,250592400,14540,14430
2020-10-06,245837250.75,14610,14445
2020-10-07,247625892.14999998,14660,14436
2020-10-08,253401331.60999998,14600,14446
2020-10-09,256354573.99999997,14630,14450
2020-10-10,262016520.79999998,14630,14450
2020-10-11,263567031.00000003,14630,14450
2020-10-12,267354289.74,14700,14466
2020-10-13,265014161.72,14700,14437
2020-10-14,264817712.25000003,14950,14461
2020-10-15,266669322.5,15070,14447
2020-10-16,262557222.75,15100,14471
2020-10-17,263406122.99999997,15100,14471
2020-10-18,266896278,15100,14471
2020-10-19,272655960.75,15140,14484
2020-10-20,276232023.86,15300,14483
2020-10-21,297508547.49,15300,14486
2020-10-22,300755415.52,15450,14486
2020-10-23,299967663.28000003,15620,14492
2020-10-24,304089283.12,15620,14492
2020-10-25,302454216.32,15620,14492
2020-10-26,302965616.25,15740,14508
2020-10-27,317455321.5,15410,14511
2020-10-28,307777280,14800,14503
2020-10-29,311868200,14790,14500
2020-10-30,314853244.59999996,14900,14511
2020-10-31,318609563.6,14900,14511
2020-11-01,319525173.6,14900,14511
2020-11-02,314602975.61,14960,14504
2020-11-03,325636473.84,15180,14514
2020-11-04,328172160,15230,14524
2020-11-05,362378205,15200,14530
2020-11-06,361460544.08,15200,14530
2020-11-07,343343633.12,15200,14530
2020-11-08,358947106.88,15200,14530
2020-11-09,355297352.90000004,15330,14526
2020-11-10,355132018.25,15500,14542
2020-11-11,364399296.75,15360,14550
2020-11-12,378209511,15410,14558
2020-11-13,378669998.25,15700,14547
2020-11-14,372962227.5,15700,14547
2020-11-15,369563382,15700,14547
2020-11-16,387360391.50000006,15350,14564
2020-11-17,409079426.70000005,15520,14562
2020-11-18,412313311.2,15700,14552
2020-11-19,412635701.44,15820,14547
2020-11-20,433457715.12,15950,14571
2020-11-21,433626204.64,15950,14571
2020-11-22,428234076.48,15950,14571
2020-11-23,426253074.16999996,15950,14576
2020-11-24,444153555.57,16050,14585
2020-11-25,433234434.00000006,16180,14567
2020-11-26,397795372,16200,14602
2020-11-27,397355888.40000004,16239.999999999998,14610
2020-11-28,410355828,16239.999999999998,14610
2020-11-29,422404123.2,16239.999999999998,14610
2020-11-30,456482780,16270,14621
2020-12-01,433977522.15,16320,14618
2020-12-02,445131713.69,16450,14630
2020-12-03,449320368.75,16650,14598
2020-12-04,432353361.59999996,16600,14593
2020-12-05,443097246.59999996,16600,14593
2020-12-06,448654460.40000004,16600,14593
2020-12-07,444105005.76000005,16670,14617
2020-12-08,423514385.28,16630,14599
2020-12-09,429024631.28,16920,14607
2020-12-10,422937110.4,16720,14604
2020-12-11,417417381.91999996,16920,14611
2020-12-12,435416054.08000004,16920,14611
2020-12-13,442508949.12,16920,14611
2020-12-14,446064232.18,17110,14630
2020-12-15,449831688.84,17000,14617
2020-12-16,494540953.38,17300,14621
2020-12-17,527837460.8,17100,14630
2020-12-18,535765968.23999995,17590,14623
2020-12-19,550695978.84,17590,14623
2020-12-20,542296648.32,17590,14623
2020-12-21,526610251.2,17700,14635
2020-12-22,551347448.73,17690,14634
2020-12-23,536536664.09999996,17600,14636
2020-12-24,548987731.25,17500,14639
2020-12-25,572153394.5999999,17800,14621
2020-12-26,613386783,17800,14621
2020-12-27,608782987.8000001,17800,14621
2020-12-28,625395737.5,17710,14644
2020-12-29,633669492,17790,14648
2020-12-30,668041121.28,17730,14651
2020-12-31,669942467.6,18000,14657
2021-01-01,678346357.2,18000,14657
2021-01-02,744208368.4,18000,14657
2021-01-03,764735028,18000,14657
2021-01-04,741177041.7,18330,14657
2021-01-05,787748788.4000001,18510,14670
2021-01-06,853863812.9,18700,14670
2021-01-07,913274694.42,18980,14668
2021-01-08,938018563.52,19220,14673
2021-01-09,930627755.8000001,19220,14673
2021-01-10,882090433.3199999,19220,14673
2021-01-11,817682845.5,18920,14691
2021-01-12,783481837.95,19800,14674
2021-01-13,865376502.2400001,19590,14686
2021-01-14,903442711.6800001,19580,14705
2021-01-15,850369415.35,19800,14705
2021-01-16,827329325.5500001,19800,14705
2021-01-17,828751974.75,19800,14705
2021-01-18,848154161.9300001,19690,14708
2021-01-19,822941129.0699999,18700,14701
2021-01-20,820681191.6800001,18850,14713
2021-01-21,706725815.5999999,18900,14717
2021-01-22,758668715.7,19480,14706
2021-01-23,738732083.1,19480,14706
2021-01-24,744007730.6999999,19480,14706
2021-01-25,737435740,19360,14712
2021-01-26,751583867.58,18700,14718
2021-01-27,704805472.14,18350,14721
2021-01-28,772126003.2,17070,14735
2021-01-29,791241066.72,17500,14730
2021-01-30,788915754,17500,14730
2021-01-31,762337722.3199999,17500,14730
2021-02-01,771030392,17730,14722
2021-02-02,817713408.89,17500,14729
2021-02-03,869451818.2,18850,14737
2021-02-04,853186073.0500001,18750,14750
2021-02-05,882667780,19490,14745
2021-02-06,896896959.9999999,19490,14745
2021-02-07,894441020,19490,14745
2021-02-08,1072111886.8000001,18690,14757
2021-02-09,1072161074.4000001,18350,14755
2021-02-10,1032856542.9,18350,14755
2021-02-11,1107264210,18350,14755
2021-02-12,1093531381.8,18350,14755
2021-02-13,1087780032.3000002,18350,14755
2021-02-14,1120662012.6000001,18350,14755
2021-02-15,1102452128.7,18350,14755
2021-02-16,1133408862.3000002,18350,14755
2021-02-17,1202729018.3999999,19580,14772
2021-02-18,1188590342.4,19790,14776
2021-02-19,1289687261.18,19890,14782
2021-02-20,1288088430.9,19890,14782
2021-02-21,1324420502.46,19890,14782
2021-02-22,1246080196.6000001,19810,14783
2021-02-23,1127582832.75,19900,14788
2021-02-24,1146165569.8,19550,14790
2021-02-25,1080510983.25,19720,14796
2021-02-26,1066979312.55,19700,14804
2021-02-27,1058081483.4,19700,14804
2021-02-28,1043782954.35,19700,14804
2021-03-01,1142993413.8,20030,14804
2021-03-02,1113533160.84,20030,14794
2021-03-03,1154790703.3999999,20060,14805
2021-03-04,1112448190.41,20100,14812
2021-03-05,1126500036.97,19740,14809
2021-03-06,1128314116.05,19740,14809
2021-03-07,1171420145.22,19740,14809
2021-03-08,1208181384.75,19660,14819
2021-03-09,1268299769.3999999,19650,14835
2021-03-10,1291978616.04,19720,14836
2021-03-11,1334906922.02,20000,14834
2021-03-12,1318167088.95,19920,14838
2021-03-13,1409357222.1000001,19920,14838
2021-03-14,1364694153.9,19920,14838
2021-03-15,1279384215.39,20000,14840
2021-03-16,1318594334.6399999,19990,14825
2021-03-17,1364753245.3500001,19980,14840
2021-03-18,1327678139.9,20280,14838
2021-03-19,1338263764.17,20200,14843
2021-03-20,1339410953.73,20200,14843
2021-03-21,1324437038.19,20200,14843
2021-03-22,1251416325.96,20160,14844
2021-03-23,1251981446.7,19950,14848
2021-03-24,1206960522,19700,14865
2021-03-25,1186199040.8,19600,14870
2021-03-26,1276870915.24,19650,14868
2021-03-27,1291138443.1200001,19650,14868
2021-03-28,1288585583.56,19650,14868
2021-03-29,1329540710.4,19890,14875
2021-03-30,1356516000,20000,14881
2021-03-31,1357621320.54,20100,14881
